{
  "features": [
    {
      "geometry": {
        "coordinates": [
          [
            [
              -94.54699687879881,
              39.099205159232724
            ],
            [
              -94.54665991622863,
              39.099192687305184
            ],
            [
              -94.54664324577371,
              39.09951737046548
            ],
            [
              -94.54698238316747,
              39.09952922435711
            ],
            [
              -94.54699687879881,
              39.099205159232724
            ]
          ]
        ],
        "type": "Polygon"
      },
      "properties": {
        "address": "3005 Peery Ave Kansas City MO 64127",
        "case_number": "CPDR-2021-00063",
        "category": "Complete Building or Structure Demolition - Residential",
        "date": "2021-05-03T15:18:08.5",
        "detail_url": "https://compasskc.kcmo.org/EnerGov_Prod/SelfService#/permit/56798889-06b3-462f-9a6e-8fe02b160473",
        "external_id": "56798889-06b3-462f-9a6e-8fe02b160473",
        "geometry_source": "KCMO parcels",
        "has_parcel_polygon": true,
        "match_method": "parcel_id",
        "match_status": "matched",
        "parcel_address": "3005 Peery Ave",
        "parcel_id": "10894",
        "record_id": "case:56798889-06b3-462f-9a6e-8fe02b160473",
        "record_type": "Complete Building or Structure Demolition - Residential",
        "status": "Closed",
        "year": "2021"
      },
      "type": "Feature"
    },
    {
      "geometry": {
        "coordinates": [
          [
            [
              -94.59974718543194,
              38.936734400485655
            ],
            [
              -94.60012082075879,
              38.9367485799424
            ],
            [
              -94.6002155604025,
              38.93674833161198
            ],
            [
              -94.6003099145268,
              38.93674165788681
            ],
            [
              -94.60040316979492,
              38.93672860914828
            ],
            [
              -94.60049462172982,
              38.9367092849672
            ],
            [
              -94.60058357910407,
              38.93668383009574
            ],
            [
              -94.60066936980411,
              38.93665243732233
            ],
            [
              -94.60075134595391,
              38.93661534460684
            ],
            [
              -94.60082888683957,
              38.93657283107355
            ],
            [
              -94.60090140770137,
              38.9365252187193
            ],
            [
              -94.60096835972678,
              38.93647286726495
            ],
            [
              -94.60102923737249,
              38.93641617243241
            ],
            [
              -94.60108358055666,
              38.93635556251038
            ],
            [
              -94.60113097904937,
              38.93629149548986
            ],
            [
              -94.60117107393137,
              38.936224455058365
            ],
            [
              -94.60120356271818,
              38.93615494887908
            ],
            [
              -94.6010243667016,
              38.9361549141845
            ],
            [
              -94.60086635424989,
              38.93603167754959
            ],
            [
              -94.60071350535095,
              38.936143157518075
            ],
            [
              -94.60035495213101,
              38.93614352752546
            ],
            [
              -94.599799675856,
              38.93571098523703
            ],
            [
              -94.59974718543194,
              38.936734400485655
            ]
          ]
        ],
        "type": "Polygon"
      },
      "properties": {
        "address": "521 Carondelet Dr Kansas City MO 64114",
        "case_number": "CPDC-2021-00070",
        "category": "Pre-Demolition Inspection - Commercial",
        "date": "2021-05-03T15:19:08.75",
        "detail_url": "https://compasskc.kcmo.org/EnerGov_Prod/SelfService#/permit/a3ff202d-b314-4217-a97c-df184041514f",
        "external_id": "a3ff202d-b314-4217-a97c-df184041514f",
        "geometry_source": "KCMO parcels",
        "has_parcel_polygon": true,
        "match_method": "parcel_id",
        "match_status": "matched",
        "parcel_address": "521 Carondelet Dr",
        "parcel_id": "282684",
        "record_id": "case:a3ff202d-b314-4217-a97c-df184041514f",
        "record_type": "Pre-Demolition Inspection - Commercial",
        "status": "Issued",
        "year": "2021"
      },
      "type": "Feature"
    },
    {
      "geometry": {
        "coordinates": [
          [
            [
              -94.5035344635773,
              39.100240135793975
            ],
            [
              -94.5030724112945,
              39.10022623742132
            ],
            [
              -94.50306663181865,
              39.10034965603095
            ],
            [
              -94.50352871353762,
              39.100363577878
            ],
            [
              -94.5035344635773,
              39.100240135793975
            ]
          ]
        ],
        "type": "Polygon"
      },
      "properties": {
        "address": "916 Ewing Ave Kansas City MO 64126",
        "case_number": "CPDR-2021-00064",
        "category": "Complete Building or Structure Demolition - Residential",
        "date": "2021-05-04T09:54:45.77",
        "detail_url": "https://compasskc.kcmo.org/EnerGov_Prod/SelfService#/permit/1a7dcb12-913c-4c5e-baa8-c24cb62ce110",
        "external_id": "1a7dcb12-913c-4c5e-baa8-c24cb62ce110",
        "geometry_source": "KCMO parcels",
        "has_parcel_polygon": true,
        "match_method": "parcel_id",
        "match_status": "matched",
        "parcel_address": "916 Ewing Ave",
        "parcel_id": "5298",
        "record_id": "case:1a7dcb12-913c-4c5e-baa8-c24cb62ce110",
        "record_type": "Complete Building or Structure Demolition - Residential",
        "status": "Closed",
        "year": "2021"
      },
      "type": "Feature"
    },
    {
      "geometry": {
        "coordinates": [
          [
            [
              -94.57248939701881,
              39.02795053988073
            ],
            [
              -94.57200785279795,
              39.02793470703432
            ],
            [
              -94.57200118863159,
              39.02804451579602
            ],
            [
              -94.5724827620578,
              39.02806021193744
            ],
            [
              -94.57248939701881,
              39.02795053988073
            ]
          ]
        ],
        "type": "Polygon"
      },
      "properties": {
        "address": "5427 Forest Ave Kansas City MO 64110",
        "case_number": "CPDR-2021-00065",
        "category": "Complete Building or Structure Demolition - Residential",
        "date": "2021-05-05T13:35:08.303",
        "detail_url": "https://compasskc.kcmo.org/EnerGov_Prod/SelfService#/permit/678a9e32-8bff-4524-974d-fce611b8f6d7",
        "external_id": "678a9e32-8bff-4524-974d-fce611b8f6d7",
        "geometry_source": "KCMO parcels",
        "has_parcel_polygon": true,
        "match_method": "parcel_id",
        "match_status": "matched",
        "parcel_address": "5427 Forest Ave",
        "parcel_id": "146419",
        "record_id": "case:678a9e32-8bff-4524-974d-fce611b8f6d7",
        "record_type": "Complete Building or Structure Demolition - Residential",
        "status": "Closed",
        "year": "2021"
      },
      "type": "Feature"
    },
    {
      "geometry": {
        "coordinates": [
          [
            [
              -94.57250774581351,
              39.0276490253069
            ],
            [
              -94.57202611570074,
              39.027633261230704
            ],
            [
              -94.57202028680153,
              39.02772924994684
            ],
            [
              -94.57250191758847,
              39.027745037499216
            ],
            [
              -94.57250774581351,
              39.0276490253069
            ]
          ]
        ],
        "type": "Polygon"
      },
      "properties": {
        "address": "5433 Forest Ave Kansas City MO 64110",
        "case_number": "CPDR-2021-00066",
        "category": "Complete Building or Structure Demolition - Residential",
        "date": "2021-05-05T13:35:13.663",
        "detail_url": "https://compasskc.kcmo.org/EnerGov_Prod/SelfService#/permit/406167ba-de6c-4c8b-b748-029bfef705af",
        "external_id": "406167ba-de6c-4c8b-b748-029bfef705af",
        "geometry_source": "KCMO parcels",
        "has_parcel_polygon": true,
        "match_method": "parcel_id",
        "match_status": "matched",
        "parcel_address": "5433 Forest Ave",
        "parcel_id": "146416",
        "record_id": "case:406167ba-de6c-4c8b-b748-029bfef705af",
        "record_type": "Complete Building or Structure Demolition - Residential",
        "status": "Closed",
        "year": "2021"
      },
      "type": "Feature"
    },
    {
      "geometry": {
        "coordinates": [
          [
            [
              -94.55264806249788,
              39.094933273756965
            ],
            [
              -94.55203854210433,
              39.094910277699356
            ],
            [
              -94.55201958145726,
              39.09528008478956
            ],
            [
              -94.55262954342456,
              39.09530033391546
            ],
            [
              -94.55264806249788,
              39.094933273756965
            ]
          ]
        ],
        "type": "Polygon"
      },
      "properties": {
        "address": "2500 E Truman Rd Kansas City MO 64127",
        "case_number": "CPDC-2021-00072",
        "category": "Pre-Demolition Inspection - Commercial",
        "date": "2021-05-06T12:37:26.063",
        "detail_url": "https://compasskc.kcmo.org/EnerGov_Prod/SelfService#/permit/50feb2a6-c8e3-4f56-bb54-3b26576cfcfa",
        "external_id": "50feb2a6-c8e3-4f56-bb54-3b26576cfcfa",
        "geometry_source": "KCMO parcels",
        "has_parcel_polygon": true,
        "match_method": "parcel_id",
        "match_status": "matched",
        "parcel_address": "2504 E Truman Rd",
        "parcel_id": "12512",
        "record_id": "case:50feb2a6-c8e3-4f56-bb54-3b26576cfcfa",
        "record_type": "Pre-Demolition Inspection - Commercial",
        "status": "Issued",
        "year": "2021"
      },
      "type": "Feature"
    },
    {
      "geometry": {
        "coordinates": [
          [
            [
              -94.5510237639393,
              39.04948036840483
            ],
            [
              -94.5505554299873,
              39.04946299981783
            ],
            [
              -94.55055045035621,
              39.049558666408785
            ],
            [
              -94.55101875706325,
              39.049576036171295
            ],
            [
              -94.5510237639393,
              39.04948036840483
            ]
          ]
        ],
        "type": "Polygon"
      },
      "properties": {
        "address": "4210 South Benton Ave Kansas City MO 64130",
        "case_number": "CPDR-2021-00067",
        "category": "Complete Building or Structure Demolition - Residential",
        "date": "2021-05-07T12:52:07.757",
        "detail_url": "https://compasskc.kcmo.org/EnerGov_Prod/SelfService#/permit/14fecb9f-a1a4-428d-b6a8-2302b6243862",
        "external_id": "14fecb9f-a1a4-428d-b6a8-2302b6243862",
        "geometry_source": "KCMO parcels",
        "has_parcel_polygon": true,
        "match_method": "parcel_id",
        "match_status": "matched",
        "parcel_address": "4210 South Benton Ave",
        "parcel_id": "29964",
        "record_id": "case:14fecb9f-a1a4-428d-b6a8-2302b6243862",
        "record_type": "Complete Building or Structure Demolition - Residential",
        "status": "Closed",
        "year": "2021"
      },
      "type": "Feature"
    },
    {
      "geometry": {
        "coordinates": [
          [
            [
              -94.53249502505287,
              39.0961638352578
            ],
            [
              -94.53200806336775,
              39.09614879889998
            ],
            [
              -94.53197961740673,
              39.09668037129999
            ],
            [
              -94.53246714051551,
              39.09669673412731
            ],
            [
              -94.53249502505287,
              39.0961638352578
            ]
          ]
        ],
        "type": "Polygon"
      },
      "properties": {
        "address": "1316 Spruce Ave Kansas City MO 64127",
        "case_number": "CPDC-2021-00074",
        "category": "Pre-Demolition Inspection - Commercial",
        "date": "2021-05-10T09:45:55.553",
        "detail_url": "https://compasskc.kcmo.org/EnerGov_Prod/SelfService#/permit/8964e404-18d6-4fb7-bdec-079d092a7fc2",
        "external_id": "8964e404-18d6-4fb7-bdec-079d092a7fc2",
        "geometry_source": "KCMO parcels",
        "has_parcel_polygon": true,
        "match_method": "parcel_id",
        "match_status": "matched",
        "parcel_address": "1316 Spruce Ave",
        "parcel_id": "8468",
        "record_id": "case:8964e404-18d6-4fb7-bdec-079d092a7fc2",
        "record_type": "Pre-Demolition Inspection - Commercial",
        "status": "Issued",
        "year": "2021"
      },
      "type": "Feature"
    },
    {
      "geometry": {
        "coordinates": [
          [
            [
              -94.52060370923121,
              39.187114932844
            ],
            [
              -94.5201143359292,
              39.187122041470886
            ],
            [
              -94.52010144313363,
              39.18789152185245
            ],
            [
              -94.52049662030684,
              39.18788485202991
            ],
            [
              -94.52054034798998,
              39.187610577023264
            ],
            [
              -94.52059497389618,
              39.18760976656896
            ],
            [
              -94.52060370923121,
              39.187114932844
            ]
          ]
        ],
        "type": "Polygon"
      },
      "properties": {
        "address": "5017 NE Vivion Rd Kansas City MO 64119",
        "case_number": "CPDC-2021-00073",
        "category": "Pre-Demolition Inspection - Commercial",
        "date": "2021-05-10T10:13:09.063",
        "detail_url": "https://compasskc.kcmo.org/EnerGov_Prod/SelfService#/permit/8e3b17d4-472f-404c-a539-425cc5a1ecbb",
        "external_id": "8e3b17d4-472f-404c-a539-425cc5a1ecbb",
        "geometry_source": "KCMO parcels",
        "has_parcel_polygon": true,
        "match_method": "parcel_id",
        "match_status": "matched",
        "parcel_address": "5017 NE Vivion Rd",
        "parcel_id": "81391",
        "record_id": "case:8e3b17d4-472f-404c-a539-425cc5a1ecbb",
        "record_type": "Pre-Demolition Inspection - Commercial",
        "status": "Issued",
        "year": "2021"
      },
      "type": "Feature"
    },
    {
      "geometry": {
        "coordinates": [
          [
            [
              -94.59504798091497,
              39.04736066388672
            ],
            [
              -94.5949215366183,
              39.04735616837013
            ],
            [
              -94.59490815421069,
              39.04761713528575
            ],
            [
              -94.59503456819338,
              39.04762165429405
            ],
            [
              -94.59504798091497,
              39.04736066388672
            ]
          ]
        ],
        "type": "Polygon"
      },
      "properties": {
        "address": "712 Corbin Ter Kansas City MO 64111",
        "case_number": "CPDR-2021-00068",
        "category": "Complete Building or Structure Demolition - Residential",
        "date": "2021-05-10T12:38:08.31",
        "detail_url": "https://compasskc.kcmo.org/EnerGov_Prod/SelfService#/permit/f9263806-e48e-4815-a34a-bdb98483b75a",
        "external_id": "f9263806-e48e-4815-a34a-bdb98483b75a",
        "geometry_source": "KCMO parcels",
        "has_parcel_polygon": true,
        "match_method": "parcel_id",
        "match_status": "matched",
        "parcel_address": "712 Corbin Ter",
        "parcel_id": "140418",
        "record_id": "case:f9263806-e48e-4815-a34a-bdb98483b75a",
        "record_type": "Complete Building or Structure Demolition - Residential",
        "status": "Issued",
        "year": "2021"
      },
      "type": "Feature"
    },
    {
      "geometry": {
        "coordinates": [
          [
            [
              -94.59517448238564,
              39.04736511460182
            ],
            [
              -94.59504798091497,
              39.04736066388672
            ],
            [
              -94.59503456819338,
              39.04762165429405
            ],
            [
              -94.59516110026574,
              39.04762615018811
            ],
            [
              -94.59517448238564,
              39.04736511460182
            ]
          ]
        ],
        "type": "Polygon"
      },
      "properties": {
        "address": "716 Corbin Ter Kansas City MO 64111",
        "case_number": "CPDR-2021-00069",
        "category": "Complete Building or Structure Demolition - Residential",
        "date": "2021-05-10T12:39:08.877",
        "detail_url": "https://compasskc.kcmo.org/EnerGov_Prod/SelfService#/permit/b029d69c-0aa2-460f-8de2-ce9ba2a60b8c",
        "external_id": "b029d69c-0aa2-460f-8de2-ce9ba2a60b8c",
        "geometry_source": "KCMO parcels",
        "has_parcel_polygon": true,
        "match_method": "parcel_id",
        "match_status": "matched",
        "parcel_address": "716 Corbin Ter",
        "parcel_id": "140419",
        "record_id": "case:b029d69c-0aa2-460f-8de2-ce9ba2a60b8c",
        "record_type": "Complete Building or Structure Demolition - Residential",
        "status": "Issued",
        "year": "2021"
      },
      "type": "Feature"
    },
    {
      "geometry": {
        "coordinates": [
          [
            [
              -94.59545568656269,
              39.04737506680196
            ],
            [
              -94.59531504116718,
              39.047370078237556
            ],
            [
              -94.59530168826672,
              39.047631183602384
            ],
            [
              -94.59544224691372,
              39.047636193990286
            ],
            [
              -94.59545568656269,
              39.04737506680196
            ]
          ]
        ],
        "type": "Polygon"
      },
      "properties": {
        "address": "724 Corbin Ter Kansas City MO 64111",
        "case_number": "CPDR-2021-00070",
        "category": "Complete Building or Structure Demolition - Residential",
        "date": "2021-05-10T12:40:09.237",
        "detail_url": "https://compasskc.kcmo.org/EnerGov_Prod/SelfService#/permit/37f8b77d-8c11-46d3-bc14-f650fd8e54fa",
        "external_id": "37f8b77d-8c11-46d3-bc14-f650fd8e54fa",
        "geometry_source": "KCMO parcels",
        "has_parcel_polygon": true,
        "match_method": "parcel_id",
        "match_status": "matched",
        "parcel_address": "724 Corbin Ter",
        "parcel_id": "140421",
        "record_id": "case:37f8b77d-8c11-46d3-bc14-f650fd8e54fa",
        "record_type": "Complete Building or Structure Demolition - Residential",
        "status": "Issued",
        "year": "2021"
      },
      "type": "Feature"
    },
    {
      "geometry": {
        "coordinates": [
          [
            [
              -94.59573700815616,
              39.04738499477479
            ],
            [
              -94.59559633194371,
              39.047380030027796
            ],
            [
              -94.59558286432666,
              39.04764124935039
            ],
            [
              -94.59572359980366,
              39.04764625982634
            ],
            [
              -94.59573700815616,
              39.04738499477479
            ]
          ]
        ],
        "type": "Polygon"
      },
      "properties": {
        "address": "732 Corbin Ter Kansas City MO 64111",
        "case_number": "CPDR-2021-00071",
        "category": "Complete Building or Structure Demolition - Residential",
        "date": "2021-05-10T13:36:14.227",
        "detail_url": "https://compasskc.kcmo.org/EnerGov_Prod/SelfService#/permit/d95db142-b8c4-4fff-8bcb-cdd38b6095bc",
        "external_id": "d95db142-b8c4-4fff-8bcb-cdd38b6095bc",
        "geometry_source": "KCMO parcels",
        "has_parcel_polygon": true,
        "match_method": "parcel_id",
        "match_status": "matched",
        "parcel_address": "732 Corbin Ter",
        "parcel_id": "140423",
        "record_id": "case:d95db142-b8c4-4fff-8bcb-cdd38b6095bc",
        "record_type": "Complete Building or Structure Demolition - Residential",
        "status": "Issued",
        "year": "2021"
      },
      "type": "Feature"
    },
    {
      "geometry": {
        "coordinates": [
          [
            [
              -94.59586298384652,
              39.04739006295882
            ],
            [
              -94.59573700815616,
              39.04738499477479
            ],
            [
              -94.5957236130079,
              39.047646259815494
            ],
            [
              -94.5958497799504,
              39.04765137304614
            ],
            [
              -94.59586298384652,
              39.04739006295882
            ]
          ]
        ],
        "type": "Polygon"
      },
      "properties": {
        "address": "736 Corbin Ter Kansas City MO 64111",
        "case_number": "CPDR-2021-00072",
        "category": "Complete Building or Structure Demolition - Residential",
        "date": "2021-05-10T13:47:07.987",
        "detail_url": "https://compasskc.kcmo.org/EnerGov_Prod/SelfService#/permit/b4ab2977-552f-4012-adf9-96d80c48a8ce",
        "external_id": "b4ab2977-552f-4012-adf9-96d80c48a8ce",
        "geometry_source": "KCMO parcels",
        "has_parcel_polygon": true,
        "match_method": "parcel_id",
        "match_status": "matched",
        "parcel_address": "736 Corbin Ter",
        "parcel_id": "140424",
        "record_id": "case:b4ab2977-552f-4012-adf9-96d80c48a8ce",
        "record_type": "Complete Building or Structure Demolition - Residential",
        "status": "Issued",
        "year": "2021"
      },
      "type": "Feature"
    },
    {
      "geometry": {
        "coordinates": [
          [
            [
              -94.53896968109262,
              39.10639235517655
            ],
            [
              -94.53863888326742,
              39.106379194488596
            ],
            [
              -94.53863493570341,
              39.106464128835256
            ],
            [
              -94.53896567593732,
              39.10647731243406
            ],
            [
              -94.53896968109262,
              39.10639235517655
            ]
          ]
        ],
        "type": "Polygon"
      },
      "properties": {
        "address": "533 Askew Ave Kansas City MO 64124",
        "case_number": "CPDR-2021-00073",
        "category": "Complete Building or Structure Demolition - Residential",
        "date": "2021-05-10T13:55:09.907",
        "detail_url": "https://compasskc.kcmo.org/EnerGov_Prod/SelfService#/permit/17e5ec4b-3cbb-4240-b225-7eb8ea40f968",
        "external_id": "17e5ec4b-3cbb-4240-b225-7eb8ea40f968",
        "geometry_source": "KCMO parcels",
        "has_parcel_polygon": true,
        "match_method": "parcel_id",
        "match_status": "matched",
        "parcel_address": "533 Askew Ave",
        "parcel_id": "41932",
        "record_id": "case:17e5ec4b-3cbb-4240-b225-7eb8ea40f968",
        "record_type": "Complete Building or Structure Demolition - Residential",
        "status": "Closed",
        "year": "2021"
      },
      "type": "Feature"
    },
    {
      "geometry": {
        "coordinates": [
          [
            [
              -94.5879941389122,
              39.090066895526284
            ],
            [
              -94.58874612071777,
              39.09009442314584
            ],
            [
              -94.58878625321975,
              39.08934257760664
            ],
            [
              -94.58838282823788,
              39.08932828618954
            ],
            [
              -94.58836199421256,
              39.089738187941535
            ],
            [
              -94.58801174096463,
              39.08972536449221
            ],
            [
              -94.5879941389122,
              39.090066895526284
            ]
          ]
        ],
        "type": "Polygon"
      },
      "properties": {
        "address": "1923 Broadway Blvd Kansas City MO 64108",
        "case_number": "CPDC-2021-00071",
        "category": "Pre-Demolition Inspection - Commercial",
        "date": "2021-05-11T00:00:00",
        "detail_url": "https://compasskc.kcmo.org/EnerGov_Prod/SelfService#/permit/ce14dd28-f1af-49ed-8356-e5cd34c8bee1",
        "external_id": "ce14dd28-f1af-49ed-8356-e5cd34c8bee1",
        "geometry_source": "KCMO parcels",
        "has_parcel_polygon": true,
        "match_method": "parcel_id",
        "match_status": "matched",
        "parcel_address": "1923 Broadway Blvd",
        "parcel_id": "288720",
        "record_id": "case:ce14dd28-f1af-49ed-8356-e5cd34c8bee1",
        "record_type": "Pre-Demolition Inspection - Commercial",
        "status": "Issued",
        "year": "2021"
      },
      "type": "Feature"
    },
    {
      "geometry": {
        "coordinates": [
          [
            [
              -94.56903918641625,
              39.04539044814463
            ],
            [
              -94.56862190026841,
              39.04537428878195
            ],
            [
              -94.56861329151036,
              39.0455139588923
            ],
            [
              -94.56903084324412,
              39.04553007236616
            ],
            [
              -94.56903918641625,
              39.04539044814463
            ]
          ]
        ],
        "type": "Polygon"
      },
      "properties": {
        "address": "4447 Virginia Ave Kansas City MO 64110",
        "case_number": "CPDR-2021-00074",
        "category": "Complete Building or Structure Demolition - Residential",
        "date": "2021-05-13T10:34:08.777",
        "detail_url": "https://compasskc.kcmo.org/EnerGov_Prod/SelfService#/permit/9a0cda1d-78b4-4ef6-a108-920e397587e8",
        "external_id": "9a0cda1d-78b4-4ef6-a108-920e397587e8",
        "geometry_source": "KCMO parcels",
        "has_parcel_polygon": true,
        "match_method": "parcel_id",
        "match_status": "matched",
        "parcel_address": "4447 Virginia Ave",
        "parcel_id": "137805",
        "record_id": "case:9a0cda1d-78b4-4ef6-a108-920e397587e8",
        "record_type": "Complete Building or Structure Demolition - Residential",
        "status": "Closed",
        "year": "2021"
      },
      "type": "Feature"
    },
    {
      "geometry": {
        "coordinates": [
          [
            [
              -94.51663848555162,
              39.10569325405638
            ],
            [
              -94.51619007956589,
              39.1056772543812
            ],
            [
              -94.51617644621487,
              39.10590299754621
            ],
            [
              -94.51662488354818,
              39.105921353405726
            ],
            [
              -94.51663848555162,
              39.10569325405638
            ]
          ]
        ],
        "type": "Polygon"
      },
      "properties": {
        "address": "533 Oakley Ave Kansas City MO 64123",
        "case_number": "CPDR-2021-00075",
        "category": "Complete Building or Structure Demolition - Residential",
        "date": "2021-05-14T09:50:42.24",
        "detail_url": "https://compasskc.kcmo.org/EnerGov_Prod/SelfService#/permit/23c76709-d843-42a7-9e25-6bded031f3aa",
        "external_id": "23c76709-d843-42a7-9e25-6bded031f3aa",
        "geometry_source": "KCMO parcels",
        "has_parcel_polygon": true,
        "match_method": "parcel_id",
        "match_status": "matched",
        "parcel_address": "533 Oakley Ave",
        "parcel_id": "45357",
        "record_id": "case:23c76709-d843-42a7-9e25-6bded031f3aa",
        "record_type": "Complete Building or Structure Demolition - Residential",
        "status": "Closed",
        "year": "2021"
      },
      "type": "Feature"
    },
    {
      "geometry": {
        "coordinates": [
          [
            [
              -94.52136224117245,
              39.034842602446766
            ],
            [
              -94.52137839883143,
              39.03481836856048
            ],
            [
              -94.52137724729627,
              39.03479146077403
            ],
            [
              -94.52135922643231,
              39.03476846929202
            ],
            [
              -94.52132900492411,
              39.03475543268005
            ],
            [
              -94.52095522059444,
              39.03476982332856
            ],
            [
              -94.5209949461661,
              39.03517535870816
            ],
            [
              -94.52102143770904,
              39.03517420988973
            ],
            [
              -94.52136224117245,
              39.034842602446766
            ]
          ]
        ],
        "type": "Polygon"
      },
      "properties": {
        "address": "5404 Blue Pkwy Kansas City MO 64130",
        "case_number": "CPDC-2021-00079",
        "category": "Complete Building Demolition - Commercial",
        "date": "2021-05-14T09:50:42.257",
        "detail_url": "https://compasskc.kcmo.org/EnerGov_Prod/SelfService#/permit/cf4d4e87-a1d4-47e6-ad9c-b7acfc588dd9",
        "external_id": "cf4d4e87-a1d4-47e6-ad9c-b7acfc588dd9",
        "geometry_source": "KCMO parcels",
        "has_parcel_polygon": true,
        "match_method": "parcel_id",
        "match_status": "matched",
        "parcel_address": "5404 Dr. Martin Luther King Jr. Blvd",
        "parcel_id": "33603",
        "record_id": "case:cf4d4e87-a1d4-47e6-ad9c-b7acfc588dd9",
        "record_type": "Complete Building Demolition - Commercial",
        "status": "Closed",
        "year": "2021"
      },
      "type": "Feature"
    },
    {
      "geometry": {
        "coordinates": [
          [
            [
              -94.53509855556634,
              39.07799933927065
            ],
            [
              -94.53496754134838,
              39.07799531671968
            ],
            [
              -94.53495329898416,
              39.07828264637419
            ],
            [
              -94.53508478262378,
              39.07828654238331
            ],
            [
              -94.53509855556634,
              39.07799933927065
            ]
          ]
        ],
        "type": "Polygon"
      },
      "properties": {
        "address": "4101 E 26th St Kansas City MO 64127",
        "case_number": "CPDR-2021-00076",
        "category": "Complete Building or Structure Demolition - Residential",
        "date": "2021-05-14T09:50:42.257",
        "detail_url": "https://compasskc.kcmo.org/EnerGov_Prod/SelfService#/permit/65a7d6a2-f0b3-4331-9aec-afe740ca8a05",
        "external_id": "65a7d6a2-f0b3-4331-9aec-afe740ca8a05",
        "geometry_source": "KCMO parcels",
        "has_parcel_polygon": true,
        "match_method": "parcel_id",
        "match_status": "matched",
        "parcel_address": "4101 E 26th St",
        "parcel_id": "17567",
        "record_id": "case:65a7d6a2-f0b3-4331-9aec-afe740ca8a05",
        "record_type": "Complete Building or Structure Demolition - Residential",
        "status": "Closed",
        "year": "2021"
      },
      "type": "Feature"
    },
    {
      "geometry": {
        "coordinates": [
          [
            [
              -94.55689323429064,
              39.16576042030097
            ],
            [
              -94.55638819822437,
              39.16575714617805
            ],
            [
              -94.55638918074037,
              39.16562750631243
            ],
            [
              -94.5551730070757,
              39.16562403802186
            ],
            [
              -94.55496351096807,
              39.166503249537904
            ],
            [
              -94.55689073375271,
              39.166517470357945
            ],
            [
              -94.55689323429064,
              39.16576042030097
            ]
          ]
        ],
        "type": "Polygon"
      },
      "properties": {
        "address": "2021 NE Russell Rd Unit: STE 115 Kansas City MO 64116",
        "case_number": "CPDC-2021-00080",
        "category": "Pre-Demolition Inspection - Commercial",
        "date": "2021-05-17T23:21:07.663",
        "detail_url": "https://compasskc.kcmo.org/EnerGov_Prod/SelfService#/permit/ab16ef47-f327-4282-871e-896711d1cc68",
        "external_id": "ab16ef47-f327-4282-871e-896711d1cc68",
        "geometry_source": "KCMO parcels",
        "has_parcel_polygon": true,
        "match_method": "parcel_id",
        "match_status": "matched",
        "parcel_address": "2001 NE Russell Rd",
        "parcel_id": "85528",
        "record_id": "case:ab16ef47-f327-4282-871e-896711d1cc68",
        "record_type": "Pre-Demolition Inspection - Commercial",
        "status": "Issued",
        "year": "2021"
      },
      "type": "Feature"
    },
    {
      "geometry": {
        "coordinates": [
          [
            [
              [
                -94.56154817396758,
                39.17419930834586
              ],
              [
                -94.56163195336399,
                39.17423781696684
              ],
              [
                -94.56173516062519,
                39.174270047151296
              ],
              [
                -94.56184367460781,
                39.17428888882268
              ],
              [
                -94.56194080130008,
                39.174293962446185
              ],
              [
                -94.56206525308276,
                39.1742846983088
              ],
              [
                -94.56231107306267,
                39.17423628948316
              ],
              [
                -94.56251255394363,
                39.17420906830162
              ],
              [
                -94.56269076747722,
                39.1741966634814
              ],
              [
                -94.56290132355468,
                39.174194627492525
              ],
              [
                -94.56292939808226,
                39.172086160293446
              ],
              [
                -94.56134643945464,
                39.17204133449156
              ],
              [
                -94.56095646964606,
                39.17204817444794
              ],
              [
                -94.56050810973828,
                39.172074492922604
              ],
              [
                -94.56064690265521,
                39.172339443386
              ],
              [
                -94.5607234169243,
                39.172510663953965
              ],
              [
                -94.5608023880924,
                39.17273549082989
              ],
              [
                -94.56085388717445,
                39.1729387569156
              ],
              [
                -94.56088760312694,
                39.17314427454383
              ],
              [
                -94.56089953128695,
                39.17327345049519
              ],
              [
                -94.56090064233211,
                39.173335547327746
              ],
              [
                -94.56089502705237,
                39.17340188054919
              ],
              [
                -94.5608790453655,
                39.17348071188524
              ],
              [
                -94.5608581129114,
                39.17354519979173
              ],
              [
                -94.56083041746128,
                39.17360811247656
              ],
              [
                -94.56098505198146,
                39.173694382289
              ],
              [
                -94.56110370589582,
                39.17377996147447
              ],
              [
                -94.56120767144154,
                39.17387669043669
              ],
              [
                -94.56140563427358,
                39.17409667285824
              ],
              [
                -94.56147223328817,
                39.17415193967101
              ],
              [
                -94.56154817396758,
                39.17419930834586
              ]
            ]
          ],
          [
            [
              [
                -94.56189662907262,
                39.175411510248594
              ],
              [
                -94.56211928560572,
                39.17565801953538
              ],
              [
                -94.56235645496737,
                39.17589612408884
              ],
              [
                -94.56260764224352,
                39.17612538821571
              ],
              [
                -94.56287266793576,
                39.17634556081101
              ],
              [
                -94.56287936131855,
                39.17584127336758
              ],
              [
                -94.56327855940516,
                39.17584094287612
              ],
              [
                -94.5632782777807,
                39.1743468760803
              ],
              [
                -94.56289931235622,
                39.17434577649274
              ],
              [
                -94.56289914811323,
                39.17435856615214
              ],
              [
                -94.56272503996632,
                39.17436017067703
              ],
              [
                -94.56258215551192,
                39.17436832427994
              ],
              [
                -94.56241694196207,
                39.174387746825786
              ],
              [
                -94.56212950344138,
                39.174442767052895
              ],
              [
                -94.56200364475048,
                39.174456975317334
              ],
              [
                -94.56184481959795,
                39.174455045097055
              ],
              [
                -94.56168891424852,
                39.17443135557196
              ],
              [
                -94.561598826881,
                39.17440694408126
              ],
              [
                -94.56149864391206,
                39.174369244337605
              ],
              [
                -94.5614180946214,
                39.174329474925344
              ],
              [
                -94.56133165424812,
                39.174274927248106
              ],
              [
                -94.56127552990675,
                39.17423111850077
              ],
              [
                -94.5612246347432,
                39.17418355402131
              ],
              [
                -94.56103738470757,
                39.1739773168053
              ],
              [
                -94.5609856056009,
                39.17392693839303
              ],
              [
                -94.56090427308129,
                39.17386257260166
              ],
              [
                -94.56081136331144,
                39.173804893299874
              ],
              [
                -94.56087798611117,
                39.17395678494586
              ],
              [
                -94.56098642404943,
                39.174124922637525
              ],
              [
                -94.56127286052579,
                39.1746778819884
              ],
              [
                -94.56189662907262,
                39.175411510248594
              ]
            ]
          ]
        ],
        "type": "MultiPolygon"
      },
      "properties": {
        "address": "4401 N Virginia Ave Kansas City MO 64116",
        "case_number": "CPDR-2021-00077",
        "category": "Complete Building or Structure Demolition - Residential",
        "date": "2021-05-18T07:27:07.963",
        "detail_url": "https://compasskc.kcmo.org/EnerGov_Prod/SelfService#/permit/984421e6-5e4d-41db-b3ef-b0b7a2c75fbf",
        "external_id": "984421e6-5e4d-41db-b3ef-b0b7a2c75fbf",
        "geometry_source": "KCMO parcels",
        "has_parcel_polygon": true,
        "match_method": "parcel_id",
        "match_status": "matched",
        "parcel_address": "1500 NE 42nd Ter",
        "parcel_id": "291672",
        "record_id": "case:984421e6-5e4d-41db-b3ef-b0b7a2c75fbf",
        "record_type": "Complete Building or Structure Demolition - Residential",
        "status": "Closed",
        "year": "2021"
      },
      "type": "Feature"
    },
    {
      "geometry": {
        "coordinates": [
          [
            [
              -94.53249502505287,
              39.0961638352578
            ],
            [
              -94.53200806336775,
              39.09614879889998
            ],
            [
              -94.53197961740673,
              39.09668037129999
            ],
            [
              -94.53246714051551,
              39.09669673412731
            ],
            [
              -94.53249502505287,
              39.0961638352578
            ]
          ]
        ],
        "type": "Polygon"
      },
      "properties": {
        "address": "1316 Spruce Ave Kansas City MO 64127",
        "case_number": "CPDC-2021-00075",
        "category": "Complete Building Demolition - Commercial",
        "date": "2021-05-18T17:44:09.307",
        "detail_url": "https://compasskc.kcmo.org/EnerGov_Prod/SelfService#/permit/dd5ac392-b898-4858-99e8-5f000c488ee8",
        "external_id": "dd5ac392-b898-4858-99e8-5f000c488ee8",
        "geometry_source": "KCMO parcels",
        "has_parcel_polygon": true,
        "match_method": "parcel_id",
        "match_status": "matched",
        "parcel_address": "1316 Spruce Ave",
        "parcel_id": "8468",
        "record_id": "case:dd5ac392-b898-4858-99e8-5f000c488ee8",
        "record_type": "Complete Building Demolition - Commercial",
        "status": "Closed",
        "year": "2021"
      },
      "type": "Feature"
    },
    {
      "geometry": {
        "coordinates": [
          [
            [
              -94.55041902326549,
              39.08380694612434
            ],
            [
              -94.54995489528517,
              39.083790191813414
            ],
            [
              -94.54994669949893,
              39.0839923462282
            ],
            [
              -94.55041100454315,
              39.084007498841494
            ],
            [
              -94.55041902326549,
              39.08380694612434
            ]
          ]
        ],
        "type": "Polygon"
      },
      "properties": {
        "address": "2308 Chestnut Ave Kansas City MO 64127",
        "case_number": "CPDR-2021-00078",
        "category": "Pre-Demolition Inspection - Residential",
        "date": "2021-05-18T17:51:08.15",
        "detail_url": "https://compasskc.kcmo.org/EnerGov_Prod/SelfService#/permit/3dffd8da-5795-4e50-a38e-e0bb6c40206c",
        "external_id": "3dffd8da-5795-4e50-a38e-e0bb6c40206c",
        "geometry_source": "KCMO parcels",
        "has_parcel_polygon": true,
        "match_method": "parcel_id",
        "match_status": "matched",
        "parcel_address": "2308 Chestnut Ave",
        "parcel_id": "16236",
        "record_id": "case:3dffd8da-5795-4e50-a38e-e0bb6c40206c",
        "record_type": "Pre-Demolition Inspection - Residential",
        "status": "Cancelled",
        "year": "2021"
      },
      "type": "Feature"
    },
    {
      "geometry": {
        "coordinates": [
          [
            [
              -94.6019146150332,
              38.975763038226354
            ],
            [
              -94.60142182769462,
              38.97573905333219
            ],
            [
              -94.60141392288683,
              38.97590977664852
            ],
            [
              -94.60190614909082,
              38.9759295067384
            ],
            [
              -94.6019146150332,
              38.975763038226354
            ]
          ]
        ],
        "type": "Polygon"
      },
      "properties": {
        "address": "8409 Belleview Ave Kansas City MO 64114",
        "case_number": "CPDR-2021-00080",
        "category": "Complete Building or Structure Demolition - Residential",
        "date": "2021-05-20T11:03:07.747",
        "detail_url": "https://compasskc.kcmo.org/EnerGov_Prod/SelfService#/permit/b672c5d6-66ca-4899-8b4b-273d49773177",
        "external_id": "b672c5d6-66ca-4899-8b4b-273d49773177",
        "geometry_source": "KCMO parcels",
        "has_parcel_polygon": true,
        "match_method": "parcel_id",
        "match_status": "matched",
        "parcel_address": "8409 Belleview Ave",
        "parcel_id": "121354",
        "record_id": "case:b672c5d6-66ca-4899-8b4b-273d49773177",
        "record_type": "Complete Building or Structure Demolition - Residential",
        "status": "Closed",
        "year": "2021"
      },
      "type": "Feature"
    },
    {
      "geometry": {
        "coordinates": [
          [
            [
              -94.59051010083049,
              38.86163815850739
            ],
            [
              -94.59001600119564,
              38.86161540760633
            ],
            [
              -94.5899866999986,
              38.862006156807404
            ],
            [
              -94.59048083136318,
              38.86202872475216
            ],
            [
              -94.59051010083049,
              38.86163815850739
            ]
          ]
        ],
        "type": "Polygon"
      },
      "properties": {
        "address": "14606 Cherry St Kansas City MO 64145",
        "case_number": "CPDR-2021-00081",
        "category": "Complete Building or Structure Demolition - Residential",
        "date": "2021-05-21T11:07:18.753",
        "detail_url": "https://compasskc.kcmo.org/EnerGov_Prod/SelfService#/permit/56327005-2181-4fb1-b402-60c8c83368d3",
        "external_id": "56327005-2181-4fb1-b402-60c8c83368d3",
        "geometry_source": "KCMO parcels",
        "has_parcel_polygon": true,
        "match_method": "parcel_id",
        "match_status": "matched",
        "parcel_address": "14606 Cherry St",
        "parcel_id": "159890",
        "record_id": "case:56327005-2181-4fb1-b402-60c8c83368d3",
        "record_type": "Complete Building or Structure Demolition - Residential",
        "status": "Issued",
        "year": "2021"
      },
      "type": "Feature"
    },
    {
      "geometry": {
        "coordinates": [
          [
            [
              -94.55689323429064,
              39.16576042030097
            ],
            [
              -94.55638819822437,
              39.16575714617805
            ],
            [
              -94.55638918074037,
              39.16562750631243
            ],
            [
              -94.5551730070757,
              39.16562403802186
            ],
            [
              -94.55496351096807,
              39.166503249537904
            ],
            [
              -94.55689073375271,
              39.166517470357945
            ],
            [
              -94.55689323429064,
              39.16576042030097
            ]
          ]
        ],
        "type": "Polygon"
      },
      "properties": {
        "address": "2021 NE Russell Rd Unit: STE 115 Kansas City MO 64116",
        "case_number": "CPDC-2021-00081",
        "category": "Complete Building Demolition - Commercial",
        "date": "2021-05-25T00:21:12.893",
        "detail_url": "https://compasskc.kcmo.org/EnerGov_Prod/SelfService#/permit/f9fed33e-8669-400b-9410-e39a7792e4e1",
        "external_id": "f9fed33e-8669-400b-9410-e39a7792e4e1",
        "geometry_source": "KCMO parcels",
        "has_parcel_polygon": true,
        "match_method": "parcel_id",
        "match_status": "matched",
        "parcel_address": "2001 NE Russell Rd",
        "parcel_id": "85528",
        "record_id": "case:f9fed33e-8669-400b-9410-e39a7792e4e1",
        "record_type": "Complete Building Demolition - Commercial",
        "status": "Closed",
        "year": "2021"
      },
      "type": "Feature"
    },
    {
      "geometry": {
        "coordinates": [
          [
            [
              -94.59974718543194,
              38.936734400485655
            ],
            [
              -94.60012082075879,
              38.9367485799424
            ],
            [
              -94.6002155604025,
              38.93674833161198
            ],
            [
              -94.6003099145268,
              38.93674165788681
            ],
            [
              -94.60040316979492,
              38.93672860914828
            ],
            [
              -94.60049462172982,
              38.9367092849672
            ],
            [
              -94.60058357910407,
              38.93668383009574
            ],
            [
              -94.60066936980411,
              38.93665243732233
            ],
            [
              -94.60075134595391,
              38.93661534460684
            ],
            [
              -94.60082888683957,
              38.93657283107355
            ],
            [
              -94.60090140770137,
              38.9365252187193
            ],
            [
              -94.60096835972678,
              38.93647286726495
            ],
            [
              -94.60102923737249,
              38.93641617243241
            ],
            [
              -94.60108358055666,
              38.93635556251038
            ],
            [
              -94.60113097904937,
              38.93629149548986
            ],
            [
              -94.60117107393137,
              38.936224455058365
            ],
            [
              -94.60120356271818,
              38.93615494887908
            ],
            [
              -94.6010243667016,
              38.9361549141845
            ],
            [
              -94.60086635424989,
              38.93603167754959
            ],
            [
              -94.60071350535095,
              38.936143157518075
            ],
            [
              -94.60035495213101,
              38.93614352752546
            ],
            [
              -94.599799675856,
              38.93571098523703
            ],
            [
              -94.59974718543194,
              38.936734400485655
            ]
          ]
        ],
        "type": "Polygon"
      },
      "properties": {
        "address": "521 Carondelet Dr Kansas City MO 64114",
        "case_number": "CPDC-2021-00084",
        "category": "Complete Building Demolition - Commercial",
        "date": "2021-05-27T10:30:07.983",
        "detail_url": "https://compasskc.kcmo.org/EnerGov_Prod/SelfService#/permit/8463fecb-37ea-49cd-858b-4072e351cd32",
        "external_id": "8463fecb-37ea-49cd-858b-4072e351cd32",
        "geometry_source": "KCMO parcels",
        "has_parcel_polygon": true,
        "match_method": "parcel_id",
        "match_status": "matched",
        "parcel_address": "521 Carondelet Dr",
        "parcel_id": "282684",
        "record_id": "case:8463fecb-37ea-49cd-858b-4072e351cd32",
        "record_type": "Complete Building Demolition - Commercial",
        "status": "Closed",
        "year": "2021"
      },
      "type": "Feature"
    },
    {
      "geometry": {
        "coordinates": [
          [
            [
              -94.55264806249788,
              39.094933273756965
            ],
            [
              -94.55203854210433,
              39.094910277699356
            ],
            [
              -94.55201958145726,
              39.09528008478956
            ],
            [
              -94.55262954342456,
              39.09530033391546
            ],
            [
              -94.55264806249788,
              39.094933273756965
            ]
          ]
        ],
        "type": "Polygon"
      },
      "properties": {
        "address": "2500 E Truman Rd Kansas City MO 64127",
        "case_number": "CPDC-2021-00085",
        "category": "Complete Building Demolition - Commercial",
        "date": "2021-05-27T10:32:07.54",
        "detail_url": "https://compasskc.kcmo.org/EnerGov_Prod/SelfService#/permit/7afa42c6-f17d-4e5a-a33a-a9d4ab86033b",
        "external_id": "7afa42c6-f17d-4e5a-a33a-a9d4ab86033b",
        "geometry_source": "KCMO parcels",
        "has_parcel_polygon": true,
        "match_method": "parcel_id",
        "match_status": "matched",
        "parcel_address": "2504 E Truman Rd",
        "parcel_id": "12512",
        "record_id": "case:7afa42c6-f17d-4e5a-a33a-a9d4ab86033b",
        "record_type": "Complete Building Demolition - Commercial",
        "status": "Hold",
        "year": "2021"
      },
      "type": "Feature"
    },
    {
      "geometry": {
        "coordinates": [
          [
            [
              -94.59583625362674,
              39.085072621654774
            ],
            [
              -94.59582587134422,
              39.0852751699767
            ],
            [
              -94.59603129939528,
              39.08528074461476
            ],
            [
              -94.59604194461164,
              39.08507821836715
            ],
            [
              -94.59583625362674,
              39.085072621654774
            ]
          ]
        ],
        "type": "Polygon"
      },
      "properties": {
        "address": "2315 Belleview Ave Kansas City MO 64108",
        "case_number": "CPDR-2021-00084",
        "category": "Complete Building or Structure Demolition - Residential",
        "date": "2021-05-27T14:12:08.183",
        "detail_url": "https://compasskc.kcmo.org/EnerGov_Prod/SelfService#/permit/65cf9dec-c82b-4dcf-9e7e-4b58df7dfd50",
        "external_id": "65cf9dec-c82b-4dcf-9e7e-4b58df7dfd50",
        "geometry_source": "KCMO parcels",
        "has_parcel_polygon": true,
        "match_method": "parcel_id",
        "match_status": "matched",
        "parcel_address": "2315 Belleview Ave",
        "parcel_id": "286681",
        "record_id": "case:65cf9dec-c82b-4dcf-9e7e-4b58df7dfd50",
        "record_type": "Complete Building or Structure Demolition - Residential",
        "status": "Closed",
        "year": "2021"
      },
      "type": "Feature"
    },
    {
      "geometry": {
        "coordinates": [
          -94.53398849999999,
          39.0334368
        ],
        "type": "Point"
      },
      "properties": {
        "address": "4309 E 50th Ter Kansas City MO 64130",
        "case_number": "CPDC-2021-00088",
        "category": "Partial Building Demolition - Commercial",
        "date": "2021-05-28T12:28:29.69",
        "detail_url": "https://compasskc.kcmo.org/EnerGov_Prod/SelfService#/permit/61169ab4-2df3-439f-b066-3579a31d9e6a",
        "external_id": "61169ab4-2df3-439f-b066-3579a31d9e6a",
        "geometry_source": "permit geocode point",
        "has_parcel_polygon": false,
        "match_method": "unmatched",
        "match_status": "unmatched",
        "parcel_id": "",
        "record_id": "case:61169ab4-2df3-439f-b066-3579a31d9e6a",
        "record_type": "Partial Building Demolition - Commercial",
        "status": "Voided-City",
        "year": "2021"
      },
      "type": "Feature"
    },
    {
      "geometry": {
        "coordinates": [
          [
            [
              -94.59583625362674,
              39.085072621654774
            ],
            [
              -94.59582587134422,
              39.0852751699767
            ],
            [
              -94.59603129939528,
              39.08528074461476
            ],
            [
              -94.59604194461164,
              39.08507821836715
            ],
            [
              -94.59583625362674,
              39.085072621654774
            ]
          ]
        ],
        "type": "Polygon"
      },
      "properties": {
        "address": "2319 Belleview Ave Kansas City MO 64108",
        "case_number": "CPDR-2021-00085",
        "category": "Complete Building or Structure Demolition - Residential",
        "date": "2021-06-02T09:22:23.02",
        "detail_url": "https://compasskc.kcmo.org/EnerGov_Prod/SelfService#/permit/e5d78104-b1ba-429c-9517-66d208af9c54",
        "external_id": "e5d78104-b1ba-429c-9517-66d208af9c54",
        "geometry_source": "KCMO parcels",
        "has_parcel_polygon": true,
        "match_method": "parcel_id",
        "match_status": "matched",
        "parcel_address": "2315 Belleview Ave",
        "parcel_id": "286681",
        "record_id": "case:e5d78104-b1ba-429c-9517-66d208af9c54",
        "record_type": "Complete Building or Structure Demolition - Residential",
        "status": "Closed",
        "year": "2021"
      },
      "type": "Feature"
    },
    {
      "geometry": {
        "coordinates": [
          [
            [
              -94.58922043077378,
              38.95085154585115
            ],
            [
              -94.58911587190028,
              38.95084704947411
            ],
            [
              -94.58913947442066,
              38.95036613567684
            ],
            [
              -94.58907025779973,
              38.95036309954491
            ],
            [
              -94.58911183526683,
              38.94949540972846
            ],
            [
              -94.58697212644573,
              38.949401083063385
            ],
            [
              -94.58692269497523,
              38.95033732972626
            ],
            [
              -94.5874950065905,
              38.95036287236607
            ],
            [
              -94.5874095263033,
              38.95207697262126
            ],
            [
              -94.58746570761416,
              38.95208251413605
            ],
            [
              -94.58750450966998,
              38.95129967040995
            ],
            [
              -94.5891061210471,
              38.95136751380201
            ],
            [
              -94.58906170782267,
              38.95224142977901
            ],
            [
              -94.58914942307788,
              38.95225012576928
            ],
            [
              -94.58922043077378,
              38.95085154585115
            ]
          ]
        ],
        "type": "Polygon"
      },
      "properties": {
        "address": "9801 Grand Ave Kansas City MO 64114",
        "case_number": "CPDC-2021-00087",
        "category": "Pre-Demolition Inspection - Commercial",
        "date": "2021-06-03T15:53:10.033",
        "detail_url": "https://compasskc.kcmo.org/EnerGov_Prod/SelfService#/permit/b96b1436-4786-4a90-be08-d36321742456",
        "external_id": "b96b1436-4786-4a90-be08-d36321742456",
        "geometry_source": "KCMO parcels",
        "has_parcel_polygon": true,
        "match_method": "parcel_id",
        "match_status": "matched",
        "parcel_address": "9801 Grand Ave",
        "parcel_id": "152042",
        "record_id": "case:b96b1436-4786-4a90-be08-d36321742456",
        "record_type": "Pre-Demolition Inspection - Commercial",
        "status": "Issued",
        "year": "2021"
      },
      "type": "Feature"
    },
    {
      "geometry": {
        "coordinates": [
          [
            [
              -94.5220002832036,
              39.07336975702793
            ],
            [
              -94.52185938552151,
              39.07336598588294
            ],
            [
              -94.52184116393421,
              39.0737692862376
            ],
            [
              -94.52198197432139,
              39.073772944160794
            ],
            [
              -94.5220002832036,
              39.07336975702793
            ]
          ]
        ],
        "type": "Polygon"
      },
      "properties": {
        "address": "5216 E 28th Ter Kansas City MO 64128",
        "case_number": "CPDR-2021-00089",
        "category": "Complete Building or Structure Demolition - Residential",
        "date": "2021-06-04T09:12:19.327",
        "detail_url": "https://compasskc.kcmo.org/EnerGov_Prod/SelfService#/permit/68b9c89f-7b4a-4280-a710-2ec369cb6582",
        "external_id": "68b9c89f-7b4a-4280-a710-2ec369cb6582",
        "geometry_source": "KCMO parcels",
        "has_parcel_polygon": true,
        "match_method": "parcel_id",
        "match_status": "matched",
        "parcel_address": "5216 E 28th Ter",
        "parcel_id": "21803",
        "record_id": "case:68b9c89f-7b4a-4280-a710-2ec369cb6582",
        "record_type": "Complete Building or Structure Demolition - Residential",
        "status": "Closed",
        "year": "2021"
      },
      "type": "Feature"
    },
    {
      "geometry": {
        "coordinates": [
          [
            [
              -94.67778986427187,
              39.229482192385575
            ],
            [
              -94.67585930084181,
              39.229475545344165
            ],
            [
              -94.67559410292948,
              39.22978613176887
            ],
            [
              -94.67553645733123,
              39.22986254686919
            ],
            [
              -94.67546213910249,
              39.22998964430287
            ],
            [
              -94.67543002119172,
              39.23006311396838
            ],
            [
              -94.67540741431928,
              39.230128929617045
            ],
            [
              -94.67779565863643,
              39.23014544335996
            ],
            [
              -94.67778986427187,
              39.229482192385575
            ]
          ]
        ],
        "type": "Polygon"
      },
      "properties": {
        "address": "7414 NW Mace Rd Kansas City MO 64152",
        "case_number": "CPDR-2021-00088",
        "category": "Pre-Demolition Inspection - Residential",
        "date": "2021-06-06T22:58:12.023",
        "detail_url": "https://compasskc.kcmo.org/EnerGov_Prod/SelfService#/permit/57fd924a-c5c5-4b8a-b4e5-356ae0cd121a",
        "external_id": "57fd924a-c5c5-4b8a-b4e5-356ae0cd121a",
        "geometry_source": "KCMO parcels",
        "has_parcel_polygon": true,
        "match_method": "parcel_id",
        "match_status": "matched",
        "parcel_address": "7414 NW Mace Rd",
        "parcel_id": "255023",
        "record_id": "case:57fd924a-c5c5-4b8a-b4e5-356ae0cd121a",
        "record_type": "Pre-Demolition Inspection - Residential",
        "status": "Issued",
        "year": "2021"
      },
      "type": "Feature"
    },
    {
      "geometry": {
        "coordinates": [
          [
            [
              -94.55384252188583,
              38.97813922692758
            ],
            [
              -94.5533256679453,
              38.978115095805556
            ],
            [
              -94.55332000919924,
              38.97823085423647
            ],
            [
              -94.55383648222582,
              38.97825313275579
            ],
            [
              -94.55384252188583,
              38.97813922692758
            ]
          ]
        ],
        "type": "Polygon"
      },
      "properties": {
        "address": "8136 Agnes Ave Kansas City MO 64132",
        "case_number": "CPDR-2021-00090",
        "category": "Complete Building or Structure Demolition - Residential",
        "date": "2021-06-08T07:09:10.49",
        "detail_url": "https://compasskc.kcmo.org/EnerGov_Prod/SelfService#/permit/251d826b-5b1a-418b-a8ec-17d2e44f89c1",
        "external_id": "251d826b-5b1a-418b-a8ec-17d2e44f89c1",
        "geometry_source": "KCMO parcels",
        "has_parcel_polygon": true,
        "match_method": "parcel_id",
        "match_status": "matched",
        "parcel_address": "8136 Agnes Ave",
        "parcel_id": "4964",
        "record_id": "case:251d826b-5b1a-418b-a8ec-17d2e44f89c1",
        "record_type": "Complete Building or Structure Demolition - Residential",
        "status": "Closed",
        "year": "2021"
      },
      "type": "Feature"
    },
    {
      "geometry": {
        "coordinates": [
          [
            [
              -94.55426566697591,
              39.07650568180313
            ],
            [
              -94.55423893395547,
              39.07709183126386
            ],
            [
              -94.55468745959763,
              39.07710688326487
            ],
            [
              -94.55471471871215,
              39.07652066424251
            ],
            [
              -94.55426566697591,
              39.07650568180313
            ]
          ]
        ],
        "type": "Polygon"
      },
      "properties": {
        "address": "2409 E 27th St Kansas City MO 64109",
        "case_number": "CPDR-2021-00091",
        "category": "Complete Building or Structure Demolition - Residential",
        "date": "2021-06-08T15:07:08.19",
        "detail_url": "https://compasskc.kcmo.org/EnerGov_Prod/SelfService#/permit/ac23c529-f5c2-4bbe-9c25-1b99185006cf",
        "external_id": "ac23c529-f5c2-4bbe-9c25-1b99185006cf",
        "geometry_source": "KCMO parcels",
        "has_parcel_polygon": true,
        "match_method": "parcel_id",
        "match_status": "matched",
        "parcel_address": "2703 Olive St",
        "parcel_id": "290193",
        "record_id": "case:ac23c529-f5c2-4bbe-9c25-1b99185006cf",
        "record_type": "Complete Building or Structure Demolition - Residential",
        "status": "Closed",
        "year": "2021"
      },
      "type": "Feature"
    },
    {
      "geometry": {
        "coordinates": [
          [
            [
              -94.54490145994906,
              39.10014304095986
            ],
            [
              -94.54458734111167,
              39.10013176749431
            ],
            [
              -94.54457589908516,
              39.10033556961822
            ],
            [
              -94.54488896238993,
              39.10034677545032
            ],
            [
              -94.54490145994906,
              39.10014304095986
            ]
          ]
        ],
        "type": "Polygon"
      },
      "properties": {
        "address": "1102 Benton Blvd Kansas City MO 64127",
        "case_number": "CPDC-2021-00096",
        "category": "Pre-Demolition Inspection - Commercial",
        "date": "2021-06-09T13:20:09.837",
        "detail_url": "https://compasskc.kcmo.org/EnerGov_Prod/SelfService#/permit/92f23690-6a29-4406-89cf-d371c19180b0",
        "external_id": "92f23690-6a29-4406-89cf-d371c19180b0",
        "geometry_source": "KCMO parcels",
        "has_parcel_polygon": true,
        "match_method": "parcel_id",
        "match_status": "matched",
        "parcel_address": "1102 Benton Blvd",
        "parcel_id": "10954",
        "record_id": "case:92f23690-6a29-4406-89cf-d371c19180b0",
        "record_type": "Pre-Demolition Inspection - Commercial",
        "status": "Issued",
        "year": "2021"
      },
      "type": "Feature"
    },
    {
      "geometry": {
        "coordinates": [
          [
            [
              -94.55305896642895,
              39.06272402600326
            ],
            [
              -94.55256536310016,
              39.062708736316544
            ],
            [
              -94.55255490846857,
              39.06293764093493
            ],
            [
              -94.5530483659587,
              39.06295201549775
            ],
            [
              -94.55305896642895,
              39.06272402600326
            ]
          ]
        ],
        "type": "Polygon"
      },
      "properties": {
        "address": "3445 Prospect Ave Kansas City MO 64128",
        "case_number": "CPDC-2021-00097",
        "category": "Complete Building Demolition - Commercial",
        "date": "2021-06-09T18:41:17.443",
        "detail_url": "https://compasskc.kcmo.org/EnerGov_Prod/SelfService#/permit/80705903-3b52-41bb-ba3c-3ec646854ae3",
        "external_id": "80705903-3b52-41bb-ba3c-3ec646854ae3",
        "geometry_source": "KCMO parcels",
        "has_parcel_polygon": true,
        "match_method": "parcel_id",
        "match_status": "matched",
        "parcel_address": "3443 Prospect Ave",
        "parcel_id": "25367",
        "record_id": "case:80705903-3b52-41bb-ba3c-3ec646854ae3",
        "record_type": "Complete Building Demolition - Commercial",
        "status": "Voided-City",
        "year": "2021"
      },
      "type": "Feature"
    },
    {
      "geometry": {
        "coordinates": [
          [
            [
              -94.67778986427187,
              39.229482192385575
            ],
            [
              -94.67585930084181,
              39.229475545344165
            ],
            [
              -94.67559410292948,
              39.22978613176887
            ],
            [
              -94.67553645733123,
              39.22986254686919
            ],
            [
              -94.67546213910249,
              39.22998964430287
            ],
            [
              -94.67543002119172,
              39.23006311396838
            ],
            [
              -94.67540741431928,
              39.230128929617045
            ],
            [
              -94.67779565863643,
              39.23014544335996
            ],
            [
              -94.67778986427187,
              39.229482192385575
            ]
          ]
        ],
        "type": "Polygon"
      },
      "properties": {
        "address": "7414 NW Mace Rd Kansas City MO 64152",
        "case_number": "CPDR-2021-00092",
        "category": "Partial Building Demolition - Residential",
        "date": "2021-06-10T17:02:18.167",
        "detail_url": "https://compasskc.kcmo.org/EnerGov_Prod/SelfService#/permit/0ff0afbc-600b-4aa3-a072-787282e7c217",
        "external_id": "0ff0afbc-600b-4aa3-a072-787282e7c217",
        "geometry_source": "KCMO parcels",
        "has_parcel_polygon": true,
        "match_method": "parcel_id",
        "match_status": "matched",
        "parcel_address": "7414 NW Mace Rd",
        "parcel_id": "255023",
        "record_id": "case:0ff0afbc-600b-4aa3-a072-787282e7c217",
        "record_type": "Partial Building Demolition - Residential",
        "status": "Voided-City",
        "year": "2021"
      },
      "type": "Feature"
    },
    {
      "geometry": {
        "coordinates": [
          [
            [
              -94.59381619358496,
              39.06210133128723
            ],
            [
              -94.59335269605016,
              39.06208477139692
            ],
            [
              -94.59334462646628,
              39.062219500794214
            ],
            [
              -94.59380821168591,
              39.06223512310306
            ],
            [
              -94.59381619358496,
              39.06210133128723
            ]
          ]
        ],
        "type": "Polygon"
      },
      "properties": {
        "address": "3631 Jefferson St Kansas City MO 64111",
        "case_number": "CPDR-2021-00093",
        "category": "Pre-Demolition Inspection - Residential",
        "date": "2021-06-11T08:47:16.043",
        "detail_url": "https://compasskc.kcmo.org/EnerGov_Prod/SelfService#/permit/8fd92b93-1e38-4044-a0fa-0745c9345669",
        "external_id": "8fd92b93-1e38-4044-a0fa-0745c9345669",
        "geometry_source": "KCMO parcels",
        "has_parcel_polygon": true,
        "match_method": "parcel_id",
        "match_status": "matched",
        "parcel_address": "3631 Jefferson St",
        "parcel_id": "129655",
        "record_id": "case:8fd92b93-1e38-4044-a0fa-0745c9345669",
        "record_type": "Pre-Demolition Inspection - Residential",
        "status": "Voided-City",
        "year": "2021"
      },
      "type": "Feature"
    },
    {
      "geometry": {
        "coordinates": [
          [
            [
              -94.57366757854733,
              39.027257766143784
            ],
            [
              -94.57318571786385,
              39.02724365442933
            ],
            [
              -94.57316666760607,
              39.027573929811496
            ],
            [
              -94.57364888356422,
              39.02758902640476
            ],
            [
              -94.57366757854733,
              39.027257766143784
            ]
          ]
        ],
        "type": "Polygon"
      },
      "properties": {
        "address": "5437 Troost Ave Kansas City MO 64110",
        "case_number": "CPDC-2021-00098",
        "category": "Complete Building Demolition - Commercial",
        "date": "2021-06-11T10:34:08.41",
        "detail_url": "https://compasskc.kcmo.org/EnerGov_Prod/SelfService#/permit/04bb113e-d036-4803-9bc1-063c9799316f",
        "external_id": "04bb113e-d036-4803-9bc1-063c9799316f",
        "geometry_source": "KCMO parcels",
        "has_parcel_polygon": true,
        "match_method": "parcel_id",
        "match_status": "matched",
        "parcel_address": "5445 Troost Ave",
        "parcel_id": "146426",
        "record_id": "case:04bb113e-d036-4803-9bc1-063c9799316f",
        "record_type": "Complete Building Demolition - Commercial",
        "status": "Closed",
        "year": "2021"
      },
      "type": "Feature"
    },
    {
      "geometry": {
        "coordinates": [
          [
            [
              -94.59381619358496,
              39.06210133128723
            ],
            [
              -94.59335269605016,
              39.06208477139692
            ],
            [
              -94.59334462646628,
              39.062219500794214
            ],
            [
              -94.59380821168591,
              39.06223512310306
            ],
            [
              -94.59381619358496,
              39.06210133128723
            ]
          ]
        ],
        "type": "Polygon"
      },
      "properties": {
        "address": "3631 Jefferson St Kansas City MO 64111",
        "case_number": "CPDR-2021-00095",
        "category": "Partial Building Demolition - Residential",
        "date": "2021-06-11T15:15:36.12",
        "detail_url": "https://compasskc.kcmo.org/EnerGov_Prod/SelfService#/permit/a6a49334-33a7-48b7-aca4-c443c4f8dcd3",
        "external_id": "a6a49334-33a7-48b7-aca4-c443c4f8dcd3",
        "geometry_source": "KCMO parcels",
        "has_parcel_polygon": true,
        "match_method": "parcel_id",
        "match_status": "matched",
        "parcel_address": "3631 Jefferson St",
        "parcel_id": "129655",
        "record_id": "case:a6a49334-33a7-48b7-aca4-c443c4f8dcd3",
        "record_type": "Partial Building Demolition - Residential",
        "status": "Voided-City",
        "year": "2021"
      },
      "type": "Feature"
    },
    {
      "geometry": {
        "coordinates": [
          [
            [
              -94.5126597228918,
              39.18953808805176
            ],
            [
              -94.51227678561058,
              39.189314725368774
            ],
            [
              -94.51217089962772,
              39.18942273111918
            ],
            [
              -94.51255004396405,
              39.18964401301556
            ],
            [
              -94.5126597228918,
              39.18953808805176
            ]
          ]
        ],
        "type": "Polygon"
      },
      "properties": {
        "address": "5715 NE Vivion Rd Kansas City MO 64119",
        "case_number": "CPDR-2021-00094",
        "category": "Complete Building or Structure Demolition - Residential",
        "date": "2021-06-14T11:29:16.827",
        "detail_url": "https://compasskc.kcmo.org/EnerGov_Prod/SelfService#/permit/7c603e36-c306-4a7a-86d6-4878821a0936",
        "external_id": "7c603e36-c306-4a7a-86d6-4878821a0936",
        "geometry_source": "KCMO parcels",
        "has_parcel_polygon": true,
        "match_method": "parcel_id",
        "match_status": "matched",
        "parcel_address": "5715 NE Vivion Rd",
        "parcel_id": "80643",
        "record_id": "case:7c603e36-c306-4a7a-86d6-4878821a0936",
        "record_type": "Complete Building or Structure Demolition - Residential",
        "status": "Closed",
        "year": "2021"
      },
      "type": "Feature"
    },
    {
      "geometry": {
        "coordinates": [
          [
            [
              -94.58766864835246,
              39.247352601498726
            ],
            [
              -94.58835174183874,
              39.2473568609781
            ],
            [
              -94.58836003139565,
              39.2466125441281
            ],
            [
              -94.58781703526046,
              39.24661097452596
            ],
            [
              -94.58781671145324,
              39.246691688938064
            ],
            [
              -94.58767547728806,
              39.246690807490374
            ],
            [
              -94.58766864835246,
              39.247352601498726
            ]
          ]
        ],
        "type": "Polygon"
      },
      "properties": {
        "address": "620 NW Barry Rd Kansas City MO 64155",
        "case_number": "CPDC-2021-00099",
        "category": "Pre-Demolition Inspection - Commercial",
        "date": "2021-06-15T08:56:07.703",
        "detail_url": "https://compasskc.kcmo.org/EnerGov_Prod/SelfService#/permit/35b6da9b-7fcd-484d-94be-508adb4fcee1",
        "external_id": "35b6da9b-7fcd-484d-94be-508adb4fcee1",
        "geometry_source": "KCMO parcels",
        "has_parcel_polygon": true,
        "match_method": "parcel_id",
        "match_status": "matched",
        "parcel_address": "600 NW Barry Rd",
        "parcel_id": "288594",
        "record_id": "case:35b6da9b-7fcd-484d-94be-508adb4fcee1",
        "record_type": "Pre-Demolition Inspection - Commercial",
        "status": "Issued",
        "year": "2021"
      },
      "type": "Feature"
    },
    {
      "geometry": {
        "coordinates": [
          [
            [
              -94.55305896642895,
              39.06272402600326
            ],
            [
              -94.55256536310016,
              39.062708736316544
            ],
            [
              -94.55255490846857,
              39.06293764093493
            ],
            [
              -94.5530483659587,
              39.06295201549775
            ],
            [
              -94.55305896642895,
              39.06272402600326
            ]
          ]
        ],
        "type": "Polygon"
      },
      "properties": {
        "address": "3445 Prospect Ave Kansas City MO 64128",
        "case_number": "CPDC-2021-00103",
        "category": "Complete Building Demolition - Commercial",
        "date": "2021-06-16T12:37:07.87",
        "detail_url": "https://compasskc.kcmo.org/EnerGov_Prod/SelfService#/permit/9fd6017c-9703-4080-aef2-471f87f1e47b",
        "external_id": "9fd6017c-9703-4080-aef2-471f87f1e47b",
        "geometry_source": "KCMO parcels",
        "has_parcel_polygon": true,
        "match_method": "parcel_id",
        "match_status": "matched",
        "parcel_address": "3443 Prospect Ave",
        "parcel_id": "25367",
        "record_id": "case:9fd6017c-9703-4080-aef2-471f87f1e47b",
        "record_type": "Complete Building Demolition - Commercial",
        "status": "Issued",
        "year": "2021"
      },
      "type": "Feature"
    },
    {
      "geometry": {
        "coordinates": [
          [
            [
              -94.58766864835246,
              39.247352601498726
            ],
            [
              -94.58835174183874,
              39.2473568609781
            ],
            [
              -94.58836003139565,
              39.2466125441281
            ],
            [
              -94.58781703526046,
              39.24661097452596
            ],
            [
              -94.58781671145324,
              39.246691688938064
            ],
            [
              -94.58767547728806,
              39.246690807490374
            ],
            [
              -94.58766864835246,
              39.247352601498726
            ]
          ]
        ],
        "type": "Polygon"
      },
      "properties": {
        "address": "620 NW Barry Rd Kansas City MO 64155",
        "case_number": "CPDC-2021-00102",
        "category": "Complete Building Demolition - Commercial",
        "date": "2021-06-16T13:30:28.56",
        "detail_url": "https://compasskc.kcmo.org/EnerGov_Prod/SelfService#/permit/f8f46114-de66-42fa-a62b-e7312e66179d",
        "external_id": "f8f46114-de66-42fa-a62b-e7312e66179d",
        "geometry_source": "KCMO parcels",
        "has_parcel_polygon": true,
        "match_method": "parcel_id",
        "match_status": "matched",
        "parcel_address": "600 NW Barry Rd",
        "parcel_id": "288594",
        "record_id": "case:f8f46114-de66-42fa-a62b-e7312e66179d",
        "record_type": "Complete Building Demolition - Commercial",
        "status": "Closed",
        "year": "2021"
      },
      "type": "Feature"
    },
    {
      "geometry": {
        "coordinates": [
          [
            [
              -94.59425231643107,
              39.0869484867678
            ],
            [
              -94.59381019386932,
              39.08693458745791
            ],
            [
              -94.59380459101799,
              39.08703734993579
            ],
            [
              -94.59424675840957,
              39.08705136248984
            ],
            [
              -94.59425231643107,
              39.0869484867678
            ]
          ]
        ],
        "type": "Polygon"
      },
      "properties": {
        "address": "2116 Summit St Kansas City MO 64108",
        "case_number": "CPDR-2021-00097",
        "category": "Pre-Demolition Inspection - Residential",
        "date": "2021-06-16T17:26:33.047",
        "detail_url": "https://compasskc.kcmo.org/EnerGov_Prod/SelfService#/permit/1fece0db-1c2d-40a8-9ad5-352619fbe14b",
        "external_id": "1fece0db-1c2d-40a8-9ad5-352619fbe14b",
        "geometry_source": "KCMO parcels",
        "has_parcel_polygon": true,
        "match_method": "parcel_id",
        "match_status": "matched",
        "parcel_address": "2116 Summit St",
        "parcel_id": "123812",
        "record_id": "case:1fece0db-1c2d-40a8-9ad5-352619fbe14b",
        "record_type": "Pre-Demolition Inspection - Residential",
        "status": "Voided-City",
        "year": "2021"
      },
      "type": "Feature"
    },
    {
      "geometry": {
        "coordinates": [
          [
            [
              -94.56815846373087,
              39.05501018295617
            ],
            [
              -94.56772322096285,
              39.05499480772016
            ],
            [
              -94.56771805644878,
              39.055086586450976
            ],
            [
              -94.5681532990669,
              39.05510198401475
            ],
            [
              -94.56815846373087,
              39.05501018295617
            ]
          ]
        ],
        "type": "Polygon"
      },
      "properties": {
        "address": "3920 Paseo Kansas City MO 64110",
        "case_number": "CPDR-2021-00100",
        "category": "Complete Building or Structure Demolition - Residential",
        "date": "2021-06-24T09:50:12.6",
        "detail_url": "https://compasskc.kcmo.org/EnerGov_Prod/SelfService#/permit/d331c7da-0e66-4c64-91ae-32e7ef508d3f",
        "external_id": "d331c7da-0e66-4c64-91ae-32e7ef508d3f",
        "geometry_source": "KCMO parcels",
        "has_parcel_polygon": true,
        "match_method": "parcel_id",
        "match_status": "matched",
        "parcel_address": "3920 Paseo",
        "parcel_id": "135579",
        "record_id": "case:d331c7da-0e66-4c64-91ae-32e7ef508d3f",
        "record_type": "Complete Building or Structure Demolition - Residential",
        "status": "Closed",
        "year": "2021"
      },
      "type": "Feature"
    },
    {
      "geometry": {
        "coordinates": [
          [
            [
              -94.58922043077378,
              38.95085154585115
            ],
            [
              -94.58911587190028,
              38.95084704947411
            ],
            [
              -94.58913947442066,
              38.95036613567684
            ],
            [
              -94.58907025779973,
              38.95036309954491
            ],
            [
              -94.58911183526683,
              38.94949540972846
            ],
            [
              -94.58697212644573,
              38.949401083063385
            ],
            [
              -94.58692269497523,
              38.95033732972626
            ],
            [
              -94.5874950065905,
              38.95036287236607
            ],
            [
              -94.5874095263033,
              38.95207697262126
            ],
            [
              -94.58746570761416,
              38.95208251413605
            ],
            [
              -94.58750450966998,
              38.95129967040995
            ],
            [
              -94.5891061210471,
              38.95136751380201
            ],
            [
              -94.58906170782267,
              38.95224142977901
            ],
            [
              -94.58914942307788,
              38.95225012576928
            ],
            [
              -94.58922043077378,
              38.95085154585115
            ]
          ]
        ],
        "type": "Polygon"
      },
      "properties": {
        "address": "9801 Grand Ave Kansas City MO 64114",
        "case_number": "CPDC-2021-00095",
        "category": "Complete Building Demolition - Commercial",
        "date": "2021-06-24T11:40:21.52",
        "detail_url": "https://compasskc.kcmo.org/EnerGov_Prod/SelfService#/permit/6499824a-0d68-45d5-8f28-40783535b92b",
        "external_id": "6499824a-0d68-45d5-8f28-40783535b92b",
        "geometry_source": "KCMO parcels",
        "has_parcel_polygon": true,
        "match_method": "parcel_id",
        "match_status": "matched",
        "parcel_address": "9801 Grand Ave",
        "parcel_id": "152042",
        "record_id": "case:6499824a-0d68-45d5-8f28-40783535b92b",
        "record_type": "Complete Building Demolition - Commercial",
        "status": "Closed",
        "year": "2021"
      },
      "type": "Feature"
    },
    {
      "geometry": {
        "coordinates": [
          [
            [
              -94.49550626875526,
              39.106805607497094
            ],
            [
              -94.49522487337462,
              39.107220048121
            ],
            [
              -94.49514285009442,
              39.10764667875143
            ],
            [
              -94.495199039397,
              39.10795797135949
            ],
            [
              -94.49594694114673,
              39.10859016955882
            ],
            [
              -94.49941559369078,
              39.1094725167578
            ],
            [
              -94.500000906135,
              39.11005089601068
            ],
            [
              -94.50047984914887,
              39.10990965274415
            ],
            [
              -94.5003420732106,
              39.108126426224715
            ],
            [
              -94.50008551198938,
              39.10507460318785
            ],
            [
              -94.50005776037474,
              39.10483856616631
            ],
            [
              -94.50002510403452,
              39.104633578206794
            ],
            [
              -94.497288981253,
              39.1045351374585
            ],
            [
              -94.49581710241358,
              39.10613788450675
            ],
            [
              -94.49550626875526,
              39.106805607497094
            ]
          ]
        ],
        "type": "Polygon"
      },
      "properties": {
        "address": "7000 Winner Rd Unit: MAIN Kansas City MO 64125",
        "case_number": "CPDC-2021-00104",
        "category": "Pre-Demolition Inspection - Commercial",
        "date": "2021-06-24T12:34:11.213",
        "detail_url": "https://compasskc.kcmo.org/EnerGov_Prod/SelfService#/permit/a81c9b31-4ff3-42b8-b751-6266c9ee6506",
        "external_id": "a81c9b31-4ff3-42b8-b751-6266c9ee6506",
        "geometry_source": "KCMO parcels",
        "has_parcel_polygon": true,
        "match_method": "parcel_id",
        "match_status": "matched",
        "parcel_address": "7000 Roberts St",
        "parcel_id": "46434",
        "record_id": "case:a81c9b31-4ff3-42b8-b751-6266c9ee6506",
        "record_type": "Pre-Demolition Inspection - Commercial",
        "status": "Issued",
        "year": "2021"
      },
      "type": "Feature"
    },
    {
      "geometry": {
        "coordinates": [
          [
            [
              -94.56270515575409,
              39.06048419207038
            ],
            [
              -94.56269551184552,
              39.06066241616726
            ],
            [
              -94.56315364903989,
              39.060677727959536
            ],
            [
              -94.5631633519418,
              39.06049948091279
            ],
            [
              -94.56270515575409,
              39.06048419207038
            ]
          ]
        ],
        "type": "Polygon"
      },
      "properties": {
        "address": "3618 Woodland Ave Kansas City MO 64109",
        "case_number": "CPDR-2021-00102",
        "category": "Complete Building or Structure Demolition - Residential",
        "date": "2021-06-28T09:57:08.213",
        "detail_url": "https://compasskc.kcmo.org/EnerGov_Prod/SelfService#/permit/c381f7b4-057c-470c-97ab-fdea7ea739e9",
        "external_id": "c381f7b4-057c-470c-97ab-fdea7ea739e9",
        "geometry_source": "KCMO parcels",
        "has_parcel_polygon": true,
        "match_method": "parcel_id",
        "match_status": "matched",
        "parcel_address": "3616 Woodland Ave",
        "parcel_id": "290277",
        "record_id": "case:c381f7b4-057c-470c-97ab-fdea7ea739e9",
        "record_type": "Complete Building or Structure Demolition - Residential",
        "status": "Closed",
        "year": "2021"
      },
      "type": "Feature"
    },
    {
      "geometry": {
        "coordinates": [
          [
            [
              -94.55100346103958,
              39.04172949319227
            ],
            [
              -94.5506119035537,
              39.04171563774329
            ],
            [
              -94.55060707235883,
              39.0418118541137
            ],
            [
              -94.55099857096023,
              39.041825709032246
            ],
            [
              -94.55100346103958,
              39.04172949319227
            ]
          ]
        ],
        "type": "Polygon"
      },
      "properties": {
        "address": "4625 South Benton Ave Kansas City MO 64130",
        "case_number": "CPDR-2021-00098",
        "category": "Complete Building or Structure Demolition - Residential",
        "date": "2021-07-01T00:00:00",
        "detail_url": "https://compasskc.kcmo.org/EnerGov_Prod/SelfService#/permit/5bc1944a-9bf7-4d8d-8796-e086776fb7c4",
        "external_id": "5bc1944a-9bf7-4d8d-8796-e086776fb7c4",
        "geometry_source": "KCMO parcels",
        "has_parcel_polygon": true,
        "match_method": "parcel_id",
        "match_status": "matched",
        "parcel_address": "4625 South Benton Ave",
        "parcel_id": "34727",
        "record_id": "case:5bc1944a-9bf7-4d8d-8796-e086776fb7c4",
        "record_type": "Complete Building or Structure Demolition - Residential",
        "status": "Closed",
        "year": "2021"
      },
      "type": "Feature"
    },
    {
      "geometry": {
        "coordinates": [
          [
            [
              -94.5632671277161,
              39.05556841708821
            ],
            [
              -94.56297850160671,
              39.05555910061959
            ],
            [
              -94.56297489460322,
              39.0556280654971
            ],
            [
              -94.56326346366544,
              39.05563726702904
            ],
            [
              -94.5632671277161,
              39.05556841708821
            ]
          ]
        ],
        "type": "Polygon"
      },
      "properties": {
        "address": "3902 Woodland Ave Kansas City MO 64110",
        "case_number": "CPDC-2021-00109",
        "category": "Pre-Demolition Inspection - Commercial",
        "date": "2021-07-06T00:42:11.413",
        "detail_url": "https://compasskc.kcmo.org/EnerGov_Prod/SelfService#/permit/28f6cf9d-a075-4d6f-898d-e96c8f11af4a",
        "external_id": "28f6cf9d-a075-4d6f-898d-e96c8f11af4a",
        "geometry_source": "KCMO parcels",
        "has_parcel_polygon": true,
        "match_method": "parcel_id",
        "match_status": "matched",
        "parcel_address": "3902 Woodland Ave",
        "parcel_id": "135458",
        "record_id": "case:28f6cf9d-a075-4d6f-898d-e96c8f11af4a",
        "record_type": "Pre-Demolition Inspection - Commercial",
        "status": "Closed",
        "year": "2021"
      },
      "type": "Feature"
    },
    {
      "geometry": {
        "coordinates": [
          [
            [
              -94.58231667351461,
              39.0930523084463
            ],
            [
              -94.58191064653788,
              39.093039460855465
            ],
            [
              -94.58190243948603,
              39.09317865001795
            ],
            [
              -94.58230823328674,
              39.093191657966415
            ],
            [
              -94.58231667351461,
              39.0930523084463
            ]
          ]
        ],
        "type": "Polygon"
      },
      "properties": {
        "address": "1705 Walnut St Kansas City MO 64108",
        "case_number": "CPDC-2021-00110",
        "category": "Complete Building Demolition - Commercial",
        "date": "2021-07-06T07:01:34.347",
        "detail_url": "https://compasskc.kcmo.org/EnerGov_Prod/SelfService#/permit/427e7ff0-dbfd-4ca0-a5f2-90a8fce85be5",
        "external_id": "427e7ff0-dbfd-4ca0-a5f2-90a8fce85be5",
        "geometry_source": "KCMO parcels",
        "has_parcel_polygon": true,
        "match_method": "parcel_id",
        "match_status": "matched",
        "parcel_address": "1705 Walnut St",
        "parcel_id": "122742",
        "record_id": "case:427e7ff0-dbfd-4ca0-a5f2-90a8fce85be5",
        "record_type": "Complete Building Demolition - Commercial",
        "status": "In Review",
        "year": "2021"
      },
      "type": "Feature"
    },
    {
      "geometry": {
        "coordinates": [
          [
            [
              -94.56660414693874,
              39.18349360535761
            ],
            [
              -94.56729162200706,
              39.18349760226028
            ],
            [
              -94.56729633304703,
              39.1829508972863
            ],
            [
              -94.56660804125544,
              39.182947311006885
            ],
            [
              -94.56660414693874,
              39.18349360535761
            ]
          ]
        ],
        "type": "Polygon"
      },
      "properties": {
        "address": "4911 N Troost Ave Kansas City MO 64118",
        "case_number": "CPDR-2021-00099",
        "category": "Complete Building or Structure Demolition - Residential",
        "date": "2021-07-07T00:00:00",
        "detail_url": "https://compasskc.kcmo.org/EnerGov_Prod/SelfService#/permit/859f9067-21e2-4179-a58b-5cf86a8a7fe0",
        "external_id": "859f9067-21e2-4179-a58b-5cf86a8a7fe0",
        "geometry_source": "KCMO parcels",
        "has_parcel_polygon": true,
        "match_method": "parcel_id",
        "match_status": "matched",
        "parcel_address": "4901 N Troost Ave",
        "parcel_id": "290613",
        "record_id": "case:859f9067-21e2-4179-a58b-5cf86a8a7fe0",
        "record_type": "Complete Building or Structure Demolition - Residential",
        "status": "Closed",
        "year": "2021"
      },
      "type": "Feature"
    },
    {
      "geometry": {
        "coordinates": [
          [
            [
              -94.55650316973139,
              39.252290907348645
            ],
            [
              -94.5565071728246,
              39.25229111189936
            ],
            [
              -94.5583501943083,
              39.25237682658684
            ],
            [
              -94.5583506501347,
              39.25232319599555
            ],
            [
              -94.55792584501293,
              39.25230702533133
            ],
            [
              -94.55793357481059,
              39.251400214733955
            ],
            [
              -94.55650917506243,
              39.25134016789154
            ],
            [
              -94.55650316973139,
              39.252290907348645
            ]
          ]
        ],
        "type": "Polygon"
      },
      "properties": {
        "address": "8721 N Highland Ave Kansas City MO 64155",
        "case_number": "CPDR-2021-00103",
        "category": "Complete Building or Structure Demolition - Residential",
        "date": "2021-07-07T06:41:09.317",
        "detail_url": "https://compasskc.kcmo.org/EnerGov_Prod/SelfService#/permit/42b40c6a-aa9e-432f-9444-5c6ce7709b17",
        "external_id": "42b40c6a-aa9e-432f-9444-5c6ce7709b17",
        "geometry_source": "KCMO parcels",
        "has_parcel_polygon": true,
        "match_method": "parcel_id",
        "match_status": "matched",
        "parcel_address": "8721 N Highland Ave",
        "parcel_id": "93533",
        "record_id": "case:42b40c6a-aa9e-432f-9444-5c6ce7709b17",
        "record_type": "Complete Building or Structure Demolition - Residential",
        "status": "Closed",
        "year": "2021"
      },
      "type": "Feature"
    },
    {
      "geometry": {
        "coordinates": [
          [
            [
              -94.67778986427187,
              39.229482192385575
            ],
            [
              -94.67585930084181,
              39.229475545344165
            ],
            [
              -94.67559410292948,
              39.22978613176887
            ],
            [
              -94.67553645733123,
              39.22986254686919
            ],
            [
              -94.67546213910249,
              39.22998964430287
            ],
            [
              -94.67543002119172,
              39.23006311396838
            ],
            [
              -94.67540741431928,
              39.230128929617045
            ],
            [
              -94.67779565863643,
              39.23014544335996
            ],
            [
              -94.67778986427187,
              39.229482192385575
            ]
          ]
        ],
        "type": "Polygon"
      },
      "properties": {
        "address": "7414 NW Mace Rd Kansas City MO 64152",
        "case_number": "CPDR-2021-00096",
        "category": "Complete Building or Structure Demolition - Residential",
        "date": "2021-07-07T06:56:07.963",
        "detail_url": "https://compasskc.kcmo.org/EnerGov_Prod/SelfService#/permit/df6e91d8-007c-4372-b9e3-6bc43b4a93de",
        "external_id": "df6e91d8-007c-4372-b9e3-6bc43b4a93de",
        "geometry_source": "KCMO parcels",
        "has_parcel_polygon": true,
        "match_method": "parcel_id",
        "match_status": "matched",
        "parcel_address": "7414 NW Mace Rd",
        "parcel_id": "255023",
        "record_id": "case:df6e91d8-007c-4372-b9e3-6bc43b4a93de",
        "record_type": "Complete Building or Structure Demolition - Residential",
        "status": "Closed",
        "year": "2021"
      },
      "type": "Feature"
    },
    {
      "geometry": {
        "coordinates": [
          [
            [
              -94.60780866565152,
              38.88775603495307
            ],
            [
              -94.60716509701153,
              38.8877338825351
            ],
            [
              -94.6071575913535,
              38.88778468639767
            ],
            [
              -94.60711376078663,
              38.887938628284545
            ],
            [
              -94.60705400793917,
              38.888096130812485
            ],
            [
              -94.60701233297868,
              38.888243571753854
            ],
            [
              -94.60699795251259,
              38.88839560973687
            ],
            [
              -94.60699764698397,
              38.88852372363299
            ],
            [
              -94.6070039515088,
              38.888549367464734
            ],
            [
              -94.60702283923483,
              38.88857198054804
            ],
            [
              -94.60705143726945,
              38.88858712478017
            ],
            [
              -94.60708531908948,
              38.88859249432424
            ],
            [
              -94.6077509669999,
              38.88859343737496
            ],
            [
              -94.60778023838668,
              38.88858956683873
            ],
            [
              -94.60780671674588,
              38.88857796377699
            ],
            [
              -94.60780866565152,
              38.88775603495307
            ]
          ]
        ],
        "type": "Polygon"
      },
      "properties": {
        "address": "13201 State Line Rd Kansas City MO 64145",
        "case_number": "CPDC-2021-00113",
        "category": "Pre-Demolition Inspection - Commercial",
        "date": "2021-07-15T14:34:07.733",
        "detail_url": "https://compasskc.kcmo.org/EnerGov_Prod/SelfService#/permit/096ded40-694e-43eb-af4a-f15fd2065f8f",
        "external_id": "096ded40-694e-43eb-af4a-f15fd2065f8f",
        "geometry_source": "KCMO parcels",
        "has_parcel_polygon": true,
        "match_method": "parcel_id",
        "match_status": "matched",
        "parcel_address": "13221 State Line Rd",
        "parcel_id": "228533",
        "record_id": "case:096ded40-694e-43eb-af4a-f15fd2065f8f",
        "record_type": "Pre-Demolition Inspection - Commercial",
        "status": "Issued",
        "year": "2021"
      },
      "type": "Feature"
    },
    {
      "geometry": {
        "coordinates": [
          [
            [
              -94.52672538318265,
              39.09216920563889
            ],
            [
              -94.52630501371279,
              39.09215655666723
            ],
            [
              -94.52630116997403,
              39.09224453334697
            ],
            [
              -94.52672183432108,
              39.09225720571743
            ],
            [
              -94.52672538318265,
              39.09216920563889
            ]
          ]
        ],
        "type": "Polygon"
      },
      "properties": {
        "address": "1605 Lister Ave Kansas City MO 64127",
        "case_number": "CPDR-2021-00107",
        "category": "Complete Building or Structure Demolition - Residential",
        "date": "2021-07-15T16:56:46.483",
        "detail_url": "https://compasskc.kcmo.org/EnerGov_Prod/SelfService#/permit/d70ef5b8-b6f0-42f1-b1cf-04c715a83191",
        "external_id": "d70ef5b8-b6f0-42f1-b1cf-04c715a83191",
        "geometry_source": "KCMO parcels",
        "has_parcel_polygon": true,
        "match_method": "parcel_id",
        "match_status": "matched",
        "parcel_address": "1605 Lister Ave",
        "parcel_id": "8739",
        "record_id": "case:d70ef5b8-b6f0-42f1-b1cf-04c715a83191",
        "record_type": "Complete Building or Structure Demolition - Residential",
        "status": "Closed",
        "year": "2021"
      },
      "type": "Feature"
    },
    {
      "geometry": {
        "coordinates": [
          [
            [
              -94.54830191916942,
              39.035049318710506
            ],
            [
              -94.54781683938299,
              39.03503224402034
            ],
            [
              -94.54781110441131,
              39.03514186784795
            ],
            [
              -94.54829570012697,
              39.03515892102502
            ],
            [
              -94.54830191916942,
              39.035049318710506
            ]
          ]
        ],
        "type": "Polygon"
      },
      "properties": {
        "address": "5004 Walrond Ave Kansas City MO 64130",
        "case_number": "CPDR-2021-00108",
        "category": "Complete Building or Structure Demolition - Residential",
        "date": "2021-07-15T16:56:48.623",
        "detail_url": "https://compasskc.kcmo.org/EnerGov_Prod/SelfService#/permit/91948dcf-84bf-4a4e-89d4-cae107070620",
        "external_id": "91948dcf-84bf-4a4e-89d4-cae107070620",
        "geometry_source": "KCMO parcels",
        "has_parcel_polygon": true,
        "match_method": "parcel_id",
        "match_status": "matched",
        "parcel_address": "5004 Walrond Ave",
        "parcel_id": "35344",
        "record_id": "case:91948dcf-84bf-4a4e-89d4-cae107070620",
        "record_type": "Complete Building or Structure Demolition - Residential",
        "status": "Closed",
        "year": "2021"
      },
      "type": "Feature"
    },
    {
      "geometry": {
        "coordinates": [
          [
            [
              -94.60305078316465,
              39.03871794868024
            ],
            [
              -94.60290470767913,
              39.03859923410221
            ],
            [
              -94.60256346195001,
              39.03886124670088
            ],
            [
              -94.60271021214423,
              39.03897941139258
            ],
            [
              -94.60305078316465,
              39.03871794868024
            ]
          ]
        ],
        "type": "Polygon"
      },
      "properties": {
        "address": "4933 Westwood Rd Kansas City MO 64112",
        "case_number": "CPDR-2021-00106",
        "category": "Complete Building or Structure Demolition - Residential",
        "date": "2021-07-19T07:03:23.187",
        "detail_url": "https://compasskc.kcmo.org/EnerGov_Prod/SelfService#/permit/ce79b100-b80c-4c7e-9c51-ab5d974e69af",
        "external_id": "ce79b100-b80c-4c7e-9c51-ab5d974e69af",
        "geometry_source": "KCMO parcels",
        "has_parcel_polygon": true,
        "match_method": "parcel_id",
        "match_status": "matched",
        "parcel_address": "4933 Westwood Rd",
        "parcel_id": "142192",
        "record_id": "case:ce79b100-b80c-4c7e-9c51-ab5d974e69af",
        "record_type": "Complete Building or Structure Demolition - Residential",
        "status": "Closed",
        "year": "2021"
      },
      "type": "Feature"
    },
    {
      "geometry": {
        "coordinates": [
          [
            [
              -94.54490145994906,
              39.10014304095986
            ],
            [
              -94.54458734111167,
              39.10013176749431
            ],
            [
              -94.54457589908516,
              39.10033556961822
            ],
            [
              -94.54488896238993,
              39.10034677545032
            ],
            [
              -94.54490145994906,
              39.10014304095986
            ]
          ]
        ],
        "type": "Polygon"
      },
      "properties": {
        "address": "1102 Benton Blvd Kansas City MO 64127",
        "case_number": "CPDC-2021-00117",
        "category": "Complete Building Demolition - Commercial",
        "date": "2021-07-19T15:26:41.59",
        "detail_url": "https://compasskc.kcmo.org/EnerGov_Prod/SelfService#/permit/1dbd50cf-ac07-445f-82f3-2ff159777396",
        "external_id": "1dbd50cf-ac07-445f-82f3-2ff159777396",
        "geometry_source": "KCMO parcels",
        "has_parcel_polygon": true,
        "match_method": "parcel_id",
        "match_status": "matched",
        "parcel_address": "1102 Benton Blvd",
        "parcel_id": "10954",
        "record_id": "case:1dbd50cf-ac07-445f-82f3-2ff159777396",
        "record_type": "Complete Building Demolition - Commercial",
        "status": "Closed",
        "year": "2021"
      },
      "type": "Feature"
    },
    {
      "geometry": {
        "coordinates": [
          [
            [
              -94.5632671277161,
              39.05556841708821
            ],
            [
              -94.56297850160671,
              39.05555910061959
            ],
            [
              -94.56297489460322,
              39.0556280654971
            ],
            [
              -94.56326346366544,
              39.05563726702904
            ],
            [
              -94.5632671277161,
              39.05556841708821
            ]
          ]
        ],
        "type": "Polygon"
      },
      "properties": {
        "address": "3902 Woodland Ave Kansas City MO 64110",
        "case_number": "CPDC-2021-00118",
        "category": "Complete Building Demolition - Commercial",
        "date": "2021-07-20T16:47:08.153",
        "detail_url": "https://compasskc.kcmo.org/EnerGov_Prod/SelfService#/permit/07618b26-e903-4c32-9aeb-bf2d0f62d17d",
        "external_id": "07618b26-e903-4c32-9aeb-bf2d0f62d17d",
        "geometry_source": "KCMO parcels",
        "has_parcel_polygon": true,
        "match_method": "parcel_id",
        "match_status": "matched",
        "parcel_address": "3902 Woodland Ave",
        "parcel_id": "135458",
        "record_id": "case:07618b26-e903-4c32-9aeb-bf2d0f62d17d",
        "record_type": "Complete Building Demolition - Commercial",
        "status": "Closed",
        "year": "2021"
      },
      "type": "Feature"
    },
    {
      "geometry": {
        "coordinates": [
          [
            [
              -94.51763811757996,
              39.116118514957954
            ],
            [
              -94.5174067876455,
              39.11611093104889
            ],
            [
              -94.51739818984076,
              39.11625970161729
            ],
            [
              -94.51762966719704,
              39.11626760699373
            ],
            [
              -94.51763811757996,
              39.116118514957954
            ]
          ]
        ],
        "type": "Polygon"
      },
      "properties": {
        "address": "5422 Norledge Ave Kansas City MO 64123",
        "case_number": "CPDR-2021-00109",
        "category": "Complete Building or Structure Demolition - Residential",
        "date": "2021-07-21T14:03:14.777",
        "detail_url": "https://compasskc.kcmo.org/EnerGov_Prod/SelfService#/permit/84cdf668-fd86-4090-957e-93c427d08685",
        "external_id": "84cdf668-fd86-4090-957e-93c427d08685",
        "geometry_source": "KCMO parcels",
        "has_parcel_polygon": true,
        "match_method": "parcel_id",
        "match_status": "matched",
        "parcel_address": "5422 Norledge Ave",
        "parcel_id": "42460",
        "record_id": "case:84cdf668-fd86-4090-957e-93c427d08685",
        "record_type": "Complete Building or Structure Demolition - Residential",
        "status": "Closed",
        "year": "2021"
      },
      "type": "Feature"
    },
    {
      "geometry": {
        "coordinates": [
          [
            [
              -94.49843782558587,
              39.119032541655315
            ],
            [
              -94.49521259727389,
              39.11893482219949
            ],
            [
              -94.4951579077617,
              39.12020663960777
            ],
            [
              -94.49527392759467,
              39.12025144404072
            ],
            [
              -94.49541700060138,
              39.12029860727197
            ],
            [
              -94.49566319975472,
              39.12036071467883
            ],
            [
              -94.49578920825215,
              39.12038387505244
            ],
            [
              -94.49594226946418,
              39.1204045176511
            ],
            [
              -94.49620013367597,
              39.120421527783094
            ],
            [
              -94.49635545788664,
              39.12042123415145
            ],
            [
              -94.49648466983673,
              39.120414923642855
            ],
            [
              -94.49674080259634,
              39.120385964801706
            ],
            [
              -94.49686693174512,
              39.12036336164204
            ],
            [
              -94.49701597144369,
              39.12032927343844
            ],
            [
              -94.49725700846315,
              39.12025578682788
            ],
            [
              -94.49739617844924,
              39.12020208864625
            ],
            [
              -94.49753056289717,
              39.12014141218117
            ],
            [
              -94.49765957064335,
              39.1200740091239
            ],
            [
              -94.49776255292178,
              39.12001294278471
            ],
            [
              -94.49788031079157,
              39.11993400686288
            ],
            [
              -94.49799122545313,
              39.11984928247944
            ],
            [
              -94.49809473587706,
              39.11975908882912
            ],
            [
              -94.49817510230876,
              39.119680036441615
            ],
            [
              -94.49829330110732,
              39.11954499740412
            ],
            [
              -94.49843782558587,
              39.119032541655315
            ]
          ]
        ],
        "type": "Polygon"
      },
      "properties": {
        "address": "7300 Hawthorne Rd Kansas City MO 64120",
        "case_number": "CPDC-2021-00121",
        "category": "Pre-Demolition Inspection - Commercial",
        "date": "2021-07-22T18:53:13.267",
        "detail_url": "https://compasskc.kcmo.org/EnerGov_Prod/SelfService#/permit/644fc058-6602-4d4c-b53f-c72724d166de",
        "external_id": "644fc058-6602-4d4c-b53f-c72724d166de",
        "geometry_source": "KCMO parcels",
        "has_parcel_polygon": true,
        "match_method": "parcel_id",
        "match_status": "matched",
        "parcel_address": "7300 Hawthorne Rd",
        "parcel_id": "38487",
        "record_id": "case:644fc058-6602-4d4c-b53f-c72724d166de",
        "record_type": "Pre-Demolition Inspection - Commercial",
        "status": "Voided-City",
        "year": "2021"
      },
      "type": "Feature"
    },
    {
      "geometry": {
        "coordinates": [
          [
            [
              -94.5879941389122,
              39.090066895526284
            ],
            [
              -94.58874612071777,
              39.09009442314584
            ],
            [
              -94.58878625321975,
              39.08934257760664
            ],
            [
              -94.58838282823788,
              39.08932828618954
            ],
            [
              -94.58836199421256,
              39.089738187941535
            ],
            [
              -94.58801174096463,
              39.08972536449221
            ],
            [
              -94.5879941389122,
              39.090066895526284
            ]
          ]
        ],
        "type": "Polygon"
      },
      "properties": {
        "address": "1923 Broadway Blvd Kansas City MO 64108",
        "case_number": "CPDC-2021-00129",
        "category": "Complete Building Demolition - Commercial",
        "date": "2021-07-26T07:29:07.66",
        "detail_url": "https://compasskc.kcmo.org/EnerGov_Prod/SelfService#/permit/d9c89ae2-d6d9-4c2b-956c-2ebb530e0656",
        "external_id": "d9c89ae2-d6d9-4c2b-956c-2ebb530e0656",
        "geometry_source": "KCMO parcels",
        "has_parcel_polygon": true,
        "match_method": "parcel_id",
        "match_status": "matched",
        "parcel_address": "1923 Broadway Blvd",
        "parcel_id": "288720",
        "record_id": "case:d9c89ae2-d6d9-4c2b-956c-2ebb530e0656",
        "record_type": "Complete Building Demolition - Commercial",
        "status": "Issued",
        "year": "2021"
      },
      "type": "Feature"
    },
    {
      "geometry": {
        "coordinates": [
          [
            [
              -94.58952282974296,
              39.10930557683442
            ],
            [
              -94.58935527747134,
              39.109300306111315
            ],
            [
              -94.58925980028927,
              39.10932300878597
            ],
            [
              -94.589027674409,
              39.10939423012555
            ],
            [
              -94.58891583512603,
              39.10943737686119
            ],
            [
              -94.5887930559142,
              39.10949217807316
            ],
            [
              -94.5888059217138,
              39.10951752060692
            ],
            [
              -94.588849013917,
              39.10954727723786
            ],
            [
              -94.58902792051077,
              39.1096365354584
            ],
            [
              -94.5890841034823,
              39.10963797978408
            ],
            [
              -94.58942743089305,
              39.10969176160553
            ],
            [
              -94.589492186275,
              39.109643616217625
            ],
            [
              -94.58952307840735,
              39.10964084682229
            ],
            [
              -94.58951036082186,
              39.109616809595636
            ],
            [
              -94.58952282974296,
              39.10930557683442
            ]
          ]
        ],
        "type": "Polygon"
      },
      "properties": {
        "address": "208 Broadway Blvd Kansas City MO 64105",
        "case_number": "CPDC-2021-00128",
        "category": "Pre-Demolition Inspection - Commercial",
        "date": "2021-07-26T11:51:23.06",
        "detail_url": "https://compasskc.kcmo.org/EnerGov_Prod/SelfService#/permit/2405363f-21da-4ebf-b823-1606b4b2f3cc",
        "external_id": "2405363f-21da-4ebf-b823-1606b4b2f3cc",
        "geometry_source": "KCMO parcels",
        "has_parcel_polygon": true,
        "match_method": "parcel_id",
        "match_status": "matched",
        "parcel_address": "208 Broadway Blvd",
        "parcel_id": "148466",
        "record_id": "case:2405363f-21da-4ebf-b823-1606b4b2f3cc",
        "record_type": "Pre-Demolition Inspection - Commercial",
        "status": "Issued",
        "year": "2021"
      },
      "type": "Feature"
    },
    {
      "geometry": {
        "coordinates": [
          [
            [
              -94.58908170452234,
              39.10899151168511
            ],
            [
              -94.58862785456363,
              39.10897307313926
            ],
            [
              -94.58862156425664,
              39.10910937796965
            ],
            [
              -94.58865963423287,
              39.10919427914632
            ],
            [
              -94.58900821315471,
              39.10920602874397
            ],
            [
              -94.58907542058111,
              39.109148512656425
            ],
            [
              -94.58908170452234,
              39.10899151168511
            ]
          ]
        ],
        "type": "Polygon"
      },
      "properties": {
        "address": "300 Broadway Blvd Kansas City MO 64105",
        "case_number": "CPDC-2021-00122",
        "category": "Pre-Demolition Inspection - Commercial",
        "date": "2021-07-26T11:51:25.073",
        "detail_url": "https://compasskc.kcmo.org/EnerGov_Prod/SelfService#/permit/f7319914-88a8-4758-b1cd-71a6e887d32c",
        "external_id": "f7319914-88a8-4758-b1cd-71a6e887d32c",
        "geometry_source": "KCMO parcels",
        "has_parcel_polygon": true,
        "match_method": "parcel_id",
        "match_status": "matched",
        "parcel_address": "300 Broadway Blvd",
        "parcel_id": "148462",
        "record_id": "case:f7319914-88a8-4758-b1cd-71a6e887d32c",
        "record_type": "Pre-Demolition Inspection - Commercial",
        "status": "Closed",
        "year": "2021"
      },
      "type": "Feature"
    },
    {
      "geometry": {
        "coordinates": [
          [
            [
              -94.58913922230715,
              39.107744266650215
            ],
            [
              -94.58868861713921,
              39.1077309042149
            ],
            [
              -94.58866843015485,
              39.10816716274962
            ],
            [
              -94.58909302035,
              39.10818226004912
            ],
            [
              -94.58909439215707,
              39.108152194962635
            ],
            [
              -94.58912044251471,
              39.10815304394512
            ],
            [
              -94.58913922230715,
              39.107744266650215
            ]
          ]
        ],
        "type": "Polygon"
      },
      "properties": {
        "address": "410 W 5th St Kansas City MO 64105",
        "case_number": "CPDC-2021-00124",
        "category": "Pre-Demolition Inspection - Commercial",
        "date": "2021-07-26T11:51:27.887",
        "detail_url": "https://compasskc.kcmo.org/EnerGov_Prod/SelfService#/permit/6fe1bfbe-a27f-44d0-bc94-bbef6edd15cc",
        "external_id": "6fe1bfbe-a27f-44d0-bc94-bbef6edd15cc",
        "geometry_source": "KCMO parcels",
        "has_parcel_polygon": true,
        "match_method": "parcel_id",
        "match_status": "matched",
        "parcel_address": "400 W 5th St",
        "parcel_id": "148454",
        "record_id": "case:6fe1bfbe-a27f-44d0-bc94-bbef6edd15cc",
        "record_type": "Pre-Demolition Inspection - Commercial",
        "status": "Issued",
        "year": "2021"
      },
      "type": "Feature"
    },
    {
      "geometry": {
        "coordinates": [
          [
            [
              -94.59047829873849,
              39.107788653240576
            ],
            [
              -94.59027662273375,
              39.10778240299501
            ],
            [
              -94.59026414264912,
              39.108059634698186
            ],
            [
              -94.59046402876739,
              39.10806648067865
            ],
            [
              -94.59047829873849,
              39.107788653240576
            ]
          ]
        ],
        "type": "Polygon"
      },
      "properties": {
        "address": "510 W 5th St Kansas City MO 64105",
        "case_number": "CPDC-2021-00126",
        "category": "Pre-Demolition Inspection - Commercial",
        "date": "2021-07-26T11:51:29.887",
        "detail_url": "https://compasskc.kcmo.org/EnerGov_Prod/SelfService#/permit/f1b33417-3b17-4b01-96c5-53ec89a3d7a8",
        "external_id": "f1b33417-3b17-4b01-96c5-53ec89a3d7a8",
        "geometry_source": "KCMO parcels",
        "has_parcel_polygon": true,
        "match_method": "parcel_id",
        "match_status": "matched",
        "parcel_address": "510 W 5th St",
        "parcel_id": "148476",
        "record_id": "case:f1b33417-3b17-4b01-96c5-53ec89a3d7a8",
        "record_type": "Pre-Demolition Inspection - Commercial",
        "status": "Issued",
        "year": "2021"
      },
      "type": "Feature"
    },
    {
      "geometry": {
        "coordinates": [
          [
            [
              -94.58966639663963,
              39.108482015247226
            ],
            [
              -94.5886520989104,
              39.108446318596364
            ],
            [
              -94.58863380096948,
              39.10884358700156
            ],
            [
              -94.5890870309639,
              39.108859532579565
            ],
            [
              -94.58907629325493,
              39.10912552780236
            ],
            [
              -94.58910463489522,
              39.10912653577404
            ],
            [
              -94.5891054583843,
              39.10910473045491
            ],
            [
              -94.58964257667103,
              39.108967468946084
            ],
            [
              -94.58966639663963,
              39.108482015247226
            ]
          ]
        ],
        "type": "Polygon"
      },
      "properties": {
        "address": "318 Broadway Blvd Kansas City MO 64105",
        "case_number": "CPDC-2021-00123",
        "category": "Pre-Demolition Inspection - Commercial",
        "date": "2021-07-26T11:51:33.213",
        "detail_url": "https://compasskc.kcmo.org/EnerGov_Prod/SelfService#/permit/8e673d8e-f1d7-4091-8153-e593db469bd8",
        "external_id": "8e673d8e-f1d7-4091-8153-e593db469bd8",
        "geometry_source": "KCMO parcels",
        "has_parcel_polygon": true,
        "match_method": "parcel_id",
        "match_status": "matched",
        "parcel_address": "318 Broadway Blvd",
        "parcel_id": "148460",
        "record_id": "case:8e673d8e-f1d7-4091-8153-e593db469bd8",
        "record_type": "Pre-Demolition Inspection - Commercial",
        "status": "Issued",
        "year": "2021"
      },
      "type": "Feature"
    },
    {
      "geometry": {
        "coordinates": [
          [
            [
              -94.59055215044086,
              39.108080713822424
            ],
            [
              -94.59046345571467,
              39.10807767033628
            ],
            [
              -94.59046402876739,
              39.10806648067865
            ],
            [
              -94.59026414264912,
              39.108059634698186
            ],
            [
              -94.5902517770224,
              39.10833457823269
            ],
            [
              -94.59054044458789,
              39.1083425228055
            ],
            [
              -94.59055215044086,
              39.108080713822424
            ]
          ]
        ],
        "type": "Polygon"
      },
      "properties": {
        "address": "511 W 4th St Kansas City MO 64105",
        "case_number": "CPDC-2021-00127",
        "category": "Pre-Demolition Inspection - Commercial",
        "date": "2021-07-26T11:51:38.2",
        "detail_url": "https://compasskc.kcmo.org/EnerGov_Prod/SelfService#/permit/116fca0a-d357-44c7-a3b7-4e2a8fdb819f",
        "external_id": "116fca0a-d357-44c7-a3b7-4e2a8fdb819f",
        "geometry_source": "KCMO parcels",
        "has_parcel_polygon": true,
        "match_method": "parcel_id",
        "match_status": "matched",
        "parcel_address": "511 W 4th St",
        "parcel_id": "148475",
        "record_id": "case:116fca0a-d357-44c7-a3b7-4e2a8fdb819f",
        "record_type": "Pre-Demolition Inspection - Commercial",
        "status": "Issued",
        "year": "2021"
      },
      "type": "Feature"
    },
    {
      "geometry": {
        "coordinates": [
          [
            [
              -94.5899723321354,
              39.107773096985454
            ],
            [
              -94.58980249137171,
              39.107767874429605
            ],
            [
              -94.58977837543733,
              39.10831947699076
            ],
            [
              -94.58994733668982,
              39.10832486042385
            ],
            [
              -94.5899723321354,
              39.107773096985454
            ]
          ]
        ],
        "type": "Polygon"
      },
      "properties": {
        "address": "500 W 5th St Kansas City MO 64105",
        "case_number": "CPDC-2021-00125",
        "category": "Pre-Demolition Inspection - Commercial",
        "date": "2021-07-26T11:51:43.903",
        "detail_url": "https://compasskc.kcmo.org/EnerGov_Prod/SelfService#/permit/3c318c15-8acb-4bb8-b1dd-3681bd7cde5b",
        "external_id": "3c318c15-8acb-4bb8-b1dd-3681bd7cde5b",
        "geometry_source": "KCMO parcels",
        "has_parcel_polygon": true,
        "match_method": "parcel_id",
        "match_status": "matched",
        "parcel_address": "500 W 5th St",
        "parcel_id": "148473",
        "record_id": "case:3c318c15-8acb-4bb8-b1dd-3681bd7cde5b",
        "record_type": "Pre-Demolition Inspection - Commercial",
        "status": "Closed",
        "year": "2021"
      },
      "type": "Feature"
    },
    {
      "geometry": {
        "coordinates": [
          [
            [
              -94.59221922991664,
              38.99861409138648
            ],
            [
              -94.59160271839562,
              38.9985870974161
            ],
            [
              -94.59158725448042,
              38.998867477798726
            ],
            [
              -94.59174886719435,
              38.99887283485246
            ],
            [
              -94.59174818003501,
              38.998887947205844
            ],
            [
              -94.59206059633905,
              38.9988996330383
            ],
            [
              -94.5920585023585,
              38.998967822041195
            ],
            [
              -94.59219949374173,
              38.99897398070411
            ],
            [
              -94.59221922991664,
              38.99861409138648
            ]
          ]
        ],
        "type": "Polygon"
      },
      "properties": {
        "address": "7110 Wyandotte St Kansas City MO 64114",
        "case_number": "CPDC-2021-00131",
        "category": "Complete Building Demolition - Commercial",
        "date": "2021-07-26T11:52:02.45",
        "detail_url": "https://compasskc.kcmo.org/EnerGov_Prod/SelfService#/permit/26dde54c-b5ee-4bb8-ad41-0919bdea94d7",
        "external_id": "26dde54c-b5ee-4bb8-ad41-0919bdea94d7",
        "geometry_source": "KCMO parcels",
        "has_parcel_polygon": true,
        "match_method": "parcel_id",
        "match_status": "matched",
        "parcel_address": "7110 Wyandotte St",
        "parcel_id": "252787",
        "record_id": "case:26dde54c-b5ee-4bb8-ad41-0919bdea94d7",
        "record_type": "Complete Building Demolition - Commercial",
        "status": "Voided-City",
        "year": "2021"
      },
      "type": "Feature"
    },
    {
      "geometry": {
        "coordinates": [
          [
            [
              -94.57082653779796,
              39.108546219992405
            ],
            [
              -94.57086838016255,
              39.10866966430835
            ],
            [
              -94.57093718453775,
              39.108655865469814
            ],
            [
              -94.57089544409395,
              39.10853239995171
            ],
            [
              -94.57082653779796,
              39.108546219992405
            ]
          ]
        ],
        "type": "Polygon"
      },
      "properties": {
        "address": "1015 Pacific St Kansas City MO 64106",
        "case_number": "CPDR-2021-00110",
        "category": "Complete Building or Structure Demolition - Residential",
        "date": "2021-07-27T08:59:07.74",
        "detail_url": "https://compasskc.kcmo.org/EnerGov_Prod/SelfService#/permit/897eb003-1caa-4ade-a637-df48b4ecaba3",
        "external_id": "897eb003-1caa-4ade-a637-df48b4ecaba3",
        "geometry_source": "KCMO parcels",
        "has_parcel_polygon": true,
        "match_method": "parcel_id",
        "match_status": "matched",
        "parcel_address": "1015 Pacific St",
        "parcel_id": "293252",
        "record_id": "case:897eb003-1caa-4ade-a637-df48b4ecaba3",
        "record_type": "Complete Building or Structure Demolition - Residential",
        "status": "Closed",
        "year": "2021"
      },
      "type": "Feature"
    },
    {
      "geometry": {
        "coordinates": [
          [
            [
              -94.59221922991664,
              38.99861409138648
            ],
            [
              -94.59160271839562,
              38.9985870974161
            ],
            [
              -94.59158725448042,
              38.998867477798726
            ],
            [
              -94.59174886719435,
              38.99887283485246
            ],
            [
              -94.59174818003501,
              38.998887947205844
            ],
            [
              -94.59206059633905,
              38.9988996330383
            ],
            [
              -94.5920585023585,
              38.998967822041195
            ],
            [
              -94.59219949374173,
              38.99897398070411
            ],
            [
              -94.59221922991664,
              38.99861409138648
            ]
          ]
        ],
        "type": "Polygon"
      },
      "properties": {
        "address": "7110 Wyandotte St Kansas City MO 64114",
        "case_number": "CPDC-2021-00132",
        "category": "Pre-Demolition Inspection - Commercial",
        "date": "2021-07-28T08:48:10.13",
        "detail_url": "https://compasskc.kcmo.org/EnerGov_Prod/SelfService#/permit/cd606677-737b-4e55-b045-3e34d7f263c7",
        "external_id": "cd606677-737b-4e55-b045-3e34d7f263c7",
        "geometry_source": "KCMO parcels",
        "has_parcel_polygon": true,
        "match_method": "parcel_id",
        "match_status": "matched",
        "parcel_address": "7110 Wyandotte St",
        "parcel_id": "252787",
        "record_id": "case:cd606677-737b-4e55-b045-3e34d7f263c7",
        "record_type": "Pre-Demolition Inspection - Commercial",
        "status": "Issued",
        "year": "2021"
      },
      "type": "Feature"
    },
    {
      "geometry": {
        "coordinates": [
          [
            [
              -94.59221922991664,
              38.99861409138648
            ],
            [
              -94.59160271839562,
              38.9985870974161
            ],
            [
              -94.59158725448042,
              38.998867477798726
            ],
            [
              -94.59174886719435,
              38.99887283485246
            ],
            [
              -94.59174818003501,
              38.998887947205844
            ],
            [
              -94.59206059633905,
              38.9988996330383
            ],
            [
              -94.5920585023585,
              38.998967822041195
            ],
            [
              -94.59219949374173,
              38.99897398070411
            ],
            [
              -94.59221922991664,
              38.99861409138648
            ]
          ]
        ],
        "type": "Polygon"
      },
      "properties": {
        "address": "7110 Wyandotte St Kansas City MO 64114",
        "case_number": "CPDC-2021-00135",
        "category": "Complete Building Demolition - Commercial",
        "date": "2021-07-30T14:44:07.77",
        "detail_url": "https://compasskc.kcmo.org/EnerGov_Prod/SelfService#/permit/5a23d13c-ebbc-4eb2-80af-08e4cd59b3e3",
        "external_id": "5a23d13c-ebbc-4eb2-80af-08e4cd59b3e3",
        "geometry_source": "KCMO parcels",
        "has_parcel_polygon": true,
        "match_method": "parcel_id",
        "match_status": "matched",
        "parcel_address": "7110 Wyandotte St",
        "parcel_id": "252787",
        "record_id": "case:5a23d13c-ebbc-4eb2-80af-08e4cd59b3e3",
        "record_type": "Complete Building Demolition - Commercial",
        "status": "Hold",
        "year": "2021"
      },
      "type": "Feature"
    },
    {
      "geometry": {
        "coordinates": [
          [
            [
              -94.58040620486629,
              39.0525714951618
            ],
            [
              -94.57994365304151,
              39.05255490415794
            ],
            [
              -94.57993422654653,
              39.05270505435373
            ],
            [
              -94.58039739494293,
              39.05272107351932
            ],
            [
              -94.58040620486629,
              39.0525714951618
            ]
          ]
        ],
        "type": "Polygon"
      },
      "properties": {
        "address": "4101 Locust St Kansas City MO 64110",
        "case_number": "CPDR-2021-00112",
        "category": "Complete Building or Structure Demolition - Residential",
        "date": "2021-08-02T09:05:08.317",
        "detail_url": "https://compasskc.kcmo.org/EnerGov_Prod/SelfService#/permit/63622ab9-f9f7-4402-bc15-55f2f2c090bc",
        "external_id": "63622ab9-f9f7-4402-bc15-55f2f2c090bc",
        "geometry_source": "KCMO parcels",
        "has_parcel_polygon": true,
        "match_method": "parcel_id",
        "match_status": "matched",
        "parcel_address": "4101 Locust St",
        "parcel_id": "133356",
        "record_id": "case:63622ab9-f9f7-4402-bc15-55f2f2c090bc",
        "record_type": "Complete Building or Structure Demolition - Residential",
        "status": "Closed",
        "year": "2021"
      },
      "type": "Feature"
    },
    {
      "geometry": {
        "coordinates": [
          [
            [
              -94.5143323642462,
              39.10437524397707
            ],
            [
              -94.51422258249416,
              39.104447029526476
            ],
            [
              -94.51419768497725,
              39.10493741634476
            ],
            [
              -94.51707515965838,
              39.10503964969582
            ],
            [
              -94.51710011809278,
              39.1045434391321
            ],
            [
              -94.51705653875923,
              39.10454185931265
            ],
            [
              -94.51706309184581,
              39.10443215123174
            ],
            [
              -94.51727430142518,
              39.104439808609776
            ],
            [
              -94.51727151712878,
              39.104486434692305
            ],
            [
              -94.51761814587711,
              39.10449900037807
            ],
            [
              -94.51767498169384,
              39.10354719618514
            ],
            [
              -94.51726288768216,
              39.103531606398946
            ],
            [
              -94.51729724546331,
              39.102980291870004
            ],
            [
              -94.51683313300975,
              39.10296273137766
            ],
            [
              -94.51680933833765,
              39.103344508132345
            ],
            [
              -94.51606325533457,
              39.10331627558453
            ],
            [
              -94.51457281798805,
              39.10424479488484
            ],
            [
              -94.51433090156945,
              39.10440309051231
            ],
            [
              -94.5143323642462,
              39.10437524397707
            ]
          ]
        ],
        "type": "Polygon"
      },
      "properties": {
        "address": "607 Hardesty Ave Kansas City MO 64123",
        "case_number": "CPDC-2021-00136",
        "category": "Pre-Demolition Inspection - Commercial",
        "date": "2021-08-02T19:08:07.933",
        "detail_url": "https://compasskc.kcmo.org/EnerGov_Prod/SelfService#/permit/b24bbff5-5304-415b-9d8b-aeb828eae79b",
        "external_id": "b24bbff5-5304-415b-9d8b-aeb828eae79b",
        "geometry_source": "KCMO parcels",
        "has_parcel_polygon": true,
        "match_method": "parcel_id",
        "match_status": "matched",
        "parcel_address": "607 Hardesty Ave North Lot R1",
        "parcel_id": "261240",
        "record_id": "case:b24bbff5-5304-415b-9d8b-aeb828eae79b",
        "record_type": "Pre-Demolition Inspection - Commercial",
        "status": "Issued",
        "year": "2021"
      },
      "type": "Feature"
    },
    {
      "geometry": {
        "coordinates": [
          [
            [
              -94.49843782558587,
              39.119032541655315
            ],
            [
              -94.49521259727389,
              39.11893482219949
            ],
            [
              -94.4951579077617,
              39.12020663960777
            ],
            [
              -94.49527392759467,
              39.12025144404072
            ],
            [
              -94.49541700060138,
              39.12029860727197
            ],
            [
              -94.49566319975472,
              39.12036071467883
            ],
            [
              -94.49578920825215,
              39.12038387505244
            ],
            [
              -94.49594226946418,
              39.1204045176511
            ],
            [
              -94.49620013367597,
              39.120421527783094
            ],
            [
              -94.49635545788664,
              39.12042123415145
            ],
            [
              -94.49648466983673,
              39.120414923642855
            ],
            [
              -94.49674080259634,
              39.120385964801706
            ],
            [
              -94.49686693174512,
              39.12036336164204
            ],
            [
              -94.49701597144369,
              39.12032927343844
            ],
            [
              -94.49725700846315,
              39.12025578682788
            ],
            [
              -94.49739617844924,
              39.12020208864625
            ],
            [
              -94.49753056289717,
              39.12014141218117
            ],
            [
              -94.49765957064335,
              39.1200740091239
            ],
            [
              -94.49776255292178,
              39.12001294278471
            ],
            [
              -94.49788031079157,
              39.11993400686288
            ],
            [
              -94.49799122545313,
              39.11984928247944
            ],
            [
              -94.49809473587706,
              39.11975908882912
            ],
            [
              -94.49817510230876,
              39.119680036441615
            ],
            [
              -94.49829330110732,
              39.11954499740412
            ],
            [
              -94.49843782558587,
              39.119032541655315
            ]
          ]
        ],
        "type": "Polygon"
      },
      "properties": {
        "address": "7300 Hawthorne Rd Kansas City MO 64120",
        "case_number": "CPDC-2021-00138",
        "category": "Partial Building Demolition - Commercial",
        "date": "2021-08-04T13:39:38.077",
        "detail_url": "https://compasskc.kcmo.org/EnerGov_Prod/SelfService#/permit/2bf20531-5ccc-4a2c-9061-a6f76e3ed08a",
        "external_id": "2bf20531-5ccc-4a2c-9061-a6f76e3ed08a",
        "geometry_source": "KCMO parcels",
        "has_parcel_polygon": true,
        "match_method": "parcel_id",
        "match_status": "matched",
        "parcel_address": "7300 Hawthorne Rd",
        "parcel_id": "38487",
        "record_id": "case:2bf20531-5ccc-4a2c-9061-a6f76e3ed08a",
        "record_type": "Partial Building Demolition - Commercial",
        "status": "Expired",
        "year": "2021"
      },
      "type": "Feature"
    },
    {
      "geometry": {
        "coordinates": [
          [
            [
              -94.5143323642462,
              39.10437524397707
            ],
            [
              -94.51422258249416,
              39.104447029526476
            ],
            [
              -94.51419768497725,
              39.10493741634476
            ],
            [
              -94.51707515965838,
              39.10503964969582
            ],
            [
              -94.51710011809278,
              39.1045434391321
            ],
            [
              -94.51705653875923,
              39.10454185931265
            ],
            [
              -94.51706309184581,
              39.10443215123174
            ],
            [
              -94.51727430142518,
              39.104439808609776
            ],
            [
              -94.51727151712878,
              39.104486434692305
            ],
            [
              -94.51761814587711,
              39.10449900037807
            ],
            [
              -94.51767498169384,
              39.10354719618514
            ],
            [
              -94.51726288768216,
              39.103531606398946
            ],
            [
              -94.51729724546331,
              39.102980291870004
            ],
            [
              -94.51683313300975,
              39.10296273137766
            ],
            [
              -94.51680933833765,
              39.103344508132345
            ],
            [
              -94.51606325533457,
              39.10331627558453
            ],
            [
              -94.51457281798805,
              39.10424479488484
            ],
            [
              -94.51433090156945,
              39.10440309051231
            ],
            [
              -94.5143323642462,
              39.10437524397707
            ]
          ]
        ],
        "type": "Polygon"
      },
      "properties": {
        "address": "607 Hardesty Ave Kansas City MO 64123",
        "case_number": "CPDC-2021-00139",
        "category": "Complete Building Demolition - Commercial",
        "date": "2021-08-09T12:40:55.53",
        "detail_url": "https://compasskc.kcmo.org/EnerGov_Prod/SelfService#/permit/a7043ba3-f5fc-4359-8018-70c0e11ea624",
        "external_id": "a7043ba3-f5fc-4359-8018-70c0e11ea624",
        "geometry_source": "KCMO parcels",
        "has_parcel_polygon": true,
        "match_method": "address_geocode_point_in_polygon",
        "match_status": "matched",
        "parcel_address": "607 Hardesty Ave North Lot R1",
        "parcel_id": "261240",
        "record_id": "case:a7043ba3-f5fc-4359-8018-70c0e11ea624",
        "record_type": "Complete Building Demolition - Commercial",
        "status": "Voided-City",
        "year": "2021"
      },
      "type": "Feature"
    },
    {
      "geometry": {
        "coordinates": [
          [
            [
              -94.59842453054713,
              39.00160552813049
            ],
            [
              -94.59837364154255,
              39.00157600870008
            ],
            [
              -94.59831813020767,
              39.00155374644301
            ],
            [
              -94.5982342918788,
              39.001530730055975
            ],
            [
              -94.59814964196178,
              39.0015145328515
            ],
            [
              -94.59811280056402,
              39.001805016189245
            ],
            [
              -94.59829933857529,
              39.00178932235943
            ],
            [
              -94.59842453054713,
              39.00160552813049
            ]
          ]
        ],
        "type": "Polygon"
      },
      "properties": {
        "address": "632 W Dartmouth Rd Kansas City MO 64113",
        "case_number": "CPDR-2021-00113",
        "category": "Complete Building or Structure Demolition - Residential",
        "date": "2021-08-11T12:00:33.3",
        "detail_url": "https://compasskc.kcmo.org/EnerGov_Prod/SelfService#/permit/fb7922b4-57d7-4964-b994-4ca57baef93e",
        "external_id": "fb7922b4-57d7-4964-b994-4ca57baef93e",
        "geometry_source": "KCMO parcels",
        "has_parcel_polygon": true,
        "match_method": "parcel_id",
        "match_status": "matched",
        "parcel_address": "632 W Dartmouth Rd",
        "parcel_id": "109955",
        "record_id": "case:fb7922b4-57d7-4964-b994-4ca57baef93e",
        "record_type": "Complete Building or Structure Demolition - Residential",
        "status": "Hold",
        "year": "2021"
      },
      "type": "Feature"
    },
    {
      "geometry": {
        "coordinates": [
          [
            [
              -94.44052810766685,
              39.0017236833385
            ],
            [
              -94.43819199127779,
              39.00159541054082
            ],
            [
              -94.43817955595854,
              39.00206949987787
            ],
            [
              -94.43778575359404,
              39.00204773600779
            ],
            [
              -94.43769261093772,
              39.00379902709527
            ],
            [
              -94.4397795952855,
              39.00392894338152
            ],
            [
              -94.43987386605016,
              39.002171793678635
            ],
            [
              -94.44050623769273,
              39.002207195683305
            ],
            [
              -94.44052810766685,
              39.0017236833385
            ]
          ]
        ],
        "type": "Polygon"
      },
      "properties": {
        "address": "12005 Little Blue Rd Kansas City MO 64133",
        "case_number": "CPDR-2021-00114",
        "category": "Complete Building or Structure Demolition - Residential",
        "date": "2021-08-13T09:15:23.57",
        "detail_url": "https://compasskc.kcmo.org/EnerGov_Prod/SelfService#/permit/52ec9812-5735-4791-a7ce-83576688ed3a",
        "external_id": "52ec9812-5735-4791-a7ce-83576688ed3a",
        "geometry_source": "KCMO parcels",
        "has_parcel_polygon": true,
        "match_method": "parcel_id",
        "match_status": "matched",
        "parcel_address": "12005 Little Blue Rd",
        "parcel_id": "65185",
        "record_id": "case:52ec9812-5735-4791-a7ce-83576688ed3a",
        "record_type": "Complete Building or Structure Demolition - Residential",
        "status": "Closed",
        "year": "2021"
      },
      "type": "Feature"
    },
    {
      "geometry": {
        "coordinates": [
          [
            [
              -94.49550626875526,
              39.106805607497094
            ],
            [
              -94.49522487337462,
              39.107220048121
            ],
            [
              -94.49514285009442,
              39.10764667875143
            ],
            [
              -94.495199039397,
              39.10795797135949
            ],
            [
              -94.49594694114673,
              39.10859016955882
            ],
            [
              -94.49941559369078,
              39.1094725167578
            ],
            [
              -94.500000906135,
              39.11005089601068
            ],
            [
              -94.50047984914887,
              39.10990965274415
            ],
            [
              -94.5003420732106,
              39.108126426224715
            ],
            [
              -94.50008551198938,
              39.10507460318785
            ],
            [
              -94.50005776037474,
              39.10483856616631
            ],
            [
              -94.50002510403452,
              39.104633578206794
            ],
            [
              -94.497288981253,
              39.1045351374585
            ],
            [
              -94.49581710241358,
              39.10613788450675
            ],
            [
              -94.49550626875526,
              39.106805607497094
            ]
          ]
        ],
        "type": "Polygon"
      },
      "properties": {
        "address": "7000 Winner Rd Kansas City MO 64125",
        "case_number": "CPDC-2021-00140",
        "category": "Complete Building Demolition - Commercial",
        "date": "2021-08-13T14:32:08.943",
        "detail_url": "https://compasskc.kcmo.org/EnerGov_Prod/SelfService#/permit/cf1e0128-a9b1-4825-b56c-82f41cf098b8",
        "external_id": "cf1e0128-a9b1-4825-b56c-82f41cf098b8",
        "geometry_source": "KCMO parcels",
        "has_parcel_polygon": true,
        "match_method": "parcel_id",
        "match_status": "matched",
        "parcel_address": "7000 Roberts St",
        "parcel_id": "46434",
        "record_id": "case:cf1e0128-a9b1-4825-b56c-82f41cf098b8",
        "record_type": "Complete Building Demolition - Commercial",
        "status": "Closed",
        "year": "2021"
      },
      "type": "Feature"
    },
    {
      "geometry": {
        "coordinates": [
          [
            [
              -94.60780866565152,
              38.88775603495307
            ],
            [
              -94.60716509701153,
              38.8877338825351
            ],
            [
              -94.6071575913535,
              38.88778468639767
            ],
            [
              -94.60711376078663,
              38.887938628284545
            ],
            [
              -94.60705400793917,
              38.888096130812485
            ],
            [
              -94.60701233297868,
              38.888243571753854
            ],
            [
              -94.60699795251259,
              38.88839560973687
            ],
            [
              -94.60699764698397,
              38.88852372363299
            ],
            [
              -94.6070039515088,
              38.888549367464734
            ],
            [
              -94.60702283923483,
              38.88857198054804
            ],
            [
              -94.60705143726945,
              38.88858712478017
            ],
            [
              -94.60708531908948,
              38.88859249432424
            ],
            [
              -94.6077509669999,
              38.88859343737496
            ],
            [
              -94.60778023838668,
              38.88858956683873
            ],
            [
              -94.60780671674588,
              38.88857796377699
            ],
            [
              -94.60780866565152,
              38.88775603495307
            ]
          ]
        ],
        "type": "Polygon"
      },
      "properties": {
        "address": "13201 State Line Rd Kansas City MO 64145",
        "case_number": "CPDC-2021-00143",
        "category": "Complete Building Demolition - Commercial",
        "date": "2021-08-13T16:38:07.43",
        "detail_url": "https://compasskc.kcmo.org/EnerGov_Prod/SelfService#/permit/5942aa60-0ad2-4455-bb55-59b617ca378e",
        "external_id": "5942aa60-0ad2-4455-bb55-59b617ca378e",
        "geometry_source": "KCMO parcels",
        "has_parcel_polygon": true,
        "match_method": "parcel_id",
        "match_status": "matched",
        "parcel_address": "13221 State Line Rd",
        "parcel_id": "228533",
        "record_id": "case:5942aa60-0ad2-4455-bb55-59b617ca378e",
        "record_type": "Complete Building Demolition - Commercial",
        "status": "Closed",
        "year": "2021"
      },
      "type": "Feature"
    },
    {
      "geometry": {
        "coordinates": [
          [
            [
              -94.58517034874194,
              39.020736266914426
            ],
            [
              -94.58471478084311,
              39.02072126835252
            ],
            [
              -94.58470679029888,
              39.02085842287155
            ],
            [
              -94.58516215378124,
              39.02087344392211
            ],
            [
              -94.58517034874194,
              39.020736266914426
            ]
          ]
        ],
        "type": "Polygon"
      },
      "properties": {
        "address": "5836 McGee St Kansas City MO 64113",
        "case_number": "CPDR-2021-00115",
        "category": "Complete Building or Structure Demolition - Residential",
        "date": "2021-08-16T15:49:35.493",
        "detail_url": "https://compasskc.kcmo.org/EnerGov_Prod/SelfService#/permit/71f5f8af-8054-405c-98e6-51d87302a761",
        "external_id": "71f5f8af-8054-405c-98e6-51d87302a761",
        "geometry_source": "KCMO parcels",
        "has_parcel_polygon": true,
        "match_method": "parcel_id",
        "match_status": "matched",
        "parcel_address": "5836 McGee St",
        "parcel_id": "144433",
        "record_id": "case:71f5f8af-8054-405c-98e6-51d87302a761",
        "record_type": "Complete Building or Structure Demolition - Residential",
        "status": "Voided-City",
        "year": "2021"
      },
      "type": "Feature"
    },
    {
      "geometry": {
        "coordinates": [
          [
            [
              -94.59665842707453,
              39.08549901213363
            ],
            [
              -94.59619636109795,
              39.08548241615779
            ],
            [
              -94.5961928701866,
              39.08554982628252
            ],
            [
              -94.59668294685302,
              39.08556753565114
            ],
            [
              -94.59668422394674,
              39.08554387819087
            ],
            [
              -94.59665606570272,
              39.08554295370033
            ],
            [
              -94.59665842707453,
              39.08549901213363
            ]
          ]
        ],
        "type": "Polygon"
      },
      "properties": {
        "address": "2308 Belleview Ave Kansas City MO 64108",
        "case_number": "CPDR-2021-00116",
        "category": "Complete Building or Structure Demolition - Residential",
        "date": "2021-08-17T14:11:17.28",
        "detail_url": "https://compasskc.kcmo.org/EnerGov_Prod/SelfService#/permit/573796f6-fb5f-48d0-b651-943e07af04c3",
        "external_id": "573796f6-fb5f-48d0-b651-943e07af04c3",
        "geometry_source": "KCMO parcels",
        "has_parcel_polygon": true,
        "match_method": "parcel_id",
        "match_status": "matched",
        "parcel_address": "2308 Belleview Ave",
        "parcel_id": "124292",
        "record_id": "case:573796f6-fb5f-48d0-b651-943e07af04c3",
        "record_type": "Complete Building or Structure Demolition - Residential",
        "status": "Closed",
        "year": "2021"
      },
      "type": "Feature"
    },
    {
      "geometry": {
        "coordinates": [
          [
            [
              [
                -94.56154817396758,
                39.17419930834586
              ],
              [
                -94.56163195336399,
                39.17423781696684
              ],
              [
                -94.56173516062519,
                39.174270047151296
              ],
              [
                -94.56184367460781,
                39.17428888882268
              ],
              [
                -94.56194080130008,
                39.174293962446185
              ],
              [
                -94.56206525308276,
                39.1742846983088
              ],
              [
                -94.56231107306267,
                39.17423628948316
              ],
              [
                -94.56251255394363,
                39.17420906830162
              ],
              [
                -94.56269076747722,
                39.1741966634814
              ],
              [
                -94.56290132355468,
                39.174194627492525
              ],
              [
                -94.56292939808226,
                39.172086160293446
              ],
              [
                -94.56134643945464,
                39.17204133449156
              ],
              [
                -94.56095646964606,
                39.17204817444794
              ],
              [
                -94.56050810973828,
                39.172074492922604
              ],
              [
                -94.56064690265521,
                39.172339443386
              ],
              [
                -94.5607234169243,
                39.172510663953965
              ],
              [
                -94.5608023880924,
                39.17273549082989
              ],
              [
                -94.56085388717445,
                39.1729387569156
              ],
              [
                -94.56088760312694,
                39.17314427454383
              ],
              [
                -94.56089953128695,
                39.17327345049519
              ],
              [
                -94.56090064233211,
                39.173335547327746
              ],
              [
                -94.56089502705237,
                39.17340188054919
              ],
              [
                -94.5608790453655,
                39.17348071188524
              ],
              [
                -94.5608581129114,
                39.17354519979173
              ],
              [
                -94.56083041746128,
                39.17360811247656
              ],
              [
                -94.56098505198146,
                39.173694382289
              ],
              [
                -94.56110370589582,
                39.17377996147447
              ],
              [
                -94.56120767144154,
                39.17387669043669
              ],
              [
                -94.56140563427358,
                39.17409667285824
              ],
              [
                -94.56147223328817,
                39.17415193967101
              ],
              [
                -94.56154817396758,
                39.17419930834586
              ]
            ]
          ],
          [
            [
              [
                -94.56189662907262,
                39.175411510248594
              ],
              [
                -94.56211928560572,
                39.17565801953538
              ],
              [
                -94.56235645496737,
                39.17589612408884
              ],
              [
                -94.56260764224352,
                39.17612538821571
              ],
              [
                -94.56287266793576,
                39.17634556081101
              ],
              [
                -94.56287936131855,
                39.17584127336758
              ],
              [
                -94.56327855940516,
                39.17584094287612
              ],
              [
                -94.5632782777807,
                39.1743468760803
              ],
              [
                -94.56289931235622,
                39.17434577649274
              ],
              [
                -94.56289914811323,
                39.17435856615214
              ],
              [
                -94.56272503996632,
                39.17436017067703
              ],
              [
                -94.56258215551192,
                39.17436832427994
              ],
              [
                -94.56241694196207,
                39.174387746825786
              ],
              [
                -94.56212950344138,
                39.174442767052895
              ],
              [
                -94.56200364475048,
                39.174456975317334
              ],
              [
                -94.56184481959795,
                39.174455045097055
              ],
              [
                -94.56168891424852,
                39.17443135557196
              ],
              [
                -94.561598826881,
                39.17440694408126
              ],
              [
                -94.56149864391206,
                39.174369244337605
              ],
              [
                -94.5614180946214,
                39.174329474925344
              ],
              [
                -94.56133165424812,
                39.174274927248106
              ],
              [
                -94.56127552990675,
                39.17423111850077
              ],
              [
                -94.5612246347432,
                39.17418355402131
              ],
              [
                -94.56103738470757,
                39.1739773168053
              ],
              [
                -94.5609856056009,
                39.17392693839303
              ],
              [
                -94.56090427308129,
                39.17386257260166
              ],
              [
                -94.56081136331144,
                39.173804893299874
              ],
              [
                -94.56087798611117,
                39.17395678494586
              ],
              [
                -94.56098642404943,
                39.174124922637525
              ],
              [
                -94.56127286052579,
                39.1746778819884
              ],
              [
                -94.56189662907262,
                39.175411510248594
              ]
            ]
          ]
        ],
        "type": "MultiPolygon"
      },
      "properties": {
        "address": "4429 N Virginia Ave Kansas City MO 64116",
        "case_number": "CPDR-2021-00117",
        "category": "Complete Building or Structure Demolition - Residential",
        "date": "2021-08-19T09:25:08.287",
        "detail_url": "https://compasskc.kcmo.org/EnerGov_Prod/SelfService#/permit/2a601fee-a4e7-4c72-86a3-88c1c0dfa6da",
        "external_id": "2a601fee-a4e7-4c72-86a3-88c1c0dfa6da",
        "geometry_source": "KCMO parcels",
        "has_parcel_polygon": true,
        "match_method": "parcel_id",
        "match_status": "matched",
        "parcel_address": "1500 NE 42nd Ter",
        "parcel_id": "291672",
        "record_id": "case:2a601fee-a4e7-4c72-86a3-88c1c0dfa6da",
        "record_type": "Complete Building or Structure Demolition - Residential",
        "status": "Closed",
        "year": "2021"
      },
      "type": "Feature"
    },
    {
      "geometry": {
        "coordinates": [
          [
            [
              -94.58173390609034,
              38.88489748696391
            ],
            [
              -94.58173162857379,
              38.884928906049524
            ],
            [
              -94.58518074346328,
              38.88511946856715
            ],
            [
              -94.58522094138112,
              38.88455707975787
            ],
            [
              -94.5852234905641,
              38.88442782295999
            ],
            [
              -94.58216199935646,
              38.884249505218115
            ],
            [
              -94.58173390609034,
              38.88489748696391
            ]
          ]
        ],
        "type": "Polygon"
      },
      "properties": {
        "address": "13317 Charlotte St Kansas City MO 64146",
        "case_number": "CPDR-2021-00119",
        "category": "Complete Building or Structure Demolition - Residential",
        "date": "2021-08-20T14:34:07.547",
        "detail_url": "https://compasskc.kcmo.org/EnerGov_Prod/SelfService#/permit/f400eac6-7028-4c32-a4f6-02236e04b56d",
        "external_id": "f400eac6-7028-4c32-a4f6-02236e04b56d",
        "geometry_source": "KCMO parcels",
        "has_parcel_polygon": true,
        "match_method": "parcel_id",
        "match_status": "matched",
        "parcel_address": "13313 Charlotte St",
        "parcel_id": "290526",
        "record_id": "case:f400eac6-7028-4c32-a4f6-02236e04b56d",
        "record_type": "Complete Building or Structure Demolition - Residential",
        "status": "Closed",
        "year": "2021"
      },
      "type": "Feature"
    },
    {
      "geometry": {
        "coordinates": [
          [
            [
              -94.5143323642462,
              39.10437524397707
            ],
            [
              -94.51422258249416,
              39.104447029526476
            ],
            [
              -94.51419768497725,
              39.10493741634476
            ],
            [
              -94.51707515965838,
              39.10503964969582
            ],
            [
              -94.51710011809278,
              39.1045434391321
            ],
            [
              -94.51705653875923,
              39.10454185931265
            ],
            [
              -94.51706309184581,
              39.10443215123174
            ],
            [
              -94.51727430142518,
              39.104439808609776
            ],
            [
              -94.51727151712878,
              39.104486434692305
            ],
            [
              -94.51761814587711,
              39.10449900037807
            ],
            [
              -94.51767498169384,
              39.10354719618514
            ],
            [
              -94.51726288768216,
              39.103531606398946
            ],
            [
              -94.51729724546331,
              39.102980291870004
            ],
            [
              -94.51683313300975,
              39.10296273137766
            ],
            [
              -94.51680933833765,
              39.103344508132345
            ],
            [
              -94.51606325533457,
              39.10331627558453
            ],
            [
              -94.51457281798805,
              39.10424479488484
            ],
            [
              -94.51433090156945,
              39.10440309051231
            ],
            [
              -94.5143323642462,
              39.10437524397707
            ]
          ]
        ],
        "type": "Polygon"
      },
      "properties": {
        "address": "607 Hardesty Ave Unit: North Lot R1 Kansas City MO 64123",
        "case_number": "CPDC-2021-00147",
        "category": "Partial Building Demolition - Commercial",
        "date": "2021-08-30T17:18:17.467",
        "detail_url": "https://compasskc.kcmo.org/EnerGov_Prod/SelfService#/permit/06c9cb23-0ba9-4875-b7da-f6f051adef12",
        "external_id": "06c9cb23-0ba9-4875-b7da-f6f051adef12",
        "geometry_source": "KCMO parcels",
        "has_parcel_polygon": true,
        "match_method": "parcel_id",
        "match_status": "matched",
        "parcel_address": "607 Hardesty Ave North Lot R1",
        "parcel_id": "261240",
        "record_id": "case:06c9cb23-0ba9-4875-b7da-f6f051adef12",
        "record_type": "Partial Building Demolition - Commercial",
        "status": "Voided-City",
        "year": "2021"
      },
      "type": "Feature"
    },
    {
      "geometry": {
        "coordinates": [
          [
            [
              -94.58712348436683,
              38.99264434756641
            ],
            [
              -94.58663232298763,
              38.99262647644717
            ],
            [
              -94.58663048780342,
              38.9927090563106
            ],
            [
              -94.5866963458337,
              38.992761314187234
            ],
            [
              -94.58711643735796,
              38.99278012933808
            ],
            [
              -94.58712348436683,
              38.99264434756641
            ]
          ]
        ],
        "type": "Polygon"
      },
      "properties": {
        "address": "7431 Grand Ave Kansas City MO 64114",
        "case_number": "CPDR-2021-00123",
        "category": "Complete Building or Structure Demolition - Residential",
        "date": "2021-09-10T00:00:00",
        "detail_url": "https://compasskc.kcmo.org/EnerGov_Prod/SelfService#/permit/4d537152-eab8-4dbe-b3b1-0170175c404e",
        "external_id": "4d537152-eab8-4dbe-b3b1-0170175c404e",
        "geometry_source": "KCMO parcels",
        "has_parcel_polygon": true,
        "match_method": "parcel_id",
        "match_status": "matched",
        "parcel_address": "7431 Grand Ave",
        "parcel_id": "112951",
        "record_id": "case:4d537152-eab8-4dbe-b3b1-0170175c404e",
        "record_type": "Complete Building or Structure Demolition - Residential",
        "status": "Issued",
        "year": "2021"
      },
      "type": "Feature"
    },
    {
      "geometry": {
        "coordinates": [
          [
            [
              -94.57289308747724,
              39.05506346847703
            ],
            [
              -94.57233954955282,
              39.05504669880178
            ],
            [
              -94.57232784321708,
              39.05525139829578
            ],
            [
              -94.57270559654441,
              39.055262832664745
            ],
            [
              -94.57270482034096,
              39.05527928506344
            ],
            [
              -94.57288054942028,
              39.05528468910261
            ],
            [
              -94.57289308747724,
              39.05506346847703
            ]
          ]
        ],
        "type": "Polygon"
      },
      "properties": {
        "address": "3930 Troost Ave Kansas City MO 64110",
        "case_number": "CPDC-2021-00149",
        "category": "Pre-Demolition Inspection - Commercial",
        "date": "2021-09-10T09:22:07.94",
        "detail_url": "https://compasskc.kcmo.org/EnerGov_Prod/SelfService#/permit/e08a1306-4a78-4a7f-8183-4de8c742068b",
        "external_id": "e08a1306-4a78-4a7f-8183-4de8c742068b",
        "geometry_source": "KCMO parcels",
        "has_parcel_polygon": true,
        "match_method": "parcel_id",
        "match_status": "matched",
        "parcel_address": "3930 Troost Ave",
        "parcel_id": "133117",
        "record_id": "case:e08a1306-4a78-4a7f-8183-4de8c742068b",
        "record_type": "Pre-Demolition Inspection - Commercial",
        "status": "Issued",
        "year": "2021"
      },
      "type": "Feature"
    },
    {
      "geometry": {
        "coordinates": [
          [
            [
              -94.58913922230715,
              39.107744266650215
            ],
            [
              -94.58868861713921,
              39.1077309042149
            ],
            [
              -94.58866843015485,
              39.10816716274962
            ],
            [
              -94.58909302035,
              39.10818226004912
            ],
            [
              -94.58909439215707,
              39.108152194962635
            ],
            [
              -94.58912044251471,
              39.10815304394512
            ],
            [
              -94.58913922230715,
              39.107744266650215
            ]
          ]
        ],
        "type": "Polygon"
      },
      "properties": {
        "address": "410 W 5th St Kansas City MO 64105",
        "case_number": "CPDC-2021-00151",
        "category": "Complete Building Demolition - Commercial",
        "date": "2021-09-13T12:44:29.893",
        "detail_url": "https://compasskc.kcmo.org/EnerGov_Prod/SelfService#/permit/dae715af-838b-45c7-b3a6-9531c3331d59",
        "external_id": "dae715af-838b-45c7-b3a6-9531c3331d59",
        "geometry_source": "KCMO parcels",
        "has_parcel_polygon": true,
        "match_method": "parcel_id",
        "match_status": "matched",
        "parcel_address": "400 W 5th St",
        "parcel_id": "148454",
        "record_id": "case:dae715af-838b-45c7-b3a6-9531c3331d59",
        "record_type": "Complete Building Demolition - Commercial",
        "status": "Closed",
        "year": "2021"
      },
      "type": "Feature"
    },
    {
      "geometry": {
        "coordinates": [
          [
            [
              -94.56932895626659,
              38.89446152212422
            ],
            [
              -94.56829842780857,
              38.89443741512438
            ],
            [
              -94.56826942576228,
              38.89484895468544
            ],
            [
              -94.56930633746953,
              38.89487097364472
            ],
            [
              -94.56932895626659,
              38.89446152212422
            ]
          ]
        ],
        "type": "Polygon"
      },
      "properties": {
        "address": "12712 Garfield Ave Kansas City MO 64146",
        "case_number": "CPDR-2021-00124",
        "category": "Complete Building or Structure Demolition - Residential",
        "date": "2021-09-14T09:16:38.643",
        "detail_url": "https://compasskc.kcmo.org/EnerGov_Prod/SelfService#/permit/b8e00b54-313c-4465-ab3e-4b539bcbd9a0",
        "external_id": "b8e00b54-313c-4465-ab3e-4b539bcbd9a0",
        "geometry_source": "KCMO parcels",
        "has_parcel_polygon": true,
        "match_method": "parcel_id",
        "match_status": "matched",
        "parcel_address": "12712 Garfield Ave",
        "parcel_id": "158149",
        "record_id": "case:b8e00b54-313c-4465-ab3e-4b539bcbd9a0",
        "record_type": "Complete Building or Structure Demolition - Residential",
        "status": "Voided-City",
        "year": "2021"
      },
      "type": "Feature"
    },
    {
      "geometry": {
        "coordinates": [
          [
            [
              -94.58754466231568,
              39.04998573541902
            ],
            [
              -94.58708914186796,
              39.04997159283618
            ],
            [
              -94.58707250204017,
              39.05025741039206
            ],
            [
              -94.58752790745302,
              39.05027137007772
            ],
            [
              -94.58754466231568,
              39.04998573541902
            ]
          ]
        ],
        "type": "Polygon"
      },
      "properties": {
        "address": "4225 Baltimore Ave Kansas City MO 64111",
        "case_number": "CPDC-2021-00152",
        "category": "Partial Building Demolition - Commercial",
        "date": "2021-09-15T11:58:25.517",
        "detail_url": "https://compasskc.kcmo.org/EnerGov_Prod/SelfService#/permit/bbdf454a-7e79-4090-9dd2-32dd4e242f5e",
        "external_id": "bbdf454a-7e79-4090-9dd2-32dd4e242f5e",
        "geometry_source": "KCMO parcels",
        "has_parcel_polygon": true,
        "match_method": "parcel_id",
        "match_status": "matched",
        "parcel_address": "4225 Baltimore Ave",
        "parcel_id": "132806",
        "record_id": "case:bbdf454a-7e79-4090-9dd2-32dd4e242f5e",
        "record_type": "Partial Building Demolition - Commercial",
        "status": "Voided-City",
        "year": "2021"
      },
      "type": "Feature"
    },
    {
      "geometry": {
        "coordinates": [
          [
            [
              -94.52601810143096,
              39.17496322679367
            ],
            [
              -94.52574242779349,
              39.17496147989325
            ],
            [
              -94.52573678880927,
              39.17537428984494
            ],
            [
              -94.5260120217356,
              39.175376264516714
            ],
            [
              -94.52601810143096,
              39.17496322679367
            ]
          ]
        ],
        "type": "Polygon"
      },
      "properties": {
        "address": "4533 NE 45th St Kansas City MO 64117",
        "case_number": "CPDR-2021-00125",
        "category": "Pre-Demolition Inspection - Residential",
        "date": "2021-09-16T09:01:11.363",
        "detail_url": "https://compasskc.kcmo.org/EnerGov_Prod/SelfService#/permit/e20d25ca-f708-4784-a727-664ae2b4cffc",
        "external_id": "e20d25ca-f708-4784-a727-664ae2b4cffc",
        "geometry_source": "KCMO parcels",
        "has_parcel_polygon": true,
        "match_method": "parcel_id",
        "match_status": "matched",
        "parcel_address": "4533 NE 45th St",
        "parcel_id": "215606",
        "record_id": "case:e20d25ca-f708-4784-a727-664ae2b4cffc",
        "record_type": "Pre-Demolition Inspection - Residential",
        "status": "Issued",
        "year": "2021"
      },
      "type": "Feature"
    },
    {
      "geometry": {
        "coordinates": [
          [
            [
              -94.5520969125626,
              39.082776940551675
            ],
            [
              -94.55166411625464,
              39.08276161995318
            ],
            [
              -94.55165822756538,
              39.08289902152394
            ],
            [
              -94.5520907018141,
              39.08291438804914
            ],
            [
              -94.5520969125626,
              39.082776940551675
            ]
          ]
        ],
        "type": "Polygon"
      },
      "properties": {
        "address": "2405 Prospect Ave Kansas City MO 64127",
        "case_number": "CPDR-2021-00126",
        "category": "Partial Building Demolition - Residential",
        "date": "2021-09-16T11:55:32.033",
        "detail_url": "https://compasskc.kcmo.org/EnerGov_Prod/SelfService#/permit/5a9704c6-ae87-4551-bd36-5225dee87d0e",
        "external_id": "5a9704c6-ae87-4551-bd36-5225dee87d0e",
        "geometry_source": "KCMO parcels",
        "has_parcel_polygon": true,
        "match_method": "parcel_id",
        "match_status": "matched",
        "parcel_address": "2407 Prospect Ave",
        "parcel_id": "16332",
        "record_id": "case:5a9704c6-ae87-4551-bd36-5225dee87d0e",
        "record_type": "Partial Building Demolition - Residential",
        "status": "Voided-City",
        "year": "2021"
      },
      "type": "Feature"
    },
    {
      "geometry": {
        "coordinates": [
          [
            [
              -94.60301406651152,
              39.04250765636777
            ],
            [
              -94.60266299037684,
              39.042496662156395
            ],
            [
              -94.60265719861177,
              39.042609744723116
            ],
            [
              -94.60300824722725,
              39.04262160845041
            ],
            [
              -94.60301406651152,
              39.04250765636777
            ]
          ]
        ],
        "type": "Polygon"
      },
      "properties": {
        "address": "4700 Terrace St Kansas City MO 64112",
        "case_number": "CPDR-2021-00127",
        "category": "Complete Building or Structure Demolition - Residential",
        "date": "2021-09-17T15:33:39.253",
        "detail_url": "https://compasskc.kcmo.org/EnerGov_Prod/SelfService#/permit/288b826d-af8b-4421-988a-fa915bcd0980",
        "external_id": "288b826d-af8b-4421-988a-fa915bcd0980",
        "geometry_source": "KCMO parcels",
        "has_parcel_polygon": true,
        "match_method": "parcel_id",
        "match_status": "matched",
        "parcel_address": "4700 Terrace St",
        "parcel_id": "141910",
        "record_id": "case:288b826d-af8b-4421-988a-fa915bcd0980",
        "record_type": "Complete Building or Structure Demolition - Residential",
        "status": "Issued",
        "year": "2021"
      },
      "type": "Feature"
    },
    {
      "geometry": {
        "coordinates": [
          [
            [
              -94.5520969125626,
              39.082776940551675
            ],
            [
              -94.55166411625464,
              39.08276161995318
            ],
            [
              -94.55165822756538,
              39.08289902152394
            ],
            [
              -94.5520907018141,
              39.08291438804914
            ],
            [
              -94.5520969125626,
              39.082776940551675
            ]
          ]
        ],
        "type": "Polygon"
      },
      "properties": {
        "address": "2405 Prospect Ave Kansas City MO 64127",
        "case_number": "CPDC-2021-00155",
        "category": "Complete Building Demolition - Commercial",
        "date": "2021-09-17T15:39:01.2",
        "detail_url": "https://compasskc.kcmo.org/EnerGov_Prod/SelfService#/permit/1ae82bb8-6b10-4809-a143-4940eff07dd7",
        "external_id": "1ae82bb8-6b10-4809-a143-4940eff07dd7",
        "geometry_source": "KCMO parcels",
        "has_parcel_polygon": true,
        "match_method": "parcel_id",
        "match_status": "matched",
        "parcel_address": "2407 Prospect Ave",
        "parcel_id": "16332",
        "record_id": "case:1ae82bb8-6b10-4809-a143-4940eff07dd7",
        "record_type": "Complete Building Demolition - Commercial",
        "status": "Voided-City",
        "year": "2021"
      },
      "type": "Feature"
    },
    {
      "geometry": {
        "coordinates": [
          [
            [
              -94.54637511998062,
              39.12689480444756
            ],
            [
              -94.54605039438907,
              39.12688369938335
            ],
            [
              -94.54604558346668,
              39.12698307109892
            ],
            [
              -94.54637083734768,
              39.12699388023453
            ],
            [
              -94.54637511998062,
              39.12689480444756
            ]
          ]
        ],
        "type": "Polygon"
      },
      "properties": {
        "address": "1025 N Kansas Ave Kansas City MO 64120",
        "case_number": "CPDR-2021-00128",
        "category": "Complete Building or Structure Demolition - Residential",
        "date": "2021-09-20T13:02:10.51",
        "detail_url": "https://compasskc.kcmo.org/EnerGov_Prod/SelfService#/permit/97b6464b-91e8-4bd6-b710-375bea0f6aa6",
        "external_id": "97b6464b-91e8-4bd6-b710-375bea0f6aa6",
        "geometry_source": "KCMO parcels",
        "has_parcel_polygon": true,
        "match_method": "parcel_id",
        "match_status": "matched",
        "parcel_address": "1025 N Kansas Ave",
        "parcel_id": "38674",
        "record_id": "case:97b6464b-91e8-4bd6-b710-375bea0f6aa6",
        "record_type": "Complete Building or Structure Demolition - Residential",
        "status": "Hold",
        "year": "2021"
      },
      "type": "Feature"
    },
    {
      "geometry": {
        "coordinates": [
          [
            [
              -94.58966639663963,
              39.108482015247226
            ],
            [
              -94.5886520989104,
              39.108446318596364
            ],
            [
              -94.58863380096948,
              39.10884358700156
            ],
            [
              -94.5890870309639,
              39.108859532579565
            ],
            [
              -94.58907629325493,
              39.10912552780236
            ],
            [
              -94.58910463489522,
              39.10912653577404
            ],
            [
              -94.5891054583843,
              39.10910473045491
            ],
            [
              -94.58964257667103,
              39.108967468946084
            ],
            [
              -94.58966639663963,
              39.108482015247226
            ]
          ]
        ],
        "type": "Polygon"
      },
      "properties": {
        "address": "318 Broadway Blvd Kansas City MO 64105",
        "case_number": "CPDC-2021-00150",
        "category": "Complete Building Demolition - Commercial",
        "date": "2021-09-21T10:54:09.68",
        "detail_url": "https://compasskc.kcmo.org/EnerGov_Prod/SelfService#/permit/5f87e6cb-ddc4-4ec7-bde3-548693c4c5ea",
        "external_id": "5f87e6cb-ddc4-4ec7-bde3-548693c4c5ea",
        "geometry_source": "KCMO parcels",
        "has_parcel_polygon": true,
        "match_method": "parcel_id",
        "match_status": "matched",
        "parcel_address": "318 Broadway Blvd",
        "parcel_id": "148460",
        "record_id": "case:5f87e6cb-ddc4-4ec7-bde3-548693c4c5ea",
        "record_type": "Complete Building Demolition - Commercial",
        "status": "Closed",
        "year": "2021"
      },
      "type": "Feature"
    },
    {
      "geometry": {
        "coordinates": [
          [
            [
              -94.4958119402294,
              38.935025023076854
            ],
            [
              -94.49537208543802,
              38.93503219120632
            ],
            [
              -94.49536592260483,
              38.93519510612112
            ],
            [
              -94.49580492931767,
              38.935191713978156
            ],
            [
              -94.4958119402294,
              38.935025023076854
            ]
          ]
        ],
        "type": "Polygon"
      },
      "properties": {
        "address": "10412 Tullis Ave Kansas City MO 64134",
        "case_number": "CPDR-2021-00121",
        "category": "Complete Building or Structure Demolition - Residential",
        "date": "2021-09-23T09:09:07.86",
        "detail_url": "https://compasskc.kcmo.org/EnerGov_Prod/SelfService#/permit/4285b772-c05d-4b71-b00d-3df8c9b4211b",
        "external_id": "4285b772-c05d-4b71-b00d-3df8c9b4211b",
        "geometry_source": "KCMO parcels",
        "has_parcel_polygon": true,
        "match_method": "parcel_id",
        "match_status": "matched",
        "parcel_address": "10412 Tullis Ave",
        "parcel_id": "70408",
        "record_id": "case:4285b772-c05d-4b71-b00d-3df8c9b4211b",
        "record_type": "Complete Building or Structure Demolition - Residential",
        "status": "Issued",
        "year": "2021"
      },
      "type": "Feature"
    },
    {
      "geometry": {
        "coordinates": [
          [
            [
              -94.52399459552313,
              39.06984778013539
            ],
            [
              -94.52360045359895,
              39.069832850178614
            ],
            [
              -94.52359418866946,
              39.0699702501508
            ],
            [
              -94.52398833133351,
              39.06998511205778
            ],
            [
              -94.52399459552313,
              39.06984778013539
            ]
          ]
        ],
        "type": "Polygon"
      },
      "properties": {
        "address": "3021 Quincy Ave Kansas City MO 64128",
        "case_number": "CPDR-2021-00130",
        "category": "Complete Building or Structure Demolition - Residential",
        "date": "2021-09-25T00:16:18.47",
        "detail_url": "https://compasskc.kcmo.org/EnerGov_Prod/SelfService#/permit/29b73fcf-92a4-4e06-9fd3-4a0188853a09",
        "external_id": "29b73fcf-92a4-4e06-9fd3-4a0188853a09",
        "geometry_source": "KCMO parcels",
        "has_parcel_polygon": true,
        "match_method": "parcel_id",
        "match_status": "matched",
        "parcel_address": "3021 Quincy Ave",
        "parcel_id": "21907",
        "record_id": "case:29b73fcf-92a4-4e06-9fd3-4a0188853a09",
        "record_type": "Complete Building or Structure Demolition - Residential",
        "status": "Closed",
        "year": "2021"
      },
      "type": "Feature"
    },
    {
      "geometry": {
        "coordinates": [
          [
            [
              -94.59802211038196,
              39.0462254829932
            ],
            [
              -94.59790429448374,
              39.04622148683673
            ],
            [
              -94.59789863469742,
              39.04632960383261
            ],
            [
              -94.59801644889207,
              39.04633382994911
            ],
            [
              -94.59802211038196,
              39.0462254829932
            ]
          ]
        ],
        "type": "Polygon"
      },
      "properties": {
        "address": "912 W 45th St Kansas City MO 64111",
        "case_number": "CPDR-2021-00131",
        "category": "Complete Building or Structure Demolition - Residential",
        "date": "2021-09-28T10:32:08.817",
        "detail_url": "https://compasskc.kcmo.org/EnerGov_Prod/SelfService#/permit/dc0c3920-ea9e-4ab6-9416-78945e64c603",
        "external_id": "dc0c3920-ea9e-4ab6-9416-78945e64c603",
        "geometry_source": "KCMO parcels",
        "has_parcel_polygon": true,
        "match_method": "parcel_id",
        "match_status": "matched",
        "parcel_address": "912 W 45th St",
        "parcel_id": "140691",
        "record_id": "case:dc0c3920-ea9e-4ab6-9416-78945e64c603",
        "record_type": "Complete Building or Structure Demolition - Residential",
        "status": "Closed",
        "year": "2021"
      },
      "type": "Feature"
    },
    {
      "geometry": {
        "coordinates": [
          [
            [
              -94.52987614618648,
              39.17499783423598
            ],
            [
              -94.52969386296692,
              39.174995935992605
            ],
            [
              -94.52968662739269,
              39.1754052910251
            ],
            [
              -94.52986897028639,
              39.175406777417074
            ],
            [
              -94.52987614618648,
              39.17499783423598
            ]
          ]
        ],
        "type": "Polygon"
      },
      "properties": {
        "address": "4217 NE 45th St Kansas City MO 64117",
        "case_number": "CPDR-2021-00132",
        "category": "Complete Building or Structure Demolition - Residential",
        "date": "2021-09-28T13:55:08.413",
        "detail_url": "https://compasskc.kcmo.org/EnerGov_Prod/SelfService#/permit/2494c80d-cd70-4fa0-baee-b680ba549d9c",
        "external_id": "2494c80d-cd70-4fa0-baee-b680ba549d9c",
        "geometry_source": "KCMO parcels",
        "has_parcel_polygon": true,
        "match_method": "parcel_id",
        "match_status": "matched",
        "parcel_address": "4217 NE 45th St",
        "parcel_id": "75894",
        "record_id": "case:2494c80d-cd70-4fa0-baee-b680ba549d9c",
        "record_type": "Complete Building or Structure Demolition - Residential",
        "status": "Closed",
        "year": "2021"
      },
      "type": "Feature"
    },
    {
      "geometry": {
        "coordinates": [
          [
            [
              -94.60560967136371,
              38.99377439398635
            ],
            [
              -94.60512564661221,
              38.993753025954
            ],
            [
              -94.6051090541258,
              38.99405282854597
            ],
            [
              -94.60559308238174,
              38.99407419721392
            ],
            [
              -94.60560967136371,
              38.99377439398635
            ]
          ]
        ],
        "type": "Polygon"
      },
      "properties": {
        "address": "7419 Terrace St Kansas City MO 64114",
        "case_number": "CPDR-2021-00135",
        "category": "Partial Building Demolition - Residential",
        "date": "2021-09-29T11:44:03.25",
        "detail_url": "https://compasskc.kcmo.org/EnerGov_Prod/SelfService#/permit/dbdb9898-5a13-4146-84fd-ca0ad5273437",
        "external_id": "dbdb9898-5a13-4146-84fd-ca0ad5273437",
        "geometry_source": "KCMO parcels",
        "has_parcel_polygon": true,
        "match_method": "parcel_id",
        "match_status": "matched",
        "parcel_address": "7419 Terrace St",
        "parcel_id": "110434",
        "record_id": "case:dbdb9898-5a13-4146-84fd-ca0ad5273437",
        "record_type": "Partial Building Demolition - Residential",
        "status": "Voided-City",
        "year": "2021"
      },
      "type": "Feature"
    },
    {
      "geometry": {
        "coordinates": [
          [
            [
              -94.54344493403796,
              39.084898946159555
            ],
            [
              -94.54300666592414,
              39.08488471605919
            ],
            [
              -94.54300228218095,
              39.08496720278697
            ],
            [
              -94.54344046346323,
              39.08498143236382
            ],
            [
              -94.54344493403796,
              39.084898946159555
            ]
          ]
        ],
        "type": "Polygon"
      },
      "properties": {
        "address": "2210 Indiana Ave Kansas City MO 64127",
        "case_number": "CPDR-2021-00134",
        "category": "Complete Building or Structure Demolition - Residential",
        "date": "2021-09-29T20:09:10.67",
        "detail_url": "https://compasskc.kcmo.org/EnerGov_Prod/SelfService#/permit/0cd1d8e3-63c0-4007-86f8-2b2095530813",
        "external_id": "0cd1d8e3-63c0-4007-86f8-2b2095530813",
        "geometry_source": "KCMO parcels",
        "has_parcel_polygon": true,
        "match_method": "parcel_id",
        "match_status": "matched",
        "parcel_address": "2210 Indiana Ave",
        "parcel_id": "15738",
        "record_id": "case:0cd1d8e3-63c0-4007-86f8-2b2095530813",
        "record_type": "Complete Building or Structure Demolition - Residential",
        "status": "Closed",
        "year": "2021"
      },
      "type": "Feature"
    },
    {
      "geometry": {
        "coordinates": [
          [
            [
              -94.50367717334439,
              39.05156443350348
            ],
            [
              -94.5032655713169,
              39.05372243310465
            ],
            [
              -94.50325527790352,
              39.05388632910585
            ],
            [
              -94.50289880549015,
              39.05567603455291
            ],
            [
              -94.50266999096579,
              39.05715888026744
            ],
            [
              -94.50263398924241,
              39.05733961701691
            ],
            [
              -94.50573598657202,
              39.05746443523036
            ],
            [
              -94.50683909008224,
              39.0539575166076
            ],
            [
              -94.5068869612594,
              39.053707737323116
            ],
            [
              -94.50691901911841,
              39.05358465067311
            ],
            [
              -94.50699907454621,
              39.053343253761284
            ],
            [
              -94.5070998586986,
              39.05310975023841
            ],
            [
              -94.50733993339688,
              39.05271544411321
            ],
            [
              -94.50759947762121,
              39.0523336719603
            ],
            [
              -94.50787783839469,
              39.05196539426491
            ],
            [
              -94.50752782172756,
              39.051802733726575
            ],
            [
              -94.5070515519107,
              39.052404543285014
            ],
            [
              -94.50545365903697,
              39.051610091424
            ],
            [
              -94.50367717334439,
              39.05156443350348
            ]
          ]
        ],
        "type": "Polygon"
      },
      "properties": {
        "address": "6817 Stadium Dr Kansas City MO 64129",
        "case_number": "CPDC-2021-00158",
        "category": "Pre-Demolition Inspection - Commercial",
        "date": "2021-10-04T06:56:13.017",
        "detail_url": "https://compasskc.kcmo.org/EnerGov_Prod/SelfService#/permit/df489d65-cb2e-4752-9944-2ceec88efbd9",
        "external_id": "df489d65-cb2e-4752-9944-2ceec88efbd9",
        "geometry_source": "KCMO parcels",
        "has_parcel_polygon": true,
        "match_method": "parcel_id",
        "match_status": "matched",
        "parcel_address": "6817 Stadium Dr",
        "parcel_id": "260010",
        "record_id": "case:df489d65-cb2e-4752-9944-2ceec88efbd9",
        "record_type": "Pre-Demolition Inspection - Commercial",
        "status": "Issued",
        "year": "2021"
      },
      "type": "Feature"
    },
    {
      "geometry": {
        "coordinates": [
          [
            [
              -94.56438221659062,
              39.026953360355314
            ],
            [
              -94.56388683612606,
              39.02693940073668
            ],
            [
              -94.563868115996,
              39.0272273452142
            ],
            [
              -94.56436346814307,
              39.02724183118918
            ],
            [
              -94.56438221659062,
              39.026953360355314
            ]
          ]
        ],
        "type": "Polygon"
      },
      "properties": {
        "address": "5439 Woodland Ave Kansas City MO 64130",
        "case_number": "CPDR-2021-00137",
        "category": "Complete Building or Structure Demolition - Residential",
        "date": "2021-10-05T00:00:00",
        "detail_url": "https://compasskc.kcmo.org/EnerGov_Prod/SelfService#/permit/a42544c8-e515-4d52-b08a-e6ad5e68a470",
        "external_id": "a42544c8-e515-4d52-b08a-e6ad5e68a470",
        "geometry_source": "KCMO parcels",
        "has_parcel_polygon": true,
        "match_method": "parcel_id",
        "match_status": "matched",
        "parcel_address": "5439 Woodland Ave",
        "parcel_id": "145881",
        "record_id": "case:a42544c8-e515-4d52-b08a-e6ad5e68a470",
        "record_type": "Complete Building or Structure Demolition - Residential",
        "status": "Closed",
        "year": "2021"
      },
      "type": "Feature"
    },
    {
      "geometry": {
        "coordinates": [
          [
            [
              -94.58721561533851,
              39.05701123319516
            ],
            [
              -94.58679461922465,
              39.05699571370368
            ],
            [
              -94.58678739718083,
              39.05711392158826
            ],
            [
              -94.5872087761794,
              39.05712939505719
            ],
            [
              -94.58721561533851,
              39.05701123319516
            ]
          ]
        ],
        "type": "Polygon"
      },
      "properties": {
        "address": "3837 Baltimore Ave Kansas City MO 64111",
        "case_number": "CPDR-2021-00138",
        "category": "Partial Building Demolition - Residential",
        "date": "2021-10-06T17:45:20.617",
        "detail_url": "https://compasskc.kcmo.org/EnerGov_Prod/SelfService#/permit/4598beba-78c7-4c06-8268-bba6c36f6738",
        "external_id": "4598beba-78c7-4c06-8268-bba6c36f6738",
        "geometry_source": "KCMO parcels",
        "has_parcel_polygon": true,
        "match_method": "parcel_id",
        "match_status": "matched",
        "parcel_address": "3839 Baltimore Ave",
        "parcel_id": "132318",
        "record_id": "case:4598beba-78c7-4c06-8268-bba6c36f6738",
        "record_type": "Partial Building Demolition - Residential",
        "status": "Voided-City",
        "year": "2021"
      },
      "type": "Feature"
    },
    {
      "geometry": {
        "coordinates": [
          [
            [
              -94.5320303359053,
              39.09949296867164
            ],
            [
              -94.53238698503365,
              39.09950474465845
            ],
            [
              -94.53239201561678,
              39.0993950989684
            ],
            [
              -94.53203566145748,
              39.099383413866406
            ],
            [
              -94.5320303359053,
              39.09949296867164
            ]
          ]
        ],
        "type": "Polygon"
      },
      "properties": {
        "address": "1023 Spruce Ave Kansas City MO 64127",
        "case_number": "CPDR-2021-00141",
        "category": "Complete Building or Structure Demolition - Residential",
        "date": "2021-10-07T09:54:07.833",
        "detail_url": "https://compasskc.kcmo.org/EnerGov_Prod/SelfService#/permit/5eb2eeed-29e3-4325-aa0a-37ea794aef1c",
        "external_id": "5eb2eeed-29e3-4325-aa0a-37ea794aef1c",
        "geometry_source": "KCMO parcels",
        "has_parcel_polygon": true,
        "match_method": "parcel_id",
        "match_status": "matched",
        "parcel_address": "1023 Spruce Ave",
        "parcel_id": "8280",
        "record_id": "case:5eb2eeed-29e3-4325-aa0a-37ea794aef1c",
        "record_type": "Complete Building or Structure Demolition - Residential",
        "status": "Closed",
        "year": "2021"
      },
      "type": "Feature"
    },
    {
      "geometry": {
        "coordinates": [
          [
            [
              -94.536278656634,
              39.10720088823177
            ],
            [
              -94.53615901295396,
              39.10719680688008
            ],
            [
              -94.53614098283177,
              39.10754479305034
            ],
            [
              -94.53626065710127,
              39.107548679925046
            ],
            [
              -94.536278656634,
              39.10720088823177
            ]
          ]
        ],
        "type": "Polygon"
      },
      "properties": {
        "address": "3829 Thompson Ave Kansas City MO 64124",
        "case_number": "CPDR-2021-00140",
        "category": "Complete Building or Structure Demolition - Residential",
        "date": "2021-10-07T10:00:03.28",
        "detail_url": "https://compasskc.kcmo.org/EnerGov_Prod/SelfService#/permit/8c74bf3c-ab6a-4d51-9cc4-c77fb40c0f31",
        "external_id": "8c74bf3c-ab6a-4d51-9cc4-c77fb40c0f31",
        "geometry_source": "KCMO parcels",
        "has_parcel_polygon": true,
        "match_method": "parcel_id",
        "match_status": "matched",
        "parcel_address": "3829 Thompson Ave",
        "parcel_id": "42242",
        "record_id": "case:8c74bf3c-ab6a-4d51-9cc4-c77fb40c0f31",
        "record_type": "Complete Building or Structure Demolition - Residential",
        "status": "Closed",
        "year": "2021"
      },
      "type": "Feature"
    },
    {
      "geometry": {
        "coordinates": [
          [
            [
              -94.5454257458443,
              39.121616281883554
            ],
            [
              -94.54487937348043,
              39.12159933362256
            ],
            [
              -94.54486524177466,
              39.121940648503255
            ],
            [
              -94.54541145520271,
              39.12195757458229
            ],
            [
              -94.5454257458443,
              39.121616281883554
            ]
          ]
        ],
        "type": "Polygon"
      },
      "properties": {
        "address": "717 N Agnes Ave Kansas City MO 64120",
        "case_number": "CPDR-2021-00142",
        "category": "Pre-Demolition Inspection - Residential",
        "date": "2021-10-07T14:04:35.327",
        "detail_url": "https://compasskc.kcmo.org/EnerGov_Prod/SelfService#/permit/7c318520-e148-415b-814a-8e8de070b58d",
        "external_id": "7c318520-e148-415b-814a-8e8de070b58d",
        "geometry_source": "KCMO parcels",
        "has_parcel_polygon": true,
        "match_method": "parcel_id",
        "match_status": "matched",
        "parcel_address": "717 N Agnes Ave",
        "parcel_id": "38928",
        "record_id": "case:7c318520-e148-415b-814a-8e8de070b58d",
        "record_type": "Pre-Demolition Inspection - Residential",
        "status": "Voided-City",
        "year": "2021"
      },
      "type": "Feature"
    },
    {
      "geometry": {
        "coordinates": [
          [
            [
              -94.55401257564812,
              39.105149451112894
            ],
            [
              -94.55357288840997,
              39.105136840802324
            ],
            [
              -94.55356820740825,
              39.105237769023354
            ],
            [
              -94.5540080117772,
              39.10525104283641
            ],
            [
              -94.55401257564812,
              39.105149451112894
            ]
          ]
        ],
        "type": "Polygon"
      },
      "properties": {
        "address": "2313 E 6th St Kansas City MO 64124",
        "case_number": "CPDR-2021-00139",
        "category": "Complete Building or Structure Demolition - Residential",
        "date": "2021-10-07T23:35:12.173",
        "detail_url": "https://compasskc.kcmo.org/EnerGov_Prod/SelfService#/permit/6e217a93-3063-4f59-a80b-34f520ba3deb",
        "external_id": "6e217a93-3063-4f59-a80b-34f520ba3deb",
        "geometry_source": "KCMO parcels",
        "has_parcel_polygon": true,
        "match_method": "parcel_id",
        "match_status": "matched",
        "parcel_address": "2313 E 6th St",
        "parcel_id": "11700",
        "record_id": "case:6e217a93-3063-4f59-a80b-34f520ba3deb",
        "record_type": "Complete Building or Structure Demolition - Residential",
        "status": "Closed",
        "year": "2021"
      },
      "type": "Feature"
    },
    {
      "geometry": {
        "coordinates": [
          [
            [
              -94.57289308747724,
              39.05506346847703
            ],
            [
              -94.57233954955282,
              39.05504669880178
            ],
            [
              -94.57232784321708,
              39.05525139829578
            ],
            [
              -94.57270559654441,
              39.055262832664745
            ],
            [
              -94.57270482034096,
              39.05527928506344
            ],
            [
              -94.57288054942028,
              39.05528468910261
            ],
            [
              -94.57289308747724,
              39.05506346847703
            ]
          ]
        ],
        "type": "Polygon"
      },
      "properties": {
        "address": "3930 Troost Ave Kansas City MO 64110",
        "case_number": "CPDC-2021-00160",
        "category": "Partial Building Demolition - Commercial",
        "date": "2021-10-08T15:32:10.5",
        "detail_url": "https://compasskc.kcmo.org/EnerGov_Prod/SelfService#/permit/88dd8a0a-c812-4053-ac32-c9508ae40f05",
        "external_id": "88dd8a0a-c812-4053-ac32-c9508ae40f05",
        "geometry_source": "KCMO parcels",
        "has_parcel_polygon": true,
        "match_method": "parcel_id",
        "match_status": "matched",
        "parcel_address": "3930 Troost Ave",
        "parcel_id": "133117",
        "record_id": "case:88dd8a0a-c812-4053-ac32-c9508ae40f05",
        "record_type": "Partial Building Demolition - Commercial",
        "status": "Issued",
        "year": "2021"
      },
      "type": "Feature"
    },
    {
      "geometry": {
        "coordinates": [
          [
            [
              -94.52148010735773,
              39.14050994390646
            ],
            [
              -94.52072344312201,
              39.13968237750274
            ],
            [
              -94.52048246974374,
              39.13971426980383
            ],
            [
              -94.52025012964747,
              39.139730418297425
            ],
            [
              -94.5200460493818,
              39.13973303907372
            ],
            [
              -94.51970651959957,
              39.139721610940384
            ],
            [
              -94.51959592419475,
              39.1417131741003
            ],
            [
              -94.51967231907072,
              39.14161283010904
            ],
            [
              -94.51975929174493,
              39.141519874684654
            ],
            [
              -94.51985699186955,
              39.14143366712346
            ],
            [
              -94.51996462266291,
              39.141354940284224
            ],
            [
              -94.52148010735773,
              39.14050994390646
            ]
          ]
        ],
        "type": "Polygon"
      },
      "properties": {
        "address": "5130 Deramus Ave Kansas City MO 64120",
        "case_number": "CPDC-2021-00163",
        "category": "Pre-Demolition Inspection - Commercial",
        "date": "2021-10-12T15:31:10.063",
        "detail_url": "https://compasskc.kcmo.org/EnerGov_Prod/SelfService#/permit/ab88027b-ad9c-468c-8988-65c4a0d6d914",
        "external_id": "ab88027b-ad9c-468c-8988-65c4a0d6d914",
        "geometry_source": "KCMO parcels",
        "has_parcel_polygon": true,
        "match_method": "parcel_id",
        "match_status": "matched",
        "parcel_address": "5130 Deramus Ave",
        "parcel_id": "38314",
        "record_id": "case:ab88027b-ad9c-468c-8988-65c4a0d6d914",
        "record_type": "Pre-Demolition Inspection - Commercial",
        "status": "Issued",
        "year": "2021"
      },
      "type": "Feature"
    },
    {
      "geometry": {
        "coordinates": [
          [
            [
              -94.58908170452234,
              39.10899151168511
            ],
            [
              -94.58862785456363,
              39.10897307313926
            ],
            [
              -94.58862156425664,
              39.10910937796965
            ],
            [
              -94.58865963423287,
              39.10919427914632
            ],
            [
              -94.58900821315471,
              39.10920602874397
            ],
            [
              -94.58907542058111,
              39.109148512656425
            ],
            [
              -94.58908170452234,
              39.10899151168511
            ]
          ]
        ],
        "type": "Polygon"
      },
      "properties": {
        "address": "300 Broadway Blvd Kansas City MO 64105",
        "case_number": "CPDC-2021-00164",
        "category": "Complete Building Demolition - Commercial",
        "date": "2021-10-14T09:48:11.423",
        "detail_url": "https://compasskc.kcmo.org/EnerGov_Prod/SelfService#/permit/66753b1f-1686-49af-961f-c0c83c0a7bd0",
        "external_id": "66753b1f-1686-49af-961f-c0c83c0a7bd0",
        "geometry_source": "KCMO parcels",
        "has_parcel_polygon": true,
        "match_method": "parcel_id",
        "match_status": "matched",
        "parcel_address": "300 Broadway Blvd",
        "parcel_id": "148462",
        "record_id": "case:66753b1f-1686-49af-961f-c0c83c0a7bd0",
        "record_type": "Complete Building Demolition - Commercial",
        "status": "Closed",
        "year": "2021"
      },
      "type": "Feature"
    },
    {
      "geometry": {
        "coordinates": [
          [
            [
              -94.58721561533851,
              39.05701123319516
            ],
            [
              -94.58679461922465,
              39.05699571370368
            ],
            [
              -94.58678739718083,
              39.05711392158826
            ],
            [
              -94.5872087761794,
              39.05712939505719
            ],
            [
              -94.58721561533851,
              39.05701123319516
            ]
          ]
        ],
        "type": "Polygon"
      },
      "properties": {
        "address": "3837 Baltimore Ave Kansas City MO 64111",
        "case_number": "CPDR-2021-00144",
        "category": "Partial Building Demolition - Residential",
        "date": "2021-10-15T09:29:57.333",
        "detail_url": "https://compasskc.kcmo.org/EnerGov_Prod/SelfService#/permit/5804b842-d6f8-4023-89a4-d2ea5429dd3b",
        "external_id": "5804b842-d6f8-4023-89a4-d2ea5429dd3b",
        "geometry_source": "KCMO parcels",
        "has_parcel_polygon": true,
        "match_method": "parcel_id",
        "match_status": "matched",
        "parcel_address": "3839 Baltimore Ave",
        "parcel_id": "132318",
        "record_id": "case:5804b842-d6f8-4023-89a4-d2ea5429dd3b",
        "record_type": "Partial Building Demolition - Residential",
        "status": "Hold",
        "year": "2021"
      },
      "type": "Feature"
    },
    {
      "geometry": {
        "coordinates": [
          [
            [
              -94.55000073200851,
              39.037932917828186
            ],
            [
              -94.5499702782043,
              39.03852939224321
            ],
            [
              -94.55102286488525,
              39.038565422509365
            ],
            [
              -94.55105185470103,
              39.038036291637106
            ],
            [
              -94.55057127501851,
              39.03799462543482
            ],
            [
              -94.55026483826057,
              39.03794340105286
            ],
            [
              -94.55000073200851,
              39.037932917828186
            ]
          ]
        ],
        "type": "Polygon"
      },
      "properties": {
        "address": "2915 Dr. Martin Luther King Jr. Blvd Kansas City MO 64130",
        "case_number": "CPDC-2021-00171",
        "category": "Pre-Demolition Inspection - Commercial",
        "date": "2021-10-22T13:03:08.903",
        "detail_url": "https://compasskc.kcmo.org/EnerGov_Prod/SelfService#/permit/ff4970b6-84b2-43c3-a461-953329a53843",
        "external_id": "ff4970b6-84b2-43c3-a461-953329a53843",
        "geometry_source": "KCMO parcels",
        "has_parcel_polygon": true,
        "match_method": "parcel_id",
        "match_status": "matched",
        "parcel_address": "2901 Dr. Martin Luther King Jr. Blvd",
        "parcel_id": "288503",
        "record_id": "case:ff4970b6-84b2-43c3-a461-953329a53843",
        "record_type": "Pre-Demolition Inspection - Commercial",
        "status": "Issued",
        "year": "2021"
      },
      "type": "Feature"
    },
    {
      "geometry": {
        "coordinates": [
          [
            [
              -94.5510630254512,
              39.037854890116506
            ],
            [
              -94.55102286488525,
              39.038565422509365
            ],
            [
              -94.55208417460969,
              39.03860174198227
            ],
            [
              -94.55212077086614,
              39.03789115018911
            ],
            [
              -94.5510630254512,
              39.037854890116506
            ]
          ]
        ],
        "type": "Polygon"
      },
      "properties": {
        "address": "2801 Dr. Martin Luther King Jr. Blvd Kansas City MO 64130",
        "case_number": "CPDC-2021-00170",
        "category": "Pre-Demolition Inspection - Commercial",
        "date": "2021-10-22T13:03:15.843",
        "detail_url": "https://compasskc.kcmo.org/EnerGov_Prod/SelfService#/permit/f42af2ea-67b1-4ff5-9409-5a76a750fdaa",
        "external_id": "f42af2ea-67b1-4ff5-9409-5a76a750fdaa",
        "geometry_source": "KCMO parcels",
        "has_parcel_polygon": true,
        "match_method": "parcel_id",
        "match_status": "matched",
        "parcel_address": "2801 Dr. Martin Luther King Jr. Blvd",
        "parcel_id": "288504",
        "record_id": "case:f42af2ea-67b1-4ff5-9409-5a76a750fdaa",
        "record_type": "Pre-Demolition Inspection - Commercial",
        "status": "Issued",
        "year": "2021"
      },
      "type": "Feature"
    },
    {
      "geometry": {
        "coordinates": [
          [
            [
              -94.53306318599503,
              39.09563735000102
            ],
            [
              -94.53257255876932,
              39.095621929210296
            ],
            [
              -94.53251103562656,
              39.09682025540015
            ],
            [
              -94.53282690023602,
              39.09683121770811
            ],
            [
              -94.53282355571035,
              39.09690075368601
            ],
            [
              -94.53300008698089,
              39.096837208754664
            ],
            [
              -94.53306318599503,
              39.09563735000102
            ]
          ]
        ],
        "type": "Polygon"
      },
      "properties": {
        "address": "1331 Jackson Ave Kansas City MO 64127",
        "case_number": "CPDC-2021-00168",
        "category": "Pre-Demolition Inspection - Commercial",
        "date": "2021-10-25T14:26:22.877",
        "detail_url": "https://compasskc.kcmo.org/EnerGov_Prod/SelfService#/permit/545d01ab-bf84-46ff-b835-9f91d08a1557",
        "external_id": "545d01ab-bf84-46ff-b835-9f91d08a1557",
        "geometry_source": "KCMO parcels",
        "has_parcel_polygon": true,
        "match_method": "parcel_id",
        "match_status": "matched",
        "parcel_address": "1301 Jackson Ave",
        "parcel_id": "260669",
        "record_id": "case:545d01ab-bf84-46ff-b835-9f91d08a1557",
        "record_type": "Pre-Demolition Inspection - Commercial",
        "status": "Issued",
        "year": "2021"
      },
      "type": "Feature"
    },
    {
      "geometry": {
        "coordinates": [
          [
            [
              -94.52601810143096,
              39.17496322679367
            ],
            [
              -94.52574242779349,
              39.17496147989325
            ],
            [
              -94.52573678880927,
              39.17537428984494
            ],
            [
              -94.5260120217356,
              39.175376264516714
            ],
            [
              -94.52601810143096,
              39.17496322679367
            ]
          ]
        ],
        "type": "Polygon"
      },
      "properties": {
        "address": "4533 NE 45th St Kansas City MO 64117",
        "case_number": "CPDR-2021-00136",
        "category": "Complete Building or Structure Demolition - Residential",
        "date": "2021-10-26T08:04:07.82",
        "detail_url": "https://compasskc.kcmo.org/EnerGov_Prod/SelfService#/permit/5182b6a5-908a-4a08-b00e-ca52512556dd",
        "external_id": "5182b6a5-908a-4a08-b00e-ca52512556dd",
        "geometry_source": "KCMO parcels",
        "has_parcel_polygon": true,
        "match_method": "parcel_id",
        "match_status": "matched",
        "parcel_address": "4533 NE 45th St",
        "parcel_id": "215606",
        "record_id": "case:5182b6a5-908a-4a08-b00e-ca52512556dd",
        "record_type": "Complete Building or Structure Demolition - Residential",
        "status": "Closed",
        "year": "2021"
      },
      "type": "Feature"
    },
    {
      "geometry": {
        "coordinates": [
          [
            [
              -94.60564071455045,
              39.03560071310538
            ],
            [
              -94.60589699452187,
              39.03568891555512
            ],
            [
              -94.60616986506207,
              39.03580561256229
            ],
            [
              -94.60640228324519,
              39.03592628021225
            ],
            [
              -94.60666469124493,
              39.03608824352146
            ],
            [
              -94.60683705971974,
              39.03617130374404
            ],
            [
              -94.60695814955517,
              39.03621803005211
            ],
            [
              -94.60708339470712,
              39.03625756780545
            ],
            [
              -94.60721208995217,
              39.03628968882958
            ],
            [
              -94.60735036965562,
              39.036315234062535
            ],
            [
              -94.60736633116709,
              39.034435184061756
            ],
            [
              -94.60608766117069,
              39.03380575513313
            ],
            [
              -94.60596245895485,
              39.03375191623314
            ],
            [
              -94.60583119780826,
              39.03370771500194
            ],
            [
              -94.605714773363,
              39.03367784653127
            ],
            [
              -94.60559557330886,
              39.033655576359195
            ],
            [
              -94.60547444858749,
              39.033641042137624
            ],
            [
              -94.60535216142458,
              39.03363440276684
            ],
            [
              -94.6052296226579,
              39.03363563454065
            ],
            [
              -94.60510765374912,
              39.033644782479925
            ],
            [
              -94.6048529220075,
              39.03368589998297
            ],
            [
              -94.60464015027766,
              39.03373169277182
            ],
            [
              -94.60443146976971,
              39.03378775505471
            ],
            [
              -94.60425643931103,
              39.03384383265539
            ],
            [
              -94.60405752591778,
              39.03391837334313
            ],
            [
              -94.60389202340501,
              39.033989887106685
            ],
            [
              -94.60370545635921,
              39.034081896094115
            ],
            [
              -94.60352667546859,
              39.03418282315662
            ],
            [
              -94.6033562984111,
              39.03429227651806
            ],
            [
              -94.60321747364614,
              39.03439252645498
            ],
            [
              -94.6030644838638,
              39.034516630113124
            ],
            [
              -94.60292177281408,
              39.034647933140704
            ],
            [
              -94.6027898363158,
              39.034785930613246
            ],
            [
              -94.60268572068287,
              39.03490914409402
            ],
            [
              -94.60257518551198,
              39.0350581505183
            ],
            [
              -94.60247677510942,
              39.03521222575205
            ],
            [
              -94.60239086943002,
              39.035370843230325
            ],
            [
              -94.60461290188611,
              39.03544682697069
            ],
            [
              -94.60480041364178,
              39.03545649745778
            ],
            [
              -94.60502613994967,
              39.03547798499712
            ],
            [
              -94.6052498299703,
              39.035510091836926
            ],
            [
              -94.60547699906655,
              39.03555413838006
            ],
            [
              -94.60564071455045,
              39.03560071310538
            ]
          ]
        ],
        "type": "Polygon"
      },
      "properties": {
        "address": "5121 State Line Rd Kansas City MO 64112",
        "case_number": "CPDC-2021-00176",
        "category": "Complete Building Demolition - Commercial",
        "date": "2021-10-26T11:35:59.153",
        "detail_url": "https://compasskc.kcmo.org/EnerGov_Prod/SelfService#/permit/a6b51a45-ab0b-47fa-8342-72e0a54f0da3",
        "external_id": "a6b51a45-ab0b-47fa-8342-72e0a54f0da3",
        "geometry_source": "KCMO parcels",
        "has_parcel_polygon": true,
        "match_method": "parcel_id",
        "match_status": "matched",
        "parcel_address": "5121 State Line Rd",
        "parcel_id": "282325",
        "record_id": "case:a6b51a45-ab0b-47fa-8342-72e0a54f0da3",
        "record_type": "Complete Building Demolition - Commercial",
        "status": "Hold",
        "year": "2021"
      },
      "type": "Feature"
    },
    {
      "geometry": {
        "coordinates": [
          [
            [
              -94.65128087517614,
              39.2950938594737
            ],
            [
              -94.65125791007686,
              39.29523158003286
            ],
            [
              -94.65121486869235,
              39.29538676229423
            ],
            [
              -94.65115438963501,
              39.29553837445739
            ],
            [
              -94.65107931475701,
              39.295681128693445
            ],
            [
              -94.65029988949898,
              39.296581523094886
            ],
            [
              -94.65834480618456,
              39.296586098619244
            ],
            [
              -94.65837464788038,
              39.29312842329334
            ],
            [
              -94.65702547418609,
              39.291517902152606
            ],
            [
              -94.65197748700712,
              39.2914903715559
            ],
            [
              -94.65128087517614,
              39.2950938594737
            ]
          ]
        ],
        "type": "Polygon"
      },
      "properties": {
        "address": "11000 NW Skyview Ave Kansas City MO 64154",
        "case_number": "CPDR-2021-00146",
        "category": "Complete Building or Structure Demolition - Residential",
        "date": "2021-10-26T11:52:06.01",
        "detail_url": "https://compasskc.kcmo.org/EnerGov_Prod/SelfService#/permit/9e1ad34a-212d-4ac0-9b69-6ad73d78159d",
        "external_id": "9e1ad34a-212d-4ac0-9b69-6ad73d78159d",
        "geometry_source": "KCMO parcels",
        "has_parcel_polygon": true,
        "match_method": "parcel_id",
        "match_status": "matched",
        "parcel_address": "11000 NW Skyview Ave",
        "parcel_id": "171450",
        "record_id": "case:9e1ad34a-212d-4ac0-9b69-6ad73d78159d",
        "record_type": "Complete Building or Structure Demolition - Residential",
        "status": "Closed",
        "year": "2021"
      },
      "type": "Feature"
    },
    {
      "geometry": {
        "coordinates": [
          [
            [
              -94.54979653126614,
              39.037737567086666
            ],
            [
              -94.5489569554031,
              39.03770877159562
            ],
            [
              -94.54895688530115,
              39.03760718083407
            ],
            [
              -94.54820770430639,
              39.03758154645037
            ],
            [
              -94.54820773788828,
              39.03763096926226
            ],
            [
              -94.54791199823056,
              39.03762086275971
            ],
            [
              -94.54791224111952,
              39.03798052811051
            ],
            [
              -94.5479504260863,
              39.03813324324039
            ],
            [
              -94.54791823128946,
              39.038206292417115
            ],
            [
              -94.54846226195181,
              39.038376598697894
            ],
            [
              -94.54863090181944,
              39.038418743836566
            ],
            [
              -94.54883113817557,
              39.038458267081594
            ],
            [
              -94.54900721926059,
              39.03848404869214
            ],
            [
              -94.54921195973904,
              39.03850375450145
            ],
            [
              -94.54975515707116,
              39.03852400250165
            ],
            [
              -94.54979653126614,
              39.037737567086666
            ]
          ]
        ],
        "type": "Polygon"
      },
      "properties": {
        "address": "3011 Dr. Martin Luther King Jr. Blvd Kansas City MO 64130",
        "case_number": "CPDC-2021-00172",
        "category": "Pre-Demolition Inspection - Commercial",
        "date": "2021-10-27T10:41:08.79",
        "detail_url": "https://compasskc.kcmo.org/EnerGov_Prod/SelfService#/permit/1229b7c4-255e-45b4-8102-154745d5d498",
        "external_id": "1229b7c4-255e-45b4-8102-154745d5d498",
        "geometry_source": "KCMO parcels",
        "has_parcel_polygon": true,
        "match_method": "parcel_id",
        "match_status": "matched",
        "parcel_address": "3103 Dr. Martin Luther King Jr. Blvd",
        "parcel_id": "35009",
        "record_id": "case:1229b7c4-255e-45b4-8102-154745d5d498",
        "record_type": "Pre-Demolition Inspection - Commercial",
        "status": "Issued",
        "year": "2021"
      },
      "type": "Feature"
    },
    {
      "geometry": {
        "coordinates": [
          [
            [
              -94.5479504260863,
              39.03813324324039
            ],
            [
              -94.54791224111952,
              39.03798052811051
            ],
            [
              -94.54791199823056,
              39.03762086275971
            ],
            [
              -94.54772196681162,
              39.037613389949975
            ],
            [
              -94.54747923225924,
              39.037544571618795
            ],
            [
              -94.54749631689681,
              39.037208260624766
            ],
            [
              -94.54716055832782,
              39.037196796219575
            ],
            [
              -94.54713663752132,
              39.03766646060658
            ],
            [
              -94.54699758854332,
              39.037912486216335
            ],
            [
              -94.54791823128946,
              39.038206292417115
            ],
            [
              -94.5479504260863,
              39.03813324324039
            ]
          ]
        ],
        "type": "Polygon"
      },
      "properties": {
        "address": "3129 Swope Pkwy Kansas City MO 64130",
        "case_number": "CPDC-2021-00173",
        "category": "Pre-Demolition Inspection - Commercial",
        "date": "2021-10-27T10:41:14.193",
        "detail_url": "https://compasskc.kcmo.org/EnerGov_Prod/SelfService#/permit/51bb739b-ba4b-43a5-8a26-d53066f3cf86",
        "external_id": "51bb739b-ba4b-43a5-8a26-d53066f3cf86",
        "geometry_source": "KCMO parcels",
        "has_parcel_polygon": true,
        "match_method": "parcel_id",
        "match_status": "matched",
        "parcel_address": "3119 Dr. Martin Luther King Jr. Blvd",
        "parcel_id": "35011",
        "record_id": "case:51bb739b-ba4b-43a5-8a26-d53066f3cf86",
        "record_type": "Pre-Demolition Inspection - Commercial",
        "status": "Issued",
        "year": "2021"
      },
      "type": "Feature"
    },
    {
      "geometry": {
        "coordinates": [
          [
            [
              -94.5689951353956,
              39.08882680458975
            ],
            [
              -94.56844285693009,
              39.08880706366686
            ],
            [
              -94.56843865077838,
              39.088889482541525
            ],
            [
              -94.56787891435653,
              39.08886951566168
            ],
            [
              -94.56782408689743,
              39.08989787575453
            ],
            [
              -94.56893816788971,
              39.08993380868971
            ],
            [
              -94.5689951353956,
              39.08882680458975
            ]
          ]
        ],
        "type": "Polygon"
      },
      "properties": {
        "address": "1219 E 19th St Kansas City MO 64108",
        "case_number": "CPDC-2021-00177",
        "category": "Pre-Demolition Inspection - Commercial",
        "date": "2021-10-29T06:46:15.81",
        "detail_url": "https://compasskc.kcmo.org/EnerGov_Prod/SelfService#/permit/648d949a-5e9c-49ff-840b-4fe2310a8da5",
        "external_id": "648d949a-5e9c-49ff-840b-4fe2310a8da5",
        "geometry_source": "KCMO parcels",
        "has_parcel_polygon": true,
        "match_method": "parcel_id",
        "match_status": "matched",
        "parcel_address": "1219 E 19th St",
        "parcel_id": "13327",
        "record_id": "case:648d949a-5e9c-49ff-840b-4fe2310a8da5",
        "record_type": "Pre-Demolition Inspection - Commercial",
        "status": "Issued",
        "year": "2021"
      },
      "type": "Feature"
    },
    {
      "geometry": {
        "coordinates": [
          [
            [
              -94.53306318599503,
              39.09563735000102
            ],
            [
              -94.53257255876932,
              39.095621929210296
            ],
            [
              -94.53251103562656,
              39.09682025540015
            ],
            [
              -94.53282690023602,
              39.09683121770811
            ],
            [
              -94.53282355571035,
              39.09690075368601
            ],
            [
              -94.53300008698089,
              39.096837208754664
            ],
            [
              -94.53306318599503,
              39.09563735000102
            ]
          ]
        ],
        "type": "Polygon"
      },
      "properties": {
        "address": "1331 Jackson Ave Kansas City MO 64127",
        "case_number": "CPDC-2021-00175",
        "category": "Complete Building Demolition - Commercial",
        "date": "2021-10-29T12:35:06.667",
        "detail_url": "https://compasskc.kcmo.org/EnerGov_Prod/SelfService#/permit/46c53268-0101-49d4-ba9b-72c0a166eb6f",
        "external_id": "46c53268-0101-49d4-ba9b-72c0a166eb6f",
        "geometry_source": "KCMO parcels",
        "has_parcel_polygon": true,
        "match_method": "parcel_id",
        "match_status": "matched",
        "parcel_address": "1301 Jackson Ave",
        "parcel_id": "260669",
        "record_id": "case:46c53268-0101-49d4-ba9b-72c0a166eb6f",
        "record_type": "Complete Building Demolition - Commercial",
        "status": "Closed",
        "year": "2021"
      },
      "type": "Feature"
    },
    {
      "geometry": {
        "coordinates": [
          [
            [
              -94.52148010735773,
              39.14050994390646
            ],
            [
              -94.52072344312201,
              39.13968237750274
            ],
            [
              -94.52048246974374,
              39.13971426980383
            ],
            [
              -94.52025012964747,
              39.139730418297425
            ],
            [
              -94.5200460493818,
              39.13973303907372
            ],
            [
              -94.51970651959957,
              39.139721610940384
            ],
            [
              -94.51959592419475,
              39.1417131741003
            ],
            [
              -94.51967231907072,
              39.14161283010904
            ],
            [
              -94.51975929174493,
              39.141519874684654
            ],
            [
              -94.51985699186955,
              39.14143366712346
            ],
            [
              -94.51996462266291,
              39.141354940284224
            ],
            [
              -94.52148010735773,
              39.14050994390646
            ]
          ]
        ],
        "type": "Polygon"
      },
      "properties": {
        "address": "5130 Deramus Ave Kansas City MO 64120",
        "case_number": "CPDC-2021-00166",
        "category": "Complete Building Demolition - Commercial",
        "date": "2021-10-29T19:19:08.883",
        "detail_url": "https://compasskc.kcmo.org/EnerGov_Prod/SelfService#/permit/467a7c89-c9cb-46c0-962a-2614539b7165",
        "external_id": "467a7c89-c9cb-46c0-962a-2614539b7165",
        "geometry_source": "KCMO parcels",
        "has_parcel_polygon": true,
        "match_method": "parcel_id",
        "match_status": "matched",
        "parcel_address": "5130 Deramus Ave",
        "parcel_id": "38314",
        "record_id": "case:467a7c89-c9cb-46c0-962a-2614539b7165",
        "record_type": "Complete Building Demolition - Commercial",
        "status": "Closed",
        "year": "2021"
      },
      "type": "Feature"
    },
    {
      "geometry": {
        "coordinates": [
          [
            [
              -94.65412273078043,
              39.25262653616704
            ],
            [
              -94.64988033966192,
              39.252632072949076
            ],
            [
              -94.64984496108889,
              39.252642689639906
            ],
            [
              -94.64982745614387,
              39.25267291329006
            ],
            [
              -94.64981250788945,
              39.254056055891105
            ],
            [
              -94.65250353377205,
              39.254090017940946
            ],
            [
              -94.65401088489052,
              39.25343858414479
            ],
            [
              -94.65591482612781,
              39.25208999258354
            ],
            [
              -94.65569624677006,
              39.25222770273872
            ],
            [
              -94.6554606748057,
              39.25234671868907
            ],
            [
              -94.65521043193236,
              39.25244591783077
            ],
            [
              -94.65494819612204,
              39.25252424173585
            ],
            [
              -94.65467684744058,
              39.2525808422243
            ],
            [
              -94.6543993870406,
              39.25261504944411
            ],
            [
              -94.65412273078043,
              39.25262653616704
            ]
          ]
        ],
        "type": "Polygon"
      },
      "properties": {
        "address": "8660 N Boardwalk Ave Kansas City MO 64154",
        "case_number": "CPDC-2021-00167",
        "category": "Partial Building Demolition - Commercial",
        "date": "2021-11-02T14:35:08.327",
        "detail_url": "https://compasskc.kcmo.org/EnerGov_Prod/SelfService#/permit/04367de2-4882-44aa-ab2e-00648ae61ae4",
        "external_id": "04367de2-4882-44aa-ab2e-00648ae61ae4",
        "geometry_source": "KCMO parcels",
        "has_parcel_polygon": true,
        "match_method": "parcel_id",
        "match_status": "matched",
        "parcel_address": "8600 N Boardwalk Ave",
        "parcel_id": "283662",
        "record_id": "case:04367de2-4882-44aa-ab2e-00648ae61ae4",
        "record_type": "Partial Building Demolition - Commercial",
        "status": "Issued",
        "year": "2021"
      },
      "type": "Feature"
    },
    {
      "geometry": {
        "coordinates": [
          [
            [
              -94.60564071455045,
              39.03560071310538
            ],
            [
              -94.60589699452187,
              39.03568891555512
            ],
            [
              -94.60616986506207,
              39.03580561256229
            ],
            [
              -94.60640228324519,
              39.03592628021225
            ],
            [
              -94.60666469124493,
              39.03608824352146
            ],
            [
              -94.60683705971974,
              39.03617130374404
            ],
            [
              -94.60695814955517,
              39.03621803005211
            ],
            [
              -94.60708339470712,
              39.03625756780545
            ],
            [
              -94.60721208995217,
              39.03628968882958
            ],
            [
              -94.60735036965562,
              39.036315234062535
            ],
            [
              -94.60736633116709,
              39.034435184061756
            ],
            [
              -94.60608766117069,
              39.03380575513313
            ],
            [
              -94.60596245895485,
              39.03375191623314
            ],
            [
              -94.60583119780826,
              39.03370771500194
            ],
            [
              -94.605714773363,
              39.03367784653127
            ],
            [
              -94.60559557330886,
              39.033655576359195
            ],
            [
              -94.60547444858749,
              39.033641042137624
            ],
            [
              -94.60535216142458,
              39.03363440276684
            ],
            [
              -94.6052296226579,
              39.03363563454065
            ],
            [
              -94.60510765374912,
              39.033644782479925
            ],
            [
              -94.6048529220075,
              39.03368589998297
            ],
            [
              -94.60464015027766,
              39.03373169277182
            ],
            [
              -94.60443146976971,
              39.03378775505471
            ],
            [
              -94.60425643931103,
              39.03384383265539
            ],
            [
              -94.60405752591778,
              39.03391837334313
            ],
            [
              -94.60389202340501,
              39.033989887106685
            ],
            [
              -94.60370545635921,
              39.034081896094115
            ],
            [
              -94.60352667546859,
              39.03418282315662
            ],
            [
              -94.6033562984111,
              39.03429227651806
            ],
            [
              -94.60321747364614,
              39.03439252645498
            ],
            [
              -94.6030644838638,
              39.034516630113124
            ],
            [
              -94.60292177281408,
              39.034647933140704
            ],
            [
              -94.6027898363158,
              39.034785930613246
            ],
            [
              -94.60268572068287,
              39.03490914409402
            ],
            [
              -94.60257518551198,
              39.0350581505183
            ],
            [
              -94.60247677510942,
              39.03521222575205
            ],
            [
              -94.60239086943002,
              39.035370843230325
            ],
            [
              -94.60461290188611,
              39.03544682697069
            ],
            [
              -94.60480041364178,
              39.03545649745778
            ],
            [
              -94.60502613994967,
              39.03547798499712
            ],
            [
              -94.6052498299703,
              39.035510091836926
            ],
            [
              -94.60547699906655,
              39.03555413838006
            ],
            [
              -94.60564071455045,
              39.03560071310538
            ]
          ]
        ],
        "type": "Polygon"
      },
      "properties": {
        "address": "5121 State Line Rd Unit: Athletic Complex Kansas City MO 64112",
        "case_number": "CPDC-2021-00180",
        "category": "Pre-Demolition Inspection - Commercial",
        "date": "2021-11-04T14:25:08.8",
        "detail_url": "https://compasskc.kcmo.org/EnerGov_Prod/SelfService#/permit/9cb99882-edf2-4e37-a588-97ccb0eaefed",
        "external_id": "9cb99882-edf2-4e37-a588-97ccb0eaefed",
        "geometry_source": "KCMO parcels",
        "has_parcel_polygon": true,
        "match_method": "parcel_id",
        "match_status": "matched",
        "parcel_address": "5121 State Line Rd",
        "parcel_id": "282325",
        "record_id": "case:9cb99882-edf2-4e37-a588-97ccb0eaefed",
        "record_type": "Pre-Demolition Inspection - Commercial",
        "status": "Issued",
        "year": "2021"
      },
      "type": "Feature"
    },
    {
      "geometry": {
        "coordinates": [
          [
            [
              -94.6017131107986,
              39.04134706537915
            ],
            [
              -94.6013667934619,
              39.04133640746942
            ],
            [
              -94.60136157088183,
              39.04143905523046
            ],
            [
              -94.60170785966305,
              39.04145042306061
            ],
            [
              -94.6017131107986,
              39.04134706537915
            ]
          ]
        ],
        "type": "Polygon"
      },
      "properties": {
        "address": "4735 Mercier St Kansas City MO 64112",
        "case_number": "CPDR-2021-00147",
        "category": "Complete Building or Structure Demolition - Residential",
        "date": "2021-11-05T10:32:07.41",
        "detail_url": "https://compasskc.kcmo.org/EnerGov_Prod/SelfService#/permit/8e60f6ec-ea82-4a36-b325-810ea5b4c5b6",
        "external_id": "8e60f6ec-ea82-4a36-b325-810ea5b4c5b6",
        "geometry_source": "KCMO parcels",
        "has_parcel_polygon": true,
        "match_method": "parcel_id",
        "match_status": "matched",
        "parcel_address": "4735 Mercier St",
        "parcel_id": "141949",
        "record_id": "case:8e60f6ec-ea82-4a36-b325-810ea5b4c5b6",
        "record_type": "Complete Building or Structure Demolition - Residential",
        "status": "Voided-City",
        "year": "2021"
      },
      "type": "Feature"
    },
    {
      "geometry": {
        "coordinates": [
          [
            [
              -94.5899723321354,
              39.107773096985454
            ],
            [
              -94.58980249137171,
              39.107767874429605
            ],
            [
              -94.58977837543733,
              39.10831947699076
            ],
            [
              -94.58994733668982,
              39.10832486042385
            ],
            [
              -94.5899723321354,
              39.107773096985454
            ]
          ]
        ],
        "type": "Polygon"
      },
      "properties": {
        "address": "500 W 5th St Kansas City MO 64105",
        "case_number": "CPDC-2021-00181",
        "category": "Complete Building Demolition - Commercial",
        "date": "2021-11-09T13:38:10.883",
        "detail_url": "https://compasskc.kcmo.org/EnerGov_Prod/SelfService#/permit/d794e079-6a2b-4a36-a88f-1af958318c60",
        "external_id": "d794e079-6a2b-4a36-a88f-1af958318c60",
        "geometry_source": "KCMO parcels",
        "has_parcel_polygon": true,
        "match_method": "parcel_id",
        "match_status": "matched",
        "parcel_address": "500 W 5th St",
        "parcel_id": "148473",
        "record_id": "case:d794e079-6a2b-4a36-a88f-1af958318c60",
        "record_type": "Complete Building Demolition - Commercial",
        "status": "Closed",
        "year": "2021"
      },
      "type": "Feature"
    },
    {
      "geometry": {
        "coordinates": [
          [
            [
              -94.50946685146509,
              39.0141443365966
            ],
            [
              -94.50481533447766,
              39.01397938992053
            ],
            [
              -94.50470050734404,
              39.0166572824874
            ],
            [
              -94.50465143957675,
              39.01757250295083
            ],
            [
              -94.50923966330986,
              39.01770336092908
            ],
            [
              -94.50946685146509,
              39.0141443365966
            ]
          ]
        ],
        "type": "Polygon"
      },
      "properties": {
        "address": "6621 E 58th Ter Kansas City MO 64129",
        "case_number": "CPDR-2021-00152",
        "category": "Partial Building Demolition - Residential",
        "date": "2021-11-10T15:28:54.457",
        "detail_url": "https://compasskc.kcmo.org/EnerGov_Prod/SelfService#/permit/9aef6a1b-f0ad-4976-aef5-1f6de4e95771",
        "external_id": "9aef6a1b-f0ad-4976-aef5-1f6de4e95771",
        "geometry_source": "KCMO parcels",
        "has_parcel_polygon": true,
        "match_method": "parcel_id",
        "match_status": "matched",
        "parcel_address": "6621 E 58th Ter",
        "parcel_id": "54756",
        "record_id": "case:9aef6a1b-f0ad-4976-aef5-1f6de4e95771",
        "record_type": "Partial Building Demolition - Residential",
        "status": "Hold",
        "year": "2021"
      },
      "type": "Feature"
    },
    {
      "geometry": {
        "coordinates": [
          [
            [
              -94.48829834923905,
              39.1041957411805
            ],
            [
              -94.48809258152397,
              39.10418741465952
            ],
            [
              -94.48806969525653,
              39.104595054455
            ],
            [
              -94.4882763157945,
              39.104603289578876
            ],
            [
              -94.48829834923905,
              39.1041957411805
            ]
          ]
        ],
        "type": "Polygon"
      },
      "properties": {
        "address": "8018 Independence Ave Kansas City MO 64125",
        "case_number": "CPDR-2021-00151",
        "category": "Complete Building or Structure Demolition - Residential",
        "date": "2021-11-11T09:39:08.92",
        "detail_url": "https://compasskc.kcmo.org/EnerGov_Prod/SelfService#/permit/3d4d5ab7-b6f7-44cf-a482-a7b4138d4d35",
        "external_id": "3d4d5ab7-b6f7-44cf-a482-a7b4138d4d35",
        "geometry_source": "KCMO parcels",
        "has_parcel_polygon": true,
        "match_method": "parcel_id",
        "match_status": "matched",
        "parcel_address": "8018 Independence Ave",
        "parcel_id": "46711",
        "record_id": "case:3d4d5ab7-b6f7-44cf-a482-a7b4138d4d35",
        "record_type": "Complete Building or Structure Demolition - Residential",
        "status": "Closed",
        "year": "2021"
      },
      "type": "Feature"
    },
    {
      "geometry": {
        "coordinates": [
          [
            [
              -94.5689951353956,
              39.08882680458975
            ],
            [
              -94.56844285693009,
              39.08880706366686
            ],
            [
              -94.56843865077838,
              39.088889482541525
            ],
            [
              -94.56787891435653,
              39.08886951566168
            ],
            [
              -94.56782408689743,
              39.08989787575453
            ],
            [
              -94.56893816788971,
              39.08993380868971
            ],
            [
              -94.5689951353956,
              39.08882680458975
            ]
          ]
        ],
        "type": "Polygon"
      },
      "properties": {
        "address": "1219 E 19th St Kansas City MO 64108",
        "case_number": "CPDC-2021-00184",
        "category": "Complete Building Demolition - Commercial",
        "date": "2021-11-11T09:40:08.983",
        "detail_url": "https://compasskc.kcmo.org/EnerGov_Prod/SelfService#/permit/ecd49004-ccb1-48b7-8841-801c88a61f9b",
        "external_id": "ecd49004-ccb1-48b7-8841-801c88a61f9b",
        "geometry_source": "KCMO parcels",
        "has_parcel_polygon": true,
        "match_method": "parcel_id",
        "match_status": "matched",
        "parcel_address": "1219 E 19th St",
        "parcel_id": "13327",
        "record_id": "case:ecd49004-ccb1-48b7-8841-801c88a61f9b",
        "record_type": "Complete Building Demolition - Commercial",
        "status": "Closed",
        "year": "2021"
      },
      "type": "Feature"
    },
    {
      "geometry": {
        "coordinates": [
          [
            [
              -94.70827239477735,
              39.24793158308098
            ],
            [
              -94.70827074324282,
              39.24728117851208
            ],
            [
              -94.70649147585223,
              39.247279785434124
            ],
            [
              -94.70649781102377,
              39.24739432227679
            ],
            [
              -94.70651071610726,
              39.24746545133513
            ],
            [
              -94.70653002888311,
              39.2475351141
            ],
            [
              -94.7065555896698,
              39.24760273458732
            ],
            [
              -94.70658718712626,
              39.24766775369886
            ],
            [
              -94.7066245599991,
              39.24772963384509
            ],
            [
              -94.70666739928275,
              39.24778786338997
            ],
            [
              -94.70671535077442,
              39.24784196088129
            ],
            [
              -94.70676801800268,
              39.24789147903139
            ],
            [
              -94.70682496550552,
              39.24793600841541
            ],
            [
              -94.70688572243088,
              39.24797518085649
            ],
            [
              -94.70698002494532,
              39.247890884496485
            ],
            [
              -94.70707259812396,
              39.24783814089216
            ],
            [
              -94.70717427248786,
              39.24780629744818
            ],
            [
              -94.70728039366848,
              39.2477968118685
            ],
            [
              -94.70806601518032,
              39.24779415113611
            ],
            [
              -94.70811929112435,
              39.24780667378835
            ],
            [
              -94.7081652929764,
              39.247836321261026
            ],
            [
              -94.708198703946,
              39.24787966696601
            ],
            [
              -94.70821566246848,
              39.24793170110427
            ],
            [
              -94.70827239477735,
              39.24793158308098
            ]
          ]
        ],
        "type": "Polygon"
      },
      "properties": {
        "address": "10900 NW Barry Rd Kansas City MO 64153",
        "case_number": "CPDR-2021-00149",
        "category": "Complete Building or Structure Demolition - Residential",
        "date": "2021-11-15T09:32:07.63",
        "detail_url": "https://compasskc.kcmo.org/EnerGov_Prod/SelfService#/permit/2b6b19ba-a951-4a60-9121-28fc71469bdd",
        "external_id": "2b6b19ba-a951-4a60-9121-28fc71469bdd",
        "geometry_source": "KCMO parcels",
        "has_parcel_polygon": true,
        "match_method": "parcel_id",
        "match_status": "matched",
        "parcel_address": "10900 NW Barry Rd Lot 2",
        "parcel_id": "289887",
        "record_id": "case:2b6b19ba-a951-4a60-9121-28fc71469bdd",
        "record_type": "Complete Building or Structure Demolition - Residential",
        "status": "Issued",
        "year": "2021"
      },
      "type": "Feature"
    },
    {
      "geometry": {
        "coordinates": [
          [
            [
              -94.52203325155902,
              39.11376948184106
            ],
            [
              -94.52155298588701,
              39.11375312043727
            ],
            [
              -94.52154682141172,
              39.11386269695863
            ],
            [
              -94.52202717667109,
              39.1138790583705
            ],
            [
              -94.52203325155902,
              39.11376948184106
            ]
          ]
        ],
        "type": "Polygon"
      },
      "properties": {
        "address": "133 N Quincy Ave Kansas City MO 64123",
        "case_number": "CPDR-2021-00153",
        "category": "Complete Building or Structure Demolition - Residential",
        "date": "2021-11-17T10:50:17.24",
        "detail_url": "https://compasskc.kcmo.org/EnerGov_Prod/SelfService#/permit/1e0d971e-a1b9-44c9-9975-0b3a3b16ab54",
        "external_id": "1e0d971e-a1b9-44c9-9975-0b3a3b16ab54",
        "geometry_source": "KCMO parcels",
        "has_parcel_polygon": true,
        "match_method": "parcel_id",
        "match_status": "matched",
        "parcel_id": "42808",
        "record_id": "case:1e0d971e-a1b9-44c9-9975-0b3a3b16ab54",
        "record_type": "Complete Building or Structure Demolition - Residential",
        "status": "Issued",
        "year": "2021"
      },
      "type": "Feature"
    },
    {
      "geometry": {
        "coordinates": [
          [
            [
              -94.62360313211254,
              39.22904941925561
            ],
            [
              -94.62315058617976,
              39.229012214923785
            ],
            [
              -94.62314528454782,
              39.229210568193096
            ],
            [
              -94.62353774047548,
              39.22930393904605
            ],
            [
              -94.62358042917404,
              39.22917091419181
            ],
            [
              -94.62360313211254,
              39.22904941925561
            ]
          ]
        ],
        "type": "Polygon"
      },
      "properties": {
        "address": "7419 N Lenox Ave Kansas City MO 64151",
        "case_number": "CPDR-2021-00155",
        "category": "Complete Building or Structure Demolition - Residential",
        "date": "2021-11-18T07:24:10.153",
        "detail_url": "https://compasskc.kcmo.org/EnerGov_Prod/SelfService#/permit/afcf721a-5a77-45de-8064-e262968f84cb",
        "external_id": "afcf721a-5a77-45de-8064-e262968f84cb",
        "geometry_source": "KCMO parcels",
        "has_parcel_polygon": true,
        "match_method": "parcel_id",
        "match_status": "matched",
        "parcel_address": "7419 N Lenox Ave",
        "parcel_id": "162453",
        "record_id": "case:afcf721a-5a77-45de-8064-e262968f84cb",
        "record_type": "Complete Building or Structure Demolition - Residential",
        "status": "Issued",
        "year": "2021"
      },
      "type": "Feature"
    },
    {
      "geometry": {
        "coordinates": [
          [
            [
              -94.52202717667109,
              39.1138790583705
            ],
            [
              -94.52154682141172,
              39.11386269695863
            ],
            [
              -94.52153908001496,
              39.11399973053531
            ],
            [
              -94.52201964179514,
              39.11401609251161
            ],
            [
              -94.52202717667109,
              39.1138790583705
            ]
          ]
        ],
        "type": "Polygon"
      },
      "properties": {
        "address": "139 N Quincy Ave Kansas City MO 64123",
        "case_number": "CPDR-2021-00154",
        "category": "Complete Building or Structure Demolition - Residential",
        "date": "2021-11-18T07:25:09.09",
        "detail_url": "https://compasskc.kcmo.org/EnerGov_Prod/SelfService#/permit/4781d633-3c31-4cc0-97b3-719cbb20b8f1",
        "external_id": "4781d633-3c31-4cc0-97b3-719cbb20b8f1",
        "geometry_source": "KCMO parcels",
        "has_parcel_polygon": true,
        "match_method": "parcel_id",
        "match_status": "matched",
        "parcel_address": "131 N Quincy Ave",
        "parcel_id": "42809",
        "record_id": "case:4781d633-3c31-4cc0-97b3-719cbb20b8f1",
        "record_type": "Complete Building or Structure Demolition - Residential",
        "status": "Issued",
        "year": "2021"
      },
      "type": "Feature"
    },
    {
      "geometry": {
        "coordinates": [
          [
            [
              -94.58952282974296,
              39.10930557683442
            ],
            [
              -94.58935527747134,
              39.109300306111315
            ],
            [
              -94.58925980028927,
              39.10932300878597
            ],
            [
              -94.589027674409,
              39.10939423012555
            ],
            [
              -94.58891583512603,
              39.10943737686119
            ],
            [
              -94.5887930559142,
              39.10949217807316
            ],
            [
              -94.5888059217138,
              39.10951752060692
            ],
            [
              -94.588849013917,
              39.10954727723786
            ],
            [
              -94.58902792051077,
              39.1096365354584
            ],
            [
              -94.5890841034823,
              39.10963797978408
            ],
            [
              -94.58942743089305,
              39.10969176160553
            ],
            [
              -94.589492186275,
              39.109643616217625
            ],
            [
              -94.58952307840735,
              39.10964084682229
            ],
            [
              -94.58951036082186,
              39.109616809595636
            ],
            [
              -94.58952282974296,
              39.10930557683442
            ]
          ]
        ],
        "type": "Polygon"
      },
      "properties": {
        "address": "208 Broadway Blvd Kansas City MO 64105",
        "case_number": "CPDC-2021-00188",
        "category": "Complete Building Demolition - Commercial",
        "date": "2021-11-18T09:31:36.533",
        "detail_url": "https://compasskc.kcmo.org/EnerGov_Prod/SelfService#/permit/4f7747c2-ca81-4247-bf16-3ca4384f9a0f",
        "external_id": "4f7747c2-ca81-4247-bf16-3ca4384f9a0f",
        "geometry_source": "KCMO parcels",
        "has_parcel_polygon": true,
        "match_method": "parcel_id",
        "match_status": "matched",
        "parcel_address": "208 Broadway Blvd",
        "parcel_id": "148466",
        "record_id": "case:4f7747c2-ca81-4247-bf16-3ca4384f9a0f",
        "record_type": "Complete Building Demolition - Commercial",
        "status": "Closed",
        "year": "2021"
      },
      "type": "Feature"
    },
    {
      "geometry": {
        "coordinates": [
          [
            [
              -94.4954717217157,
              38.9732560622717
            ],
            [
              -94.495041348109,
              38.97303329693324
            ],
            [
              -94.49491227582831,
              38.973185657242325
            ],
            [
              -94.49477872039367,
              38.97332868110561
            ],
            [
              -94.49463713325228,
              38.97346689996542
            ],
            [
              -94.49449179280143,
              38.97359646881072
            ],
            [
              -94.49545886020888,
              38.973624814488744
            ],
            [
              -94.4954717217157,
              38.9732560622717
            ]
          ]
        ],
        "type": "Polygon"
      },
      "properties": {
        "address": "8300 Blue Ridge Blvd Kansas City MO 64138",
        "case_number": "CPDR-2021-00157",
        "category": "Complete Building or Structure Demolition - Residential",
        "date": "2021-11-22T09:23:28.97",
        "detail_url": "https://compasskc.kcmo.org/EnerGov_Prod/SelfService#/permit/92b23561-8486-4226-bfd9-d04df9500e2a",
        "external_id": "92b23561-8486-4226-bfd9-d04df9500e2a",
        "geometry_source": "KCMO parcels",
        "has_parcel_polygon": true,
        "match_method": "parcel_id",
        "match_status": "matched",
        "parcel_address": "8300 Blue Ridge Blvd",
        "parcel_id": "53899",
        "record_id": "case:92b23561-8486-4226-bfd9-d04df9500e2a",
        "record_type": "Complete Building or Structure Demolition - Residential",
        "status": "Closed",
        "year": "2021"
      },
      "type": "Feature"
    },
    {
      "geometry": {
        "coordinates": [
          [
            [
              -94.52261290059467,
              39.101176310858385
            ],
            [
              -94.52305258633446,
              39.101188786825055
            ],
            [
              -94.52307138528099,
              39.10084259770016
            ],
            [
              -94.52263146668193,
              39.10082984728034
            ],
            [
              -94.52261290059467,
              39.101176310858385
            ]
          ]
        ],
        "type": "Polygon"
      },
      "properties": {
        "address": "5020 E 10th St Kansas City MO 64127",
        "case_number": "CPDR-2021-00159",
        "category": "Complete Building or Structure Demolition - Residential",
        "date": "2021-11-23T00:00:00",
        "detail_url": "https://compasskc.kcmo.org/EnerGov_Prod/SelfService#/permit/a78c94c9-73f2-4c5a-b6df-7ba8b2630955",
        "external_id": "a78c94c9-73f2-4c5a-b6df-7ba8b2630955",
        "geometry_source": "KCMO parcels",
        "has_parcel_polygon": true,
        "match_method": "parcel_id",
        "match_status": "matched",
        "parcel_address": "5014 E 10th St",
        "parcel_id": "288518",
        "record_id": "case:a78c94c9-73f2-4c5a-b6df-7ba8b2630955",
        "record_type": "Complete Building or Structure Demolition - Residential",
        "status": "Closed",
        "year": "2021"
      },
      "type": "Feature"
    },
    {
      "geometry": {
        "coordinates": [
          [
            [
              -94.54979653126614,
              39.037737567086666
            ],
            [
              -94.5489569554031,
              39.03770877159562
            ],
            [
              -94.54895688530115,
              39.03760718083407
            ],
            [
              -94.54820770430639,
              39.03758154645037
            ],
            [
              -94.54820773788828,
              39.03763096926226
            ],
            [
              -94.54791199823056,
              39.03762086275971
            ],
            [
              -94.54791224111952,
              39.03798052811051
            ],
            [
              -94.5479504260863,
              39.03813324324039
            ],
            [
              -94.54791823128946,
              39.038206292417115
            ],
            [
              -94.54846226195181,
              39.038376598697894
            ],
            [
              -94.54863090181944,
              39.038418743836566
            ],
            [
              -94.54883113817557,
              39.038458267081594
            ],
            [
              -94.54900721926059,
              39.03848404869214
            ],
            [
              -94.54921195973904,
              39.03850375450145
            ],
            [
              -94.54975515707116,
              39.03852400250165
            ],
            [
              -94.54979653126614,
              39.037737567086666
            ]
          ]
        ],
        "type": "Polygon"
      },
      "properties": {
        "address": "3011 Swope Pkwy Kansas City MO 64130",
        "case_number": "CPDC-2021-00189",
        "category": "Complete Building Demolition - Commercial",
        "date": "2021-11-24T12:57:07.76",
        "detail_url": "https://compasskc.kcmo.org/EnerGov_Prod/SelfService#/permit/9a0f8187-96d5-4e33-bcbe-9e748848f93b",
        "external_id": "9a0f8187-96d5-4e33-bcbe-9e748848f93b",
        "geometry_source": "KCMO parcels",
        "has_parcel_polygon": true,
        "match_method": "parcel_id",
        "match_status": "matched",
        "parcel_address": "3103 Dr. Martin Luther King Jr. Blvd",
        "parcel_id": "35009",
        "record_id": "case:9a0f8187-96d5-4e33-bcbe-9e748848f93b",
        "record_type": "Complete Building Demolition - Commercial",
        "status": "Issued",
        "year": "2021"
      },
      "type": "Feature"
    },
    {
      "geometry": {
        "coordinates": [
          [
            [
              -94.53969788661102,
              39.12652493377753
            ],
            [
              -94.53909206696203,
              39.126507475840995
            ],
            [
              -94.53904213478685,
              39.12747641677973
            ],
            [
              -94.5396487277677,
              39.12749614045829
            ],
            [
              -94.53969788661102,
              39.12652493377753
            ]
          ]
        ],
        "type": "Polygon"
      },
      "properties": {
        "address": "3525 Gardner Ave Kansas City MO 64120",
        "case_number": "CPDC-2021-00169",
        "category": "Complete Building Demolition - Commercial",
        "date": "2021-11-29T11:47:15.18",
        "detail_url": "https://compasskc.kcmo.org/EnerGov_Prod/SelfService#/permit/2b007c97-c8b6-4493-b896-9a9ce198cfd5",
        "external_id": "2b007c97-c8b6-4493-b896-9a9ce198cfd5",
        "geometry_source": "KCMO parcels",
        "has_parcel_polygon": true,
        "match_method": "parcel_id",
        "match_status": "matched",
        "parcel_address": "3523 Gardner Ave",
        "parcel_id": "38957",
        "record_id": "case:2b007c97-c8b6-4493-b896-9a9ce198cfd5",
        "record_type": "Complete Building Demolition - Commercial",
        "status": "Issued",
        "year": "2021"
      },
      "type": "Feature"
    },
    {
      "geometry": {
        "coordinates": [
          [
            [
              -94.59055215044086,
              39.108080713822424
            ],
            [
              -94.59046345571467,
              39.10807767033628
            ],
            [
              -94.59046402876739,
              39.10806648067865
            ],
            [
              -94.59026414264912,
              39.108059634698186
            ],
            [
              -94.5902517770224,
              39.10833457823269
            ],
            [
              -94.59054044458789,
              39.1083425228055
            ],
            [
              -94.59055215044086,
              39.108080713822424
            ]
          ]
        ],
        "type": "Polygon"
      },
      "properties": {
        "address": "511 W 4th St Kansas City MO 64105",
        "case_number": "CPDC-2021-00191",
        "category": "Complete Building Demolition - Commercial",
        "date": "2021-11-30T12:55:42.42",
        "detail_url": "https://compasskc.kcmo.org/EnerGov_Prod/SelfService#/permit/5a7ad264-0466-441a-8771-ddf09a04a5f3",
        "external_id": "5a7ad264-0466-441a-8771-ddf09a04a5f3",
        "geometry_source": "KCMO parcels",
        "has_parcel_polygon": true,
        "match_method": "parcel_id",
        "match_status": "matched",
        "parcel_address": "511 W 4th St",
        "parcel_id": "148475",
        "record_id": "case:5a7ad264-0466-441a-8771-ddf09a04a5f3",
        "record_type": "Complete Building Demolition - Commercial",
        "status": "Closed",
        "year": "2021"
      },
      "type": "Feature"
    },
    {
      "geometry": {
        "coordinates": [
          [
            [
              -94.59047829873849,
              39.107788653240576
            ],
            [
              -94.59027662273375,
              39.10778240299501
            ],
            [
              -94.59026414264912,
              39.108059634698186
            ],
            [
              -94.59046402876739,
              39.10806648067865
            ],
            [
              -94.59047829873849,
              39.107788653240576
            ]
          ]
        ],
        "type": "Polygon"
      },
      "properties": {
        "address": "510 W 5th St Kansas City MO 64105",
        "case_number": "CPDC-2021-00192",
        "category": "Complete Building Demolition - Commercial",
        "date": "2021-11-30T12:57:35.817",
        "detail_url": "https://compasskc.kcmo.org/EnerGov_Prod/SelfService#/permit/01940095-dadd-45ce-8bca-08959c585663",
        "external_id": "01940095-dadd-45ce-8bca-08959c585663",
        "geometry_source": "KCMO parcels",
        "has_parcel_polygon": true,
        "match_method": "parcel_id",
        "match_status": "matched",
        "parcel_address": "510 W 5th St",
        "parcel_id": "148476",
        "record_id": "case:01940095-dadd-45ce-8bca-08959c585663",
        "record_type": "Complete Building Demolition - Commercial",
        "status": "Closed",
        "year": "2021"
      },
      "type": "Feature"
    },
    {
      "geometry": {
        "coordinates": [
          [
            [
              -94.5510630254512,
              39.037854890116506
            ],
            [
              -94.55102286488525,
              39.038565422509365
            ],
            [
              -94.55208417460969,
              39.03860174198227
            ],
            [
              -94.55212077086614,
              39.03789115018911
            ],
            [
              -94.5510630254512,
              39.037854890116506
            ]
          ]
        ],
        "type": "Polygon"
      },
      "properties": {
        "address": "2801 Dr. Martin Luther King Jr. Blvd Kansas City MO 64130",
        "case_number": "CPDC-2021-00193",
        "category": "Complete Building Demolition - Commercial",
        "date": "2021-11-30T13:00:23.45",
        "detail_url": "https://compasskc.kcmo.org/EnerGov_Prod/SelfService#/permit/be2c1ed6-2084-4dc2-b0b1-d35185903af3",
        "external_id": "be2c1ed6-2084-4dc2-b0b1-d35185903af3",
        "geometry_source": "KCMO parcels",
        "has_parcel_polygon": true,
        "match_method": "parcel_id",
        "match_status": "matched",
        "parcel_address": "2801 Dr. Martin Luther King Jr. Blvd",
        "parcel_id": "288504",
        "record_id": "case:be2c1ed6-2084-4dc2-b0b1-d35185903af3",
        "record_type": "Complete Building Demolition - Commercial",
        "status": "Issued",
        "year": "2021"
      },
      "type": "Feature"
    },
    {
      "geometry": {
        "coordinates": [
          [
            [
              -94.5479504260863,
              39.03813324324039
            ],
            [
              -94.54791224111952,
              39.03798052811051
            ],
            [
              -94.54791199823056,
              39.03762086275971
            ],
            [
              -94.54772196681162,
              39.037613389949975
            ],
            [
              -94.54747923225924,
              39.037544571618795
            ],
            [
              -94.54749631689681,
              39.037208260624766
            ],
            [
              -94.54716055832782,
              39.037196796219575
            ],
            [
              -94.54713663752132,
              39.03766646060658
            ],
            [
              -94.54699758854332,
              39.037912486216335
            ],
            [
              -94.54791823128946,
              39.038206292417115
            ],
            [
              -94.5479504260863,
              39.03813324324039
            ]
          ]
        ],
        "type": "Polygon"
      },
      "properties": {
        "address": "3129 Dr. Martin Luther King Jr. Blvd Kansas City MO 64130",
        "case_number": "CPDC-2021-00194",
        "category": "Complete Building Demolition - Commercial",
        "date": "2021-11-30T13:03:06.187",
        "detail_url": "https://compasskc.kcmo.org/EnerGov_Prod/SelfService#/permit/9f144ea2-fdaa-4c90-bf1d-fde8067c1e5b",
        "external_id": "9f144ea2-fdaa-4c90-bf1d-fde8067c1e5b",
        "geometry_source": "KCMO parcels",
        "has_parcel_polygon": true,
        "match_method": "parcel_id",
        "match_status": "matched",
        "parcel_address": "3119 Dr. Martin Luther King Jr. Blvd",
        "parcel_id": "35011",
        "record_id": "case:9f144ea2-fdaa-4c90-bf1d-fde8067c1e5b",
        "record_type": "Complete Building Demolition - Commercial",
        "status": "Issued",
        "year": "2021"
      },
      "type": "Feature"
    },
    {
      "geometry": {
        "coordinates": [
          [
            [
              -94.55000073200851,
              39.037932917828186
            ],
            [
              -94.5499702782043,
              39.03852939224321
            ],
            [
              -94.55102286488525,
              39.038565422509365
            ],
            [
              -94.55105185470103,
              39.038036291637106
            ],
            [
              -94.55057127501851,
              39.03799462543482
            ],
            [
              -94.55026483826057,
              39.03794340105286
            ],
            [
              -94.55000073200851,
              39.037932917828186
            ]
          ]
        ],
        "type": "Polygon"
      },
      "properties": {
        "address": "2915 Dr. Martin Luther King Jr. Blvd Kansas City MO 64130",
        "case_number": "CPDC-2021-00196",
        "category": "Complete Building Demolition - Commercial",
        "date": "2021-12-01T15:38:12.577",
        "detail_url": "https://compasskc.kcmo.org/EnerGov_Prod/SelfService#/permit/69b6b08b-2b39-43cc-85a1-9c7a030135f8",
        "external_id": "69b6b08b-2b39-43cc-85a1-9c7a030135f8",
        "geometry_source": "KCMO parcels",
        "has_parcel_polygon": true,
        "match_method": "parcel_id",
        "match_status": "matched",
        "parcel_address": "2901 Dr. Martin Luther King Jr. Blvd",
        "parcel_id": "288503",
        "record_id": "case:69b6b08b-2b39-43cc-85a1-9c7a030135f8",
        "record_type": "Complete Building Demolition - Commercial",
        "status": "Issued",
        "year": "2021"
      },
      "type": "Feature"
    },
    {
      "geometry": {
        "coordinates": [
          [
            [
              -94.5901633741314,
              38.977910886069004
            ],
            [
              -94.58969063583181,
              38.97789422677489
            ],
            [
              -94.58968242848374,
              38.978057352930534
            ],
            [
              -94.5901553450344,
              38.978074446861484
            ],
            [
              -94.5901633741314,
              38.977910886069004
            ]
          ]
        ],
        "type": "Polygon"
      },
      "properties": {
        "address": "8241 Main St Kansas City MO 64114",
        "case_number": "CPDR-2021-00160",
        "category": "Complete Building or Structure Demolition - Residential",
        "date": "2021-12-09T09:56:12.41",
        "detail_url": "https://compasskc.kcmo.org/EnerGov_Prod/SelfService#/permit/620c9158-c776-4d7a-809a-617f4c517f3f",
        "external_id": "620c9158-c776-4d7a-809a-617f4c517f3f",
        "geometry_source": "KCMO parcels",
        "has_parcel_polygon": true,
        "match_method": "parcel_id",
        "match_status": "matched",
        "parcel_address": "8241 Main St",
        "parcel_id": "119196",
        "record_id": "case:620c9158-c776-4d7a-809a-617f4c517f3f",
        "record_type": "Complete Building or Structure Demolition - Residential",
        "status": "Closed",
        "year": "2021"
      },
      "type": "Feature"
    },
    {
      "geometry": {
        "coordinates": [
          [
            [
              -94.58589420745098,
              39.03776105192386
            ],
            [
              -94.58541528888775,
              39.03774193135522
            ],
            [
              -94.58541023335542,
              39.03783231588858
            ],
            [
              -94.58588935832657,
              39.03785118406317
            ],
            [
              -94.58589420745098,
              39.03776105192386
            ]
          ]
        ],
        "type": "Polygon"
      },
      "properties": {
        "address": "4917 Walnut St Kansas City MO 64112",
        "case_number": "CPDR-2021-00165",
        "category": "Complete Building or Structure Demolition - Residential",
        "date": "2021-12-14T11:35:03.817",
        "detail_url": "https://compasskc.kcmo.org/EnerGov_Prod/SelfService#/permit/ed94c8ea-3aa0-4c70-bfaf-069ba8a5c3d2",
        "external_id": "ed94c8ea-3aa0-4c70-bfaf-069ba8a5c3d2",
        "geometry_source": "KCMO parcels",
        "has_parcel_polygon": true,
        "match_method": "parcel_id",
        "match_status": "matched",
        "parcel_address": "4917 Walnut St",
        "parcel_id": "140187",
        "record_id": "case:ed94c8ea-3aa0-4c70-bfaf-069ba8a5c3d2",
        "record_type": "Complete Building or Structure Demolition - Residential",
        "status": "Closed",
        "year": "2021"
      },
      "type": "Feature"
    },
    {
      "geometry": {
        "coordinates": [
          [
            [
              -94.58591047667977,
              39.03745834863652
            ],
            [
              -94.58543223393315,
              39.03743899882859
            ],
            [
              -94.58542689122751,
              39.03753450776296
            ],
            [
              -94.58590539727722,
              39.037552712207585
            ],
            [
              -94.58591047667977,
              39.03745834863652
            ]
          ]
        ],
        "type": "Polygon"
      },
      "properties": {
        "address": "4925 Walnut St Kansas City MO 64112",
        "case_number": "CPDR-2021-00164",
        "category": "Complete Building or Structure Demolition - Residential",
        "date": "2021-12-14T11:38:32.237",
        "detail_url": "https://compasskc.kcmo.org/EnerGov_Prod/SelfService#/permit/8c4511a5-144d-476d-a94e-39ae56f4adf1",
        "external_id": "8c4511a5-144d-476d-a94e-39ae56f4adf1",
        "geometry_source": "KCMO parcels",
        "has_parcel_polygon": true,
        "match_method": "parcel_id",
        "match_status": "matched",
        "parcel_address": "4925 Walnut St",
        "parcel_id": "140190",
        "record_id": "case:8c4511a5-144d-476d-a94e-39ae56f4adf1",
        "record_type": "Complete Building or Structure Demolition - Residential",
        "status": "Closed",
        "year": "2021"
      },
      "type": "Feature"
    },
    {
      "geometry": {
        "coordinates": [
          [
            [
              -94.58590539727722,
              39.037552712207585
            ],
            [
              -94.58542689122751,
              39.03753450776296
            ],
            [
              -94.5854214920137,
              39.03763061164121
            ],
            [
              -94.58590023276962,
              39.03764888514941
            ],
            [
              -94.58590539727722,
              39.037552712207585
            ]
          ]
        ],
        "type": "Polygon"
      },
      "properties": {
        "address": "4923 Walnut St Kansas City MO 64112",
        "case_number": "CPDR-2021-00163",
        "category": "Complete Building or Structure Demolition - Residential",
        "date": "2021-12-14T11:38:34.58",
        "detail_url": "https://compasskc.kcmo.org/EnerGov_Prod/SelfService#/permit/9bd3d2f2-45f6-48b1-b2b6-efe3eef7f51c",
        "external_id": "9bd3d2f2-45f6-48b1-b2b6-efe3eef7f51c",
        "geometry_source": "KCMO parcels",
        "has_parcel_polygon": true,
        "match_method": "parcel_id",
        "match_status": "matched",
        "parcel_address": "4923 Walnut St",
        "parcel_id": "140189",
        "record_id": "case:9bd3d2f2-45f6-48b1-b2b6-efe3eef7f51c",
        "record_type": "Complete Building or Structure Demolition - Residential",
        "status": "Closed",
        "year": "2021"
      },
      "type": "Feature"
    },
    {
      "geometry": {
        "coordinates": [
          [
            [
              -94.60564071455045,
              39.03560071310538
            ],
            [
              -94.60589699452187,
              39.03568891555512
            ],
            [
              -94.60616986506207,
              39.03580561256229
            ],
            [
              -94.60640228324519,
              39.03592628021225
            ],
            [
              -94.60666469124493,
              39.03608824352146
            ],
            [
              -94.60683705971974,
              39.03617130374404
            ],
            [
              -94.60695814955517,
              39.03621803005211
            ],
            [
              -94.60708339470712,
              39.03625756780545
            ],
            [
              -94.60721208995217,
              39.03628968882958
            ],
            [
              -94.60735036965562,
              39.036315234062535
            ],
            [
              -94.60736633116709,
              39.034435184061756
            ],
            [
              -94.60608766117069,
              39.03380575513313
            ],
            [
              -94.60596245895485,
              39.03375191623314
            ],
            [
              -94.60583119780826,
              39.03370771500194
            ],
            [
              -94.605714773363,
              39.03367784653127
            ],
            [
              -94.60559557330886,
              39.033655576359195
            ],
            [
              -94.60547444858749,
              39.033641042137624
            ],
            [
              -94.60535216142458,
              39.03363440276684
            ],
            [
              -94.6052296226579,
              39.03363563454065
            ],
            [
              -94.60510765374912,
              39.033644782479925
            ],
            [
              -94.6048529220075,
              39.03368589998297
            ],
            [
              -94.60464015027766,
              39.03373169277182
            ],
            [
              -94.60443146976971,
              39.03378775505471
            ],
            [
              -94.60425643931103,
              39.03384383265539
            ],
            [
              -94.60405752591778,
              39.03391837334313
            ],
            [
              -94.60389202340501,
              39.033989887106685
            ],
            [
              -94.60370545635921,
              39.034081896094115
            ],
            [
              -94.60352667546859,
              39.03418282315662
            ],
            [
              -94.6033562984111,
              39.03429227651806
            ],
            [
              -94.60321747364614,
              39.03439252645498
            ],
            [
              -94.6030644838638,
              39.034516630113124
            ],
            [
              -94.60292177281408,
              39.034647933140704
            ],
            [
              -94.6027898363158,
              39.034785930613246
            ],
            [
              -94.60268572068287,
              39.03490914409402
            ],
            [
              -94.60257518551198,
              39.0350581505183
            ],
            [
              -94.60247677510942,
              39.03521222575205
            ],
            [
              -94.60239086943002,
              39.035370843230325
            ],
            [
              -94.60461290188611,
              39.03544682697069
            ],
            [
              -94.60480041364178,
              39.03545649745778
            ],
            [
              -94.60502613994967,
              39.03547798499712
            ],
            [
              -94.6052498299703,
              39.035510091836926
            ],
            [
              -94.60547699906655,
              39.03555413838006
            ],
            [
              -94.60564071455045,
              39.03560071310538
            ]
          ]
        ],
        "type": "Polygon"
      },
      "properties": {
        "address": "5121 State Line Rd Unit: Athletic Complex Kansas City MO 64112",
        "case_number": "CPDC-2021-00179",
        "category": "Complete Building Demolition - Commercial",
        "date": "2021-12-15T13:31:08.617",
        "detail_url": "https://compasskc.kcmo.org/EnerGov_Prod/SelfService#/permit/ff5f11ec-eb56-4bf1-bd05-df0cc6d95add",
        "external_id": "ff5f11ec-eb56-4bf1-bd05-df0cc6d95add",
        "geometry_source": "KCMO parcels",
        "has_parcel_polygon": true,
        "match_method": "parcel_id",
        "match_status": "matched",
        "parcel_address": "5121 State Line Rd",
        "parcel_id": "282325",
        "record_id": "case:ff5f11ec-eb56-4bf1-bd05-df0cc6d95add",
        "record_type": "Complete Building Demolition - Commercial",
        "status": "Issued",
        "year": "2021"
      },
      "type": "Feature"
    },
    {
      "geometry": {
        "coordinates": [
          [
            [
              -94.5821556307635,
              39.096436567105776
            ],
            [
              -94.58126663223392,
              39.096407764963644
            ],
            [
              -94.58122913070744,
              39.09714302641651
            ],
            [
              -94.58127092132145,
              39.097144344967845
            ],
            [
              -94.5812940265815,
              39.09712774149658
            ],
            [
              -94.58202916721699,
              39.09714991340278
            ],
            [
              -94.58205166978958,
              39.09716892630369
            ],
            [
              -94.58209229907096,
              39.09717020648067
            ],
            [
              -94.58210422044066,
              39.09716393406677
            ],
            [
              -94.58211687079947,
              39.09714832016025
            ],
            [
              -94.5821205340381,
              39.09713535702351
            ],
            [
              -94.5821556307635,
              39.096436567105776
            ]
          ]
        ],
        "type": "Polygon"
      },
      "properties": {
        "address": "101 E 14 St Kansas City MO",
        "case_number": "CPDC-2021-00201",
        "category": "Partial Building Demolition - Commercial",
        "date": "2021-12-16T14:53:44.207",
        "detail_url": "https://compasskc.kcmo.org/EnerGov_Prod/SelfService#/permit/0eff0457-de3d-424b-90dc-60440a55a9cd",
        "external_id": "0eff0457-de3d-424b-90dc-60440a55a9cd",
        "geometry_source": "KCMO parcels",
        "has_parcel_polygon": true,
        "match_method": "address_geocode_point_in_polygon",
        "match_status": "matched",
        "parcel_id": "261776",
        "record_id": "case:0eff0457-de3d-424b-90dc-60440a55a9cd",
        "record_type": "Partial Building Demolition - Commercial",
        "status": "Cancelled",
        "year": "2021"
      },
      "type": "Feature"
    },
    {
      "geometry": {
        "coordinates": [
          [
            [
              -94.54279214582532,
              39.10465828395674
            ],
            [
              -94.54268601345542,
              39.10465470828772
            ],
            [
              -94.54266951146218,
              39.10504759894719
            ],
            [
              -94.5427756444619,
              39.10505124327271
            ],
            [
              -94.54279214582532,
              39.10465828395674
            ]
          ]
        ],
        "type": "Polygon"
      },
      "properties": {
        "address": "3225 E 6th St Kansas City MO 64124",
        "case_number": "CPDR-2021-00170",
        "category": "Complete Building or Structure Demolition - Residential",
        "date": "2021-12-17T12:12:08.653",
        "detail_url": "https://compasskc.kcmo.org/EnerGov_Prod/SelfService#/permit/8374e081-7a39-4169-a85e-9a9546b34dff",
        "external_id": "8374e081-7a39-4169-a85e-9a9546b34dff",
        "geometry_source": "KCMO parcels",
        "has_parcel_polygon": true,
        "match_method": "parcel_id",
        "match_status": "matched",
        "parcel_address": "3225 E 6th St",
        "parcel_id": "10321",
        "record_id": "case:8374e081-7a39-4169-a85e-9a9546b34dff",
        "record_type": "Complete Building or Structure Demolition - Residential",
        "status": "Closed",
        "year": "2021"
      },
      "type": "Feature"
    },
    {
      "geometry": {
        "coordinates": [
          [
            [
              -94.53167049001706,
              39.081533042800636
            ],
            [
              -94.53123788190511,
              39.08151952255477
            ],
            [
              -94.53122973446501,
              39.08168390015813
            ],
            [
              -94.53166234355864,
              39.081697374099875
            ],
            [
              -94.53167049001706,
              39.081533042800636
            ]
          ]
        ],
        "type": "Polygon"
      },
      "properties": {
        "address": "2415 Kensington Ave Kansas City MO 64127",
        "case_number": "CPDR-2021-00169",
        "category": "Complete Building or Structure Demolition - Residential",
        "date": "2021-12-17T12:12:10.887",
        "detail_url": "https://compasskc.kcmo.org/EnerGov_Prod/SelfService#/permit/8684f3b2-c56f-4635-bc9d-9cfebcad0c1c",
        "external_id": "8684f3b2-c56f-4635-bc9d-9cfebcad0c1c",
        "geometry_source": "KCMO parcels",
        "has_parcel_polygon": true,
        "match_method": "parcel_id",
        "match_status": "matched",
        "parcel_address": "2415 Kensington Ave",
        "parcel_id": "19343",
        "record_id": "case:8684f3b2-c56f-4635-bc9d-9cfebcad0c1c",
        "record_type": "Complete Building or Structure Demolition - Residential",
        "status": "Closed",
        "year": "2021"
      },
      "type": "Feature"
    },
    {
      "geometry": {
        "coordinates": [
          [
            [
              -94.55054576424537,
              38.99696590377789
            ],
            [
              -94.55005289195347,
              38.99694421846509
            ],
            [
              -94.55004751167581,
              38.99704972494128
            ],
            [
              -94.55054053254484,
              38.997073149747344
            ],
            [
              -94.55054576424537,
              38.99696590377789
            ]
          ]
        ],
        "type": "Polygon"
      },
      "properties": {
        "address": "7118 Walrond Ave Kansas City MO 64132",
        "case_number": "CPDR-2021-00168",
        "category": "Complete Building or Structure Demolition - Residential",
        "date": "2021-12-17T12:12:13.17",
        "detail_url": "https://compasskc.kcmo.org/EnerGov_Prod/SelfService#/permit/deac4ef9-f781-4b1f-a930-a5db4ed45362",
        "external_id": "deac4ef9-f781-4b1f-a930-a5db4ed45362",
        "geometry_source": "KCMO parcels",
        "has_parcel_polygon": true,
        "match_method": "parcel_id",
        "match_status": "matched",
        "parcel_address": "7118 Walrond Ave",
        "parcel_id": "3311",
        "record_id": "case:deac4ef9-f781-4b1f-a930-a5db4ed45362",
        "record_type": "Complete Building or Structure Demolition - Residential",
        "status": "Closed",
        "year": "2021"
      },
      "type": "Feature"
    },
    {
      "geometry": {
        "coordinates": [
          [
            [
              -94.59223144100714,
              39.047905751411804
            ],
            [
              -94.59219514674878,
              39.04858513722814
            ],
            [
              -94.59310262895491,
              39.04861910323563
            ],
            [
              -94.59312083379665,
              39.04829308177381
            ],
            [
              -94.5926727721965,
              39.04827639237481
            ],
            [
              -94.59267357741828,
              39.0482627318429
            ],
            [
              -94.5925825795337,
              39.04825937197608
            ],
            [
              -94.59260150214449,
              39.04791948418345
            ],
            [
              -94.59223144100714,
              39.047905751411804
            ]
          ]
        ],
        "type": "Polygon"
      },
      "properties": {
        "address": "4330 Washington St Kansas City MO 64111",
        "case_number": "CPDC-2021-00200",
        "category": "Pre-Demolition Inspection - Commercial",
        "date": "2021-12-21T10:38:09.277",
        "detail_url": "https://compasskc.kcmo.org/EnerGov_Prod/SelfService#/permit/fad1ce1e-742c-4b70-b033-a629639a9225",
        "external_id": "fad1ce1e-742c-4b70-b033-a629639a9225",
        "geometry_source": "KCMO parcels",
        "has_parcel_polygon": true,
        "match_method": "parcel_id",
        "match_status": "matched",
        "parcel_address": "4330 Washington St",
        "parcel_id": "290286",
        "record_id": "case:fad1ce1e-742c-4b70-b033-a629639a9225",
        "record_type": "Pre-Demolition Inspection - Commercial",
        "status": "Issued",
        "year": "2021"
      },
      "type": "Feature"
    },
    {
      "geometry": {
        "coordinates": [
          [
            [
              -94.59631179860958,
              39.022073323736315
            ],
            [
              -94.59596205496767,
              39.02206116469488
            ],
            [
              -94.59594169821536,
              39.02243050297845
            ],
            [
              -94.59629121082318,
              39.02244291396099
            ],
            [
              -94.59631179860958,
              39.022073323736315
            ]
          ]
        ],
        "type": "Polygon"
      },
      "properties": {
        "address": "621 W 58th St Kansas City MO 64113",
        "case_number": "CPDR-2021-00167",
        "category": "Complete Building or Structure Demolition - Residential",
        "date": "2021-12-23T11:04:08.233",
        "detail_url": "https://compasskc.kcmo.org/EnerGov_Prod/SelfService#/permit/55c83d21-9701-4712-bdde-a8bd397e2c00",
        "external_id": "55c83d21-9701-4712-bdde-a8bd397e2c00",
        "geometry_source": "KCMO parcels",
        "has_parcel_polygon": true,
        "match_method": "parcel_id",
        "match_status": "matched",
        "parcel_address": "621 W 58th St",
        "parcel_id": "143210",
        "record_id": "case:55c83d21-9701-4712-bdde-a8bd397e2c00",
        "record_type": "Complete Building or Structure Demolition - Residential",
        "status": "Closed",
        "year": "2021"
      },
      "type": "Feature"
    },
    {
      "geometry": {
        "coordinates": [
          [
            [
              -94.50932407491277,
              39.09758352766673
            ],
            [
              -94.50918227818838,
              39.09757978705582
            ],
            [
              -94.50916432542022,
              39.097943224979275
            ],
            [
              -94.5093061235967,
              39.09794689696952
            ],
            [
              -94.50932407491277,
              39.09758352766673
            ]
          ]
        ],
        "type": "Polygon"
      },
      "properties": {
        "address": "6212 E 12th St Kansas City MO 64126",
        "case_number": "CPDR-2021-00171",
        "category": "Complete Building or Structure Demolition - Residential",
        "date": "2021-12-27T14:21:11.907",
        "detail_url": "https://compasskc.kcmo.org/EnerGov_Prod/SelfService#/permit/63220d1a-3901-4fdf-b7a8-b170e96c6827",
        "external_id": "63220d1a-3901-4fdf-b7a8-b170e96c6827",
        "geometry_source": "KCMO parcels",
        "has_parcel_polygon": true,
        "match_method": "parcel_id",
        "match_status": "matched",
        "parcel_address": "6212 E 12th St",
        "parcel_id": "6034",
        "record_id": "case:63220d1a-3901-4fdf-b7a8-b170e96c6827",
        "record_type": "Complete Building or Structure Demolition - Residential",
        "status": "Closed",
        "year": "2021"
      },
      "type": "Feature"
    },
    {
      "geometry": {
        "coordinates": [
          [
            [
              -94.55907832281653,
              39.05031151324648
            ],
            [
              -94.55861737472569,
              39.0502942876989
            ],
            [
              -94.5586096282364,
              39.050438441178976
            ],
            [
              -94.55907028363295,
              39.0504554386679
            ],
            [
              -94.55907832281653,
              39.05031151324648
            ]
          ]
        ],
        "type": "Polygon"
      },
      "properties": {
        "address": "4144 Brooklyn Ave Kansas City MO 64130",
        "case_number": "CPDR-2021-00172",
        "category": "Complete Building or Structure Demolition - Residential",
        "date": "2021-12-27T14:21:14.267",
        "detail_url": "https://compasskc.kcmo.org/EnerGov_Prod/SelfService#/permit/733c9527-6ebd-4d0e-89ae-b7996b7a7548",
        "external_id": "733c9527-6ebd-4d0e-89ae-b7996b7a7548",
        "geometry_source": "KCMO parcels",
        "has_parcel_polygon": true,
        "match_method": "parcel_id",
        "match_status": "matched",
        "parcel_address": "4144 Brooklyn Ave",
        "parcel_id": "136776",
        "record_id": "case:733c9527-6ebd-4d0e-89ae-b7996b7a7548",
        "record_type": "Complete Building or Structure Demolition - Residential",
        "status": "Issued",
        "year": "2021"
      },
      "type": "Feature"
    },
    {
      "geometry": {
        "coordinates": [
          [
            [
              -94.57343762266107,
              39.02311542330037
            ],
            [
              -94.57297165871896,
              39.02310022526736
            ],
            [
              -94.5729659491923,
              39.023196603579215
            ],
            [
              -94.57343182711621,
              39.02321168728372
            ],
            [
              -94.57343762266107,
              39.02311542330037
            ]
          ]
        ],
        "type": "Polygon"
      },
      "properties": {
        "address": "5706 Forest Ave Kansas City MO 64110",
        "case_number": "CPDR-2021-00175",
        "category": "Complete Building or Structure Demolition - Residential",
        "date": "2021-12-30T11:37:09.02",
        "detail_url": "https://compasskc.kcmo.org/EnerGov_Prod/SelfService#/permit/f5889eb8-04f2-427c-94dc-69ccb076e26a",
        "external_id": "f5889eb8-04f2-427c-94dc-69ccb076e26a",
        "geometry_source": "KCMO parcels",
        "has_parcel_polygon": true,
        "match_method": "parcel_id",
        "match_status": "matched",
        "parcel_address": "5706 Forest Ave",
        "parcel_id": "147232",
        "record_id": "case:f5889eb8-04f2-427c-94dc-69ccb076e26a",
        "record_type": "Complete Building or Structure Demolition - Residential",
        "status": "Closed",
        "year": "2021"
      },
      "type": "Feature"
    }
  ],
  "metadata": {
    "available_years": [
      "2021",
      "2022",
      "2023",
      "2024",
      "2025",
      "2026"
    ],
    "building_footprints_attribution": "",
    "building_footprints_license": "",
    "building_footprints_license_url": "",
    "building_footprints_note": "",
    "building_footprints_returned": 0,
    "building_footprints_source": "",
    "dataset": "compasskc-demolition-parcels",
    "error_records": 0,
    "etag": "e83d7e702dbfecc1",
    "features_returned": 165,
    "generated_at": "2026-05-20T17:57:31Z",
    "parcel_polygon_features": 164,
    "point_fallback_features": 1,
    "project": "kc-demolitions",
    "records_total": 1836,
    "source": "CompassKC + KCMO parcels",
    "unmapped_records": 1671,
    "unmapped_records_by_reason": {},
    "unmapped_records_note": "Records without a public map feature did not have a parcel polygon or usable geocode point.",
    "unmatched_records": 1,
    "year": "2021"
  },
  "type": "FeatureCollection"
}
