{
  "features": [
    {
      "geometry": {
        "coordinates": [
          [
            [
              -94.5087062933794,
              39.09397473880443
            ],
            [
              -94.50868763408562,
              39.09434170113497
            ],
            [
              -94.50952798201718,
              39.09436334872498
            ],
            [
              -94.50954678386375,
              39.09399707267135
            ],
            [
              -94.5087062933794,
              39.09397473880443
            ]
          ]
        ],
        "type": "Polygon"
      },
      "properties": {
        "address": "6228 E Truman Rd Kansas City MO 64126",
        "case_number": "CPDC-2023-00003",
        "category": "Pre-Demolition Inspection - Commercial",
        "date": "2023-01-04T12:22:56.147",
        "detail_url": "https://compasskc.kcmo.org/EnerGov_Prod/SelfService#/permit/c26759ff-9f4b-49ff-b936-54e7566379ea",
        "external_id": "c26759ff-9f4b-49ff-b936-54e7566379ea",
        "geometry_source": "KCMO parcels",
        "has_parcel_polygon": true,
        "match_method": "parcel_id",
        "match_status": "matched",
        "parcel_id": "294967",
        "record_id": "case:c26759ff-9f4b-49ff-b936-54e7566379ea",
        "record_type": "Pre-Demolition Inspection - Commercial",
        "status": "Issued",
        "year": "2023"
      },
      "type": "Feature"
    },
    {
      "geometry": {
        "coordinates": [
          [
            [
              -94.55206060938717,
              38.95052593515855
            ],
            [
              -94.55254549287713,
              38.95059329259179
            ],
            [
              -94.55296950430176,
              38.95029723683288
            ],
            [
              -94.55261891249157,
              38.949991073397946
            ],
            [
              -94.55238497849089,
              38.94956833537465
            ],
            [
              -94.55212683462523,
              38.94918120694132
            ],
            [
              -94.55215345871856,
              38.94910844571726
            ],
            [
              -94.55095668278308,
              38.94908640708308
            ],
            [
              -94.55078730308959,
              38.9488293370059
            ],
            [
              -94.55017749152745,
              38.94880413616558
            ],
            [
              -94.55018545725338,
              38.94886166182384
            ],
            [
              -94.55018672390355,
              38.94897770048392
            ],
            [
              -94.55008696899449,
              38.95032928584008
            ],
            [
              -94.5506141725905,
              38.95035032656768
            ],
            [
              -94.55132442066275,
              38.949858499029396
            ],
            [
              -94.5515697549096,
              38.949852965169526
            ],
            [
              -94.55206060938717,
              38.95052593515855
            ]
          ],
          [
            [
              -94.55070239830413,
              38.94935477056971
            ],
            [
              -94.55070995351026,
              38.94916815210259
            ],
            [
              -94.55100517125716,
              38.94917543929611
            ],
            [
              -94.55099761755655,
              38.94936205720926
            ],
            [
              -94.55070239830413,
              38.94935477056971
            ]
          ],
          [
            [
              -94.55103166846665,
              38.949327681501586
            ],
            [
              -94.55103922280655,
              38.949141063012846
            ],
            [
              -94.55133444047388,
              38.94914834937366
            ],
            [
              -94.55132688763946,
              38.949334967308396
            ],
            [
              -94.55103166846665,
              38.949327681501586
            ]
          ]
        ],
        "type": "Polygon"
      },
      "properties": {
        "address": "9700 Grandview Rd Kansas City MO 64137",
        "case_number": "CPDC-2023-00004",
        "category": "Pre-Demolition Inspection - Commercial",
        "date": "2023-01-04T12:27:01.62",
        "detail_url": "https://compasskc.kcmo.org/EnerGov_Prod/SelfService#/permit/10bdec26-8467-404a-aede-51bb0c6abfe5",
        "external_id": "10bdec26-8467-404a-aede-51bb0c6abfe5",
        "geometry_source": "KCMO parcels",
        "has_parcel_polygon": true,
        "match_method": "parcel_id",
        "match_status": "matched",
        "parcel_id": "293737",
        "record_id": "case:10bdec26-8467-404a-aede-51bb0c6abfe5",
        "record_type": "Pre-Demolition Inspection - Commercial",
        "status": "Issued",
        "year": "2023"
      },
      "type": "Feature"
    },
    {
      "geometry": {
        "coordinates": [
          [
            [
              -94.57661750868654,
              38.96635680002123
            ],
            [
              -94.57634778816025,
              38.96628561026885
            ],
            [
              -94.57586565863735,
              38.96626510276888
            ],
            [
              -94.57582049561307,
              38.967092242252384
            ],
            [
              -94.57657551638897,
              38.96712565925143
            ],
            [
              -94.57661750868654,
              38.96635680002123
            ]
          ]
        ],
        "type": "Polygon"
      },
      "properties": {
        "address": "8835 Troost Ave Kansas City MO 64131",
        "case_number": "CPDC-2023-00005",
        "category": "Partial Building Demolition - Commercial",
        "date": "2023-01-04T13:04:21.263",
        "detail_url": "https://compasskc.kcmo.org/EnerGov_Prod/SelfService#/permit/e17eaacb-77d2-4576-a3b4-78b2de940998",
        "external_id": "e17eaacb-77d2-4576-a3b4-78b2de940998",
        "geometry_source": "KCMO parcels",
        "has_parcel_polygon": true,
        "match_method": "parcel_id",
        "match_status": "matched",
        "parcel_address": "8825 Troost Ave",
        "parcel_id": "150804",
        "record_id": "case:e17eaacb-77d2-4576-a3b4-78b2de940998",
        "record_type": "Partial Building Demolition - Commercial",
        "status": "Voided-City",
        "year": "2023"
      },
      "type": "Feature"
    },
    {
      "geometry": {
        "coordinates": [
          [
            [
              -94.55320944801576,
              39.000332837765434
            ],
            [
              -94.55272735820978,
              39.000311571854205
            ],
            [
              -94.55272189819091,
              39.00042117471388
            ],
            [
              -94.55320395870032,
              39.000442464113526
            ],
            [
              -94.55320944801576,
              39.000332837765434
            ]
          ]
        ],
        "type": "Polygon"
      },
      "properties": {
        "address": "6933 South Benton Ave Kansas City MO 64132",
        "case_number": "CPDR-2023-00003",
        "category": "Complete Building or Structure Demolition - Residential",
        "date": "2023-01-04T16:52:02.18",
        "detail_url": "https://compasskc.kcmo.org/EnerGov_Prod/SelfService#/permit/1edfa847-b127-4a62-9576-5c3be7163aba",
        "external_id": "1edfa847-b127-4a62-9576-5c3be7163aba",
        "geometry_source": "KCMO parcels",
        "has_parcel_polygon": true,
        "match_method": "parcel_id",
        "match_status": "matched",
        "parcel_address": "6933 South Benton Ave",
        "parcel_id": "3019",
        "record_id": "case:1edfa847-b127-4a62-9576-5c3be7163aba",
        "record_type": "Complete Building or Structure Demolition - Residential",
        "status": "Closed",
        "year": "2023"
      },
      "type": "Feature"
    },
    {
      "geometry": {
        "coordinates": [
          [
            [
              -94.56812150695998,
              39.1065300247569
            ],
            [
              -94.56759334930182,
              39.10651021948278
            ],
            [
              -94.56758770382632,
              39.10662668648402
            ],
            [
              -94.56811583534055,
              39.10664665081895
            ],
            [
              -94.56812150695998,
              39.1065300247569
            ]
          ]
        ],
        "type": "Polygon"
      },
      "properties": {
        "address": "609 Forest Ave Kansas City MO 64106",
        "case_number": "CPDC-2023-00007",
        "category": "Complete Building Demolition - Commercial",
        "date": "2023-01-04T16:52:04.417",
        "detail_url": "https://compasskc.kcmo.org/EnerGov_Prod/SelfService#/permit/8a7a6e8d-6016-4ba3-9d64-1ce87be41c91",
        "external_id": "8a7a6e8d-6016-4ba3-9d64-1ce87be41c91",
        "geometry_source": "KCMO parcels",
        "has_parcel_polygon": true,
        "match_method": "parcel_id",
        "match_status": "matched",
        "parcel_address": "609 Forest Ave",
        "parcel_id": "12010",
        "record_id": "case:8a7a6e8d-6016-4ba3-9d64-1ce87be41c91",
        "record_type": "Complete Building Demolition - Commercial",
        "status": "Closed",
        "year": "2023"
      },
      "type": "Feature"
    },
    {
      "geometry": {
        "coordinates": [
          [
            [
              -94.52837215841575,
              39.09310127407519
            ],
            [
              -94.52793651594438,
              39.09308895560572
            ],
            [
              -94.52793249957176,
              39.09318274464121
            ],
            [
              -94.52836802589799,
              39.09319504084499
            ],
            [
              -94.52837215841575,
              39.09310127407519
            ]
          ]
        ],
        "type": "Polygon"
      },
      "properties": {
        "address": "1526 Lawn Ave Kansas City MO 64127",
        "case_number": "CPDR-2023-00001",
        "category": "Complete Building or Structure Demolition - Residential",
        "date": "2023-01-04T16:52:06.67",
        "detail_url": "https://compasskc.kcmo.org/EnerGov_Prod/SelfService#/permit/bde8e92f-334a-441e-8eea-b92174788671",
        "external_id": "bde8e92f-334a-441e-8eea-b92174788671",
        "geometry_source": "KCMO parcels",
        "has_parcel_polygon": true,
        "match_method": "parcel_id",
        "match_status": "matched",
        "parcel_address": "1526 Lawn Ave",
        "parcel_id": "8847",
        "record_id": "case:bde8e92f-334a-441e-8eea-b92174788671",
        "record_type": "Complete Building or Structure Demolition - Residential",
        "status": "Closed",
        "year": "2023"
      },
      "type": "Feature"
    },
    {
      "geometry": {
        "coordinates": [
          [
            [
              -94.53324608184253,
              39.07436291124365
            ],
            [
              -94.5329011110185,
              39.07435195822949
            ],
            [
              -94.53290050228031,
              39.07443332250482
            ],
            [
              -94.53324412374124,
              39.07444381886135
            ],
            [
              -94.53324608184253,
              39.07436291124365
            ]
          ]
        ],
        "type": "Polygon"
      },
      "properties": {
        "address": "2805 Spruce Ave Kansas City MO 64128",
        "case_number": "CPDR-2023-00002",
        "category": "Complete Building or Structure Demolition - Residential",
        "date": "2023-01-04T16:52:08.887",
        "detail_url": "https://compasskc.kcmo.org/EnerGov_Prod/SelfService#/permit/f98bf550-558f-48f4-9a71-a2ba75e67e65",
        "external_id": "f98bf550-558f-48f4-9a71-a2ba75e67e65",
        "geometry_source": "KCMO parcels",
        "has_parcel_polygon": true,
        "match_method": "parcel_id",
        "match_status": "matched",
        "parcel_address": "2805 Spruce Ave",
        "parcel_id": "22399",
        "record_id": "case:f98bf550-558f-48f4-9a71-a2ba75e67e65",
        "record_type": "Complete Building or Structure Demolition - Residential",
        "status": "Closed",
        "year": "2023"
      },
      "type": "Feature"
    },
    {
      "geometry": {
        "coordinates": [
          [
            [
              -94.57595482103837,
              39.1035731200344
            ],
            [
              -94.57581400739656,
              39.10356881973922
            ],
            [
              -94.57581630890348,
              39.103524223233194
            ],
            [
              -94.575681396569,
              39.10352003219946
            ],
            [
              -94.57566766910138,
              39.10378202484442
            ],
            [
              -94.57548632740748,
              39.10377605556366
            ],
            [
              -94.57547698821044,
              39.10391369001289
            ],
            [
              -94.57593543954363,
              39.10392830937907
            ],
            [
              -94.57595482103837,
              39.1035731200344
            ]
          ]
        ],
        "type": "Polygon"
      },
      "properties": {
        "address": "815 Cherry St Kansas City MO 64106",
        "case_number": "CPDC-2023-00009",
        "category": "Pre-Demolition Inspection - Commercial",
        "date": "2023-01-06T14:47:10.103",
        "detail_url": "https://compasskc.kcmo.org/EnerGov_Prod/SelfService#/permit/1bc510f1-5813-483b-9995-b6c039f34804",
        "external_id": "1bc510f1-5813-483b-9995-b6c039f34804",
        "geometry_source": "KCMO parcels",
        "has_parcel_polygon": true,
        "match_method": "parcel_id",
        "match_status": "matched",
        "parcel_address": "815 Cherry St",
        "parcel_id": "12588",
        "record_id": "case:1bc510f1-5813-483b-9995-b6c039f34804",
        "record_type": "Pre-Demolition Inspection - Commercial",
        "status": "Issued",
        "year": "2023"
      },
      "type": "Feature"
    },
    {
      "geometry": {
        "coordinates": [
          [
            [
              -94.57596354660653,
              39.10341256064523
            ],
            [
              -94.57568749882991,
              39.103404023209436
            ],
            [
              -94.575681396569,
              39.10352003219946
            ],
            [
              -94.57581630890348,
              39.103524223233194
            ],
            [
              -94.57581400739656,
              39.10356881973922
            ],
            [
              -94.57595482103837,
              39.1035731200344
            ],
            [
              -94.57596354660653,
              39.10341256064523
            ]
          ]
        ],
        "type": "Polygon"
      },
      "properties": {
        "address": "606 E 9th St Kansas City MO 64106",
        "case_number": "CPDC-2023-00008",
        "category": "Pre-Demolition Inspection - Commercial",
        "date": "2023-01-06T14:48:09.073",
        "detail_url": "https://compasskc.kcmo.org/EnerGov_Prod/SelfService#/permit/c42b6028-6304-474d-873e-c27b5b49d5be",
        "external_id": "c42b6028-6304-474d-873e-c27b5b49d5be",
        "geometry_source": "KCMO parcels",
        "has_parcel_polygon": true,
        "match_method": "parcel_id",
        "match_status": "matched",
        "parcel_address": "817 Cherry St",
        "parcel_id": "12589",
        "record_id": "case:c42b6028-6304-474d-873e-c27b5b49d5be",
        "record_type": "Pre-Demolition Inspection - Commercial",
        "status": "Issued",
        "year": "2023"
      },
      "type": "Feature"
    },
    {
      "geometry": {
        "coordinates": [
          [
            [
              -94.57444453644044,
              39.101624957683406
            ],
            [
              -94.57396742362975,
              39.10160778107583
            ],
            [
              -94.57394864594531,
              39.101989923274154
            ],
            [
              -94.57442552763408,
              39.102006872441336
            ],
            [
              -94.57444453644044,
              39.101624957683406
            ]
          ]
        ],
        "type": "Polygon"
      },
      "properties": {
        "address": "1000 Charlotte St Kansas City MO 64106",
        "case_number": "CPDC-2023-00011",
        "category": "Pre-Demolition Inspection - Commercial",
        "date": "2023-01-06T14:51:10.933",
        "detail_url": "https://compasskc.kcmo.org/EnerGov_Prod/SelfService#/permit/8c455778-ec5e-45a9-b02b-f6fb35951be3",
        "external_id": "8c455778-ec5e-45a9-b02b-f6fb35951be3",
        "geometry_source": "KCMO parcels",
        "has_parcel_polygon": true,
        "match_method": "parcel_id",
        "match_status": "matched",
        "parcel_address": "1000 Charlotte St",
        "parcel_id": "12682",
        "record_id": "case:8c455778-ec5e-45a9-b02b-f6fb35951be3",
        "record_type": "Pre-Demolition Inspection - Commercial",
        "status": "Issued",
        "year": "2023"
      },
      "type": "Feature"
    },
    {
      "geometry": {
        "coordinates": [
          [
            [
              -94.57487421990837,
              39.10188671269123
            ],
            [
              -94.57443228587411,
              39.10187125432241
            ],
            [
              -94.57442552763408,
              39.102006872441336
            ],
            [
              -94.57486640543566,
              39.1020224001554
            ],
            [
              -94.57487421990837,
              39.10188671269123
            ]
          ]
        ],
        "type": "Polygon"
      },
      "properties": {
        "address": "703 E 10th St Kansas City MO 64106",
        "case_number": "CPDC-2023-00010",
        "category": "Pre-Demolition Inspection - Commercial",
        "date": "2023-01-06T14:52:09.74",
        "detail_url": "https://compasskc.kcmo.org/EnerGov_Prod/SelfService#/permit/3ff0e337-1aaf-4f26-bbf0-ff4bab652bc9",
        "external_id": "3ff0e337-1aaf-4f26-bbf0-ff4bab652bc9",
        "geometry_source": "KCMO parcels",
        "has_parcel_polygon": true,
        "match_method": "parcel_id",
        "match_status": "matched",
        "parcel_address": "703 E 10th St",
        "parcel_id": "12655",
        "record_id": "case:3ff0e337-1aaf-4f26-bbf0-ff4bab652bc9",
        "record_type": "Pre-Demolition Inspection - Commercial",
        "status": "Issued",
        "year": "2023"
      },
      "type": "Feature"
    },
    {
      "geometry": {
        "coordinates": [
          [
            [
              -94.5087062933794,
              39.09397473880443
            ],
            [
              -94.50868763408562,
              39.09434170113497
            ],
            [
              -94.50952798201718,
              39.09436334872498
            ],
            [
              -94.50954678386375,
              39.09399707267135
            ],
            [
              -94.5087062933794,
              39.09397473880443
            ]
          ]
        ],
        "type": "Polygon"
      },
      "properties": {
        "address": "6226 E Truman Rd Kansas City MO 64126",
        "case_number": "CPDC-2023-00013",
        "category": "Complete Building Demolition - Commercial",
        "date": "2023-01-09T14:51:22.627",
        "detail_url": "https://compasskc.kcmo.org/EnerGov_Prod/SelfService#/permit/d432ce2e-5470-4aff-9a38-0abbe076e1e1",
        "external_id": "d432ce2e-5470-4aff-9a38-0abbe076e1e1",
        "geometry_source": "KCMO parcels",
        "has_parcel_polygon": true,
        "match_method": "parcel_id",
        "match_status": "matched",
        "parcel_id": "294967",
        "record_id": "case:d432ce2e-5470-4aff-9a38-0abbe076e1e1",
        "record_type": "Complete Building Demolition - Commercial",
        "status": "Issued",
        "year": "2023"
      },
      "type": "Feature"
    },
    {
      "geometry": {
        "coordinates": [
          [
            [
              -94.5087062933794,
              39.09397473880443
            ],
            [
              -94.50868763408562,
              39.09434170113497
            ],
            [
              -94.50952798201718,
              39.09436334872498
            ],
            [
              -94.50954678386375,
              39.09399707267135
            ],
            [
              -94.5087062933794,
              39.09397473880443
            ]
          ]
        ],
        "type": "Polygon"
      },
      "properties": {
        "address": "6228 E Truman Rd Kansas City MO 64126",
        "case_number": "CPDC-2023-00012",
        "category": "Complete Building Demolition - Commercial",
        "date": "2023-01-09T14:56:05.62",
        "detail_url": "https://compasskc.kcmo.org/EnerGov_Prod/SelfService#/permit/732a56c9-900e-4086-a42f-001b4ad62c15",
        "external_id": "732a56c9-900e-4086-a42f-001b4ad62c15",
        "geometry_source": "KCMO parcels",
        "has_parcel_polygon": true,
        "match_method": "parcel_id",
        "match_status": "matched",
        "parcel_id": "294967",
        "record_id": "case:732a56c9-900e-4086-a42f-001b4ad62c15",
        "record_type": "Complete Building Demolition - Commercial",
        "status": "Issued",
        "year": "2023"
      },
      "type": "Feature"
    },
    {
      "geometry": {
        "coordinates": [
          [
            [
              -94.60785670778982,
              38.991648674312934
            ],
            [
              -94.60741834775321,
              38.991647339148926
            ],
            [
              -94.60741716045227,
              38.99181279413145
            ],
            [
              -94.6078551669337,
              38.991811841515094
            ],
            [
              -94.60785670778982,
              38.991648674312934
            ]
          ]
        ],
        "type": "Polygon"
      },
      "properties": {
        "address": "7531 State Line Rd Kansas City MO 64114",
        "case_number": "CPDR-2023-00004",
        "category": "Partial Building Demolition - Residential",
        "date": "2023-01-10T19:54:55.44",
        "detail_url": "https://compasskc.kcmo.org/EnerGov_Prod/SelfService#/permit/d162f052-cd82-47ce-bc47-2e411626bf86",
        "external_id": "d162f052-cd82-47ce-bc47-2e411626bf86",
        "geometry_source": "KCMO parcels",
        "has_parcel_polygon": true,
        "match_method": "parcel_id",
        "match_status": "matched",
        "parcel_address": "7533 State Line Rd",
        "parcel_id": "120366",
        "record_id": "case:d162f052-cd82-47ce-bc47-2e411626bf86",
        "record_type": "Partial Building Demolition - Residential",
        "status": "Voided-City",
        "year": "2023"
      },
      "type": "Feature"
    },
    {
      "geometry": {
        "coordinates": [
          [
            [
              -94.58659758027468,
              38.879744948127204
            ],
            [
              -94.583696577731,
              38.87958053076327
            ],
            [
              -94.58349185045464,
              38.88229236984161
            ],
            [
              -94.58538116050683,
              38.88240001203556
            ],
            [
              -94.58538917231404,
              38.88231873093146
            ],
            [
              -94.58563122834647,
              38.882329651237605
            ],
            [
              -94.58573219404357,
              38.88232806697627
            ],
            [
              -94.58615149514151,
              38.88227899725386
            ],
            [
              -94.5864085732492,
              38.88229338343243
            ],
            [
              -94.58659758027468,
              38.879744948127204
            ]
          ]
        ],
        "type": "Polygon"
      },
      "properties": {
        "address": "13501 Holmes Rd Kansas City MO 64146",
        "case_number": "CPDC-2023-00016",
        "category": "Complete Building Demolition - Commercial",
        "date": "2023-01-12T00:00:00",
        "detail_url": "https://compasskc.kcmo.org/EnerGov_Prod/SelfService#/permit/cfbd4ee5-4d0f-497b-8ac1-9c8e96e07106",
        "external_id": "cfbd4ee5-4d0f-497b-8ac1-9c8e96e07106",
        "geometry_source": "KCMO parcels",
        "has_parcel_polygon": true,
        "match_method": "parcel_id",
        "match_status": "matched",
        "parcel_address": "13501 Holmes Rd",
        "parcel_id": "159773",
        "record_id": "case:cfbd4ee5-4d0f-497b-8ac1-9c8e96e07106",
        "record_type": "Complete Building Demolition - Commercial",
        "status": "Issued",
        "year": "2023"
      },
      "type": "Feature"
    },
    {
      "geometry": {
        "coordinates": [
          [
            [
              -94.54317599195524,
              39.07701515608762
            ],
            [
              -94.54272738218457,
              39.0770016391857
            ],
            [
              -94.54272248728964,
              39.077111239357706
            ],
            [
              -94.54317183236272,
              39.07712475714987
            ],
            [
              -94.54317599195524,
              39.07701515608762
            ]
          ]
        ],
        "type": "Polygon"
      },
      "properties": {
        "address": "2643 Indiana Ave Kansas City MO 64127",
        "case_number": "CPDC-2023-00014",
        "category": "Complete Building Demolition - Commercial",
        "date": "2023-01-12T10:15:20.66",
        "detail_url": "https://compasskc.kcmo.org/EnerGov_Prod/SelfService#/permit/a0c793c0-d443-4654-81b8-2148e9b9724d",
        "external_id": "a0c793c0-d443-4654-81b8-2148e9b9724d",
        "geometry_source": "KCMO parcels",
        "has_parcel_polygon": true,
        "match_method": "parcel_id",
        "match_status": "matched",
        "parcel_address": "2643 Indiana Ave",
        "parcel_id": "17493",
        "record_id": "case:a0c793c0-d443-4654-81b8-2148e9b9724d",
        "record_type": "Complete Building Demolition - Commercial",
        "status": "Issued",
        "year": "2023"
      },
      "type": "Feature"
    },
    {
      "geometry": {
        "coordinates": [
          [
            [
              -94.60668835286224,
              39.04479928618893
            ],
            [
              -94.60668664344371,
              39.04491078581962
            ],
            [
              -94.60697838545745,
              39.044920152038436
            ],
            [
              -94.60697975862743,
              39.04480876597278
            ],
            [
              -94.60668835286224,
              39.04479928618893
            ]
          ]
        ],
        "type": "Polygon"
      },
      "properties": {
        "address": "4538 Bell St Kansas City MO 64111",
        "case_number": "CPDR-2023-00005",
        "category": "Complete Building or Structure Demolition - Residential",
        "date": "2023-01-12T10:46:49.323",
        "detail_url": "https://compasskc.kcmo.org/EnerGov_Prod/SelfService#/permit/554a9ec6-6e66-40ac-a806-135ab1c8289c",
        "external_id": "554a9ec6-6e66-40ac-a806-135ab1c8289c",
        "geometry_source": "KCMO parcels",
        "has_parcel_polygon": true,
        "match_method": "parcel_id",
        "match_status": "matched",
        "parcel_address": "4538 Bell St",
        "parcel_id": "293594",
        "record_id": "case:554a9ec6-6e66-40ac-a806-135ab1c8289c",
        "record_type": "Complete Building or Structure Demolition - Residential",
        "status": "Issued",
        "year": "2023"
      },
      "type": "Feature"
    },
    {
      "geometry": {
        "coordinates": [
          [
            [
              -94.56469475131378,
              39.02165246316979
            ],
            [
              -94.56438150619047,
              39.02164254651394
            ],
            [
              -94.56437341746853,
              39.02177956182795
            ],
            [
              -94.56468801245086,
              39.02178945544764
            ],
            [
              -94.56469475131378,
              39.02165246316979
            ]
          ]
        ],
        "type": "Polygon"
      },
      "properties": {
        "address": "5749 Woodland Ave Kansas City MO 64130",
        "case_number": "CPDR-2023-00006",
        "category": "Complete Building or Structure Demolition - Residential",
        "date": "2023-01-13T16:13:21.05",
        "detail_url": "https://compasskc.kcmo.org/EnerGov_Prod/SelfService#/permit/22ab295d-9512-4ff2-8ccd-a1c350d76044",
        "external_id": "22ab295d-9512-4ff2-8ccd-a1c350d76044",
        "geometry_source": "KCMO parcels",
        "has_parcel_polygon": true,
        "match_method": "parcel_id",
        "match_status": "matched",
        "parcel_address": "5749 Woodland Ave",
        "parcel_id": "147959",
        "record_id": "case:22ab295d-9512-4ff2-8ccd-a1c350d76044",
        "record_type": "Complete Building or Structure Demolition - Residential",
        "status": "Closed",
        "year": "2023"
      },
      "type": "Feature"
    },
    {
      "geometry": {
        "coordinates": [
          [
            [
              -94.66169963843531,
              39.22675847273841
            ],
            [
              -94.66164137300372,
              39.226685907899004
            ],
            [
              -94.6611486117139,
              39.22649549595727
            ],
            [
              -94.66103743960433,
              39.22671218769619
            ],
            [
              -94.66149549708791,
              39.2268801346968
            ],
            [
              -94.66169963843531,
              39.22675847273841
            ]
          ]
        ],
        "type": "Polygon"
      },
      "properties": {
        "address": "7212 N Avalon St Kansas City MO 64152",
        "case_number": "CPDR-2023-00007",
        "category": "Complete Building or Structure Demolition - Residential",
        "date": "2023-01-17T16:38:58.653",
        "detail_url": "https://compasskc.kcmo.org/EnerGov_Prod/SelfService#/permit/22fb2093-5d48-4c61-885d-135122f66a36",
        "external_id": "22fb2093-5d48-4c61-885d-135122f66a36",
        "geometry_source": "KCMO parcels",
        "has_parcel_polygon": true,
        "match_method": "parcel_id",
        "match_status": "matched",
        "parcel_address": "7212 N Avalon St",
        "parcel_id": "170720",
        "record_id": "case:22fb2093-5d48-4c61-885d-135122f66a36",
        "record_type": "Complete Building or Structure Demolition - Residential",
        "status": "Closed",
        "year": "2023"
      },
      "type": "Feature"
    },
    {
      "geometry": {
        "coordinates": [
          [
            [
              -94.57487421990837,
              39.10188671269123
            ],
            [
              -94.57443228587411,
              39.10187125432241
            ],
            [
              -94.57442552763408,
              39.102006872441336
            ],
            [
              -94.57486640543566,
              39.1020224001554
            ],
            [
              -94.57487421990837,
              39.10188671269123
            ]
          ]
        ],
        "type": "Polygon"
      },
      "properties": {
        "address": "703 E 10th St Kansas City MO 64106",
        "case_number": "CPDC-2023-00018",
        "category": "Complete Building Demolition - Commercial",
        "date": "2023-01-19T06:41:08.74",
        "detail_url": "https://compasskc.kcmo.org/EnerGov_Prod/SelfService#/permit/d30e127b-ad9b-4f3d-bf0b-95d2a80a20d6",
        "external_id": "d30e127b-ad9b-4f3d-bf0b-95d2a80a20d6",
        "geometry_source": "KCMO parcels",
        "has_parcel_polygon": true,
        "match_method": "parcel_id",
        "match_status": "matched",
        "parcel_address": "703 E 10th St",
        "parcel_id": "12655",
        "record_id": "case:d30e127b-ad9b-4f3d-bf0b-95d2a80a20d6",
        "record_type": "Complete Building Demolition - Commercial",
        "status": "Closed",
        "year": "2023"
      },
      "type": "Feature"
    },
    {
      "geometry": {
        "coordinates": [
          [
            [
              -94.5489511456636,
              39.19161291372621
            ],
            [
              -94.54991312675106,
              39.191621702359456
            ],
            [
              -94.54991881959732,
              39.191244230494796
            ],
            [
              -94.54923900055194,
              39.19123802002987
            ],
            [
              -94.54916253160805,
              39.191233847564035
            ],
            [
              -94.5490867869757,
              39.19122254891262
            ],
            [
              -94.54895701650518,
              39.191191106038424
            ],
            [
              -94.5489511456636,
              39.19161291372621
            ]
          ]
        ],
        "type": "Polygon"
      },
      "properties": {
        "address": "5332 N Antioch Rd Kansas City MO 64118",
        "case_number": "CPDR-2023-00010",
        "category": "Complete Building or Structure Demolition - Residential",
        "date": "2023-01-20T16:45:10.52",
        "detail_url": "https://compasskc.kcmo.org/EnerGov_Prod/SelfService#/permit/d0fbbaf1-608f-437d-ae99-a88b13860298",
        "external_id": "d0fbbaf1-608f-437d-ae99-a88b13860298",
        "geometry_source": "KCMO parcels",
        "has_parcel_polygon": true,
        "match_method": "parcel_id",
        "match_status": "matched",
        "parcel_address": "5374 N Antioch Rd",
        "parcel_id": "290565",
        "record_id": "case:d0fbbaf1-608f-437d-ae99-a88b13860298",
        "record_type": "Complete Building or Structure Demolition - Residential",
        "status": "Closed",
        "year": "2023"
      },
      "type": "Feature"
    },
    {
      "geometry": {
        "coordinates": [
          [
            [
              -94.5489511456636,
              39.19161291372621
            ],
            [
              -94.54991312675106,
              39.191621702359456
            ],
            [
              -94.54991881959732,
              39.191244230494796
            ],
            [
              -94.54923900055194,
              39.19123802002987
            ],
            [
              -94.54916253160805,
              39.191233847564035
            ],
            [
              -94.5490867869757,
              39.19122254891262
            ],
            [
              -94.54895701650518,
              39.191191106038424
            ],
            [
              -94.5489511456636,
              39.19161291372621
            ]
          ]
        ],
        "type": "Polygon"
      },
      "properties": {
        "address": "5322 N Antioch Rd Kansas City MO 64118",
        "case_number": "CPDR-2023-00012",
        "category": "Complete Building or Structure Demolition - Residential",
        "date": "2023-01-20T16:45:16.423",
        "detail_url": "https://compasskc.kcmo.org/EnerGov_Prod/SelfService#/permit/61f66f89-e0b7-4745-a080-6a34bf6758bb",
        "external_id": "61f66f89-e0b7-4745-a080-6a34bf6758bb",
        "geometry_source": "KCMO parcels",
        "has_parcel_polygon": true,
        "match_method": "parcel_id",
        "match_status": "matched",
        "parcel_address": "5374 N Antioch Rd",
        "parcel_id": "290565",
        "record_id": "case:61f66f89-e0b7-4745-a080-6a34bf6758bb",
        "record_type": "Complete Building or Structure Demolition - Residential",
        "status": "Closed",
        "year": "2023"
      },
      "type": "Feature"
    },
    {
      "geometry": {
        "coordinates": [
          [
            [
              -94.54896561305958,
              39.190649886420914
            ],
            [
              -94.54895903855696,
              39.19104583280277
            ],
            [
              -94.54918673957937,
              39.19109191371307
            ],
            [
              -94.54992406673415,
              39.19110125476397
            ],
            [
              -94.54993073982386,
              39.19066010475606
            ],
            [
              -94.54896561305958,
              39.190649886420914
            ]
          ]
        ],
        "type": "Polygon"
      },
      "properties": {
        "address": "5308 N Antioch Rd Kansas City MO 64118",
        "case_number": "CPDR-2023-00009",
        "category": "Complete Building or Structure Demolition - Residential",
        "date": "2023-01-20T16:45:22.83",
        "detail_url": "https://compasskc.kcmo.org/EnerGov_Prod/SelfService#/permit/48fd524f-2c13-4934-bc1a-4b42715cb3c6",
        "external_id": "48fd524f-2c13-4934-bc1a-4b42715cb3c6",
        "geometry_source": "KCMO parcels",
        "has_parcel_polygon": true,
        "match_method": "parcel_id",
        "match_status": "matched",
        "parcel_address": "5368 N Antioch Rd",
        "parcel_id": "290566",
        "record_id": "case:48fd524f-2c13-4934-bc1a-4b42715cb3c6",
        "record_type": "Complete Building or Structure Demolition - Residential",
        "status": "Closed",
        "year": "2023"
      },
      "type": "Feature"
    },
    {
      "geometry": {
        "coordinates": [
          [
            [
              -94.54897330716474,
              39.19022350468886
            ],
            [
              -94.54896561305958,
              39.190649886420914
            ],
            [
              -94.54938561660249,
              39.19065436588252
            ],
            [
              -94.54930299787902,
              39.19053114450255
            ],
            [
              -94.5493096983906,
              39.19026890498369
            ],
            [
              -94.54913446328447,
              39.19023663260297
            ],
            [
              -94.54897330716474,
              39.19022350468886
            ]
          ]
        ],
        "type": "Polygon"
      },
      "properties": {
        "address": "2516 NE 53rd St Kansas City MO 64118",
        "case_number": "CPDR-2023-00008",
        "category": "Complete Building or Structure Demolition - Residential",
        "date": "2023-01-20T16:45:28.7",
        "detail_url": "https://compasskc.kcmo.org/EnerGov_Prod/SelfService#/permit/ca4b2ba2-bd0d-4a98-a3df-82f7556d8251",
        "external_id": "ca4b2ba2-bd0d-4a98-a3df-82f7556d8251",
        "geometry_source": "KCMO parcels",
        "has_parcel_polygon": true,
        "match_method": "parcel_id",
        "match_status": "matched",
        "parcel_address": "2516 NE 53rd St",
        "parcel_id": "290568",
        "record_id": "case:ca4b2ba2-bd0d-4a98-a3df-82f7556d8251",
        "record_type": "Complete Building or Structure Demolition - Residential",
        "status": "Closed",
        "year": "2023"
      },
      "type": "Feature"
    },
    {
      "geometry": {
        "coordinates": [
          [
            [
              -94.5489511456636,
              39.19161291372621
            ],
            [
              -94.54894606385572,
              39.191978039037885
            ],
            [
              -94.54937377327177,
              39.19198194729793
            ],
            [
              -94.54940889844042,
              39.19198437869544
            ],
            [
              -94.54954969960215,
              39.19201375464105
            ],
            [
              -94.54990716567272,
              39.19201701982757
            ],
            [
              -94.54991312675106,
              39.191621702359456
            ],
            [
              -94.5489511456636,
              39.19161291372621
            ]
          ]
        ],
        "type": "Polygon"
      },
      "properties": {
        "address": "5334 N Antioch Rd Kansas City MO 64118",
        "case_number": "CPDR-2023-00011",
        "category": "Complete Building or Structure Demolition - Residential",
        "date": "2023-01-20T16:45:34.717",
        "detail_url": "https://compasskc.kcmo.org/EnerGov_Prod/SelfService#/permit/80760a74-de04-4eaa-888a-38c1bfae98c6",
        "external_id": "80760a74-de04-4eaa-888a-38c1bfae98c6",
        "geometry_source": "KCMO parcels",
        "has_parcel_polygon": true,
        "match_method": "parcel_id",
        "match_status": "matched",
        "parcel_address": "5380 N Antioch Rd",
        "parcel_id": "290564",
        "record_id": "case:80760a74-de04-4eaa-888a-38c1bfae98c6",
        "record_type": "Complete Building or Structure Demolition - Residential",
        "status": "Closed",
        "year": "2023"
      },
      "type": "Feature"
    },
    {
      "geometry": {
        "coordinates": [
          [
            [
              -94.54858479073849,
              39.05252486503237
            ],
            [
              -94.54813806345497,
              39.05250827915239
            ],
            [
              -94.54813293387733,
              39.05260431174678
            ],
            [
              -94.54857957444891,
              39.05262087594529
            ],
            [
              -94.54858479073849,
              39.05252486503237
            ]
          ]
        ],
        "type": "Polygon"
      },
      "properties": {
        "address": "4024 Bellefontaine Ave Kansas City MO 64130",
        "case_number": "CPDR-2023-00013",
        "category": "Complete Building or Structure Demolition - Residential",
        "date": "2023-01-24T08:34:11.79",
        "detail_url": "https://compasskc.kcmo.org/EnerGov_Prod/SelfService#/permit/dd344b3b-a7e3-4777-86df-9edc56bcbcc3",
        "external_id": "dd344b3b-a7e3-4777-86df-9edc56bcbcc3",
        "geometry_source": "KCMO parcels",
        "has_parcel_polygon": true,
        "match_method": "parcel_id",
        "match_status": "matched",
        "parcel_address": "4024 Bellefontaine Ave",
        "parcel_id": "29522",
        "record_id": "case:dd344b3b-a7e3-4777-86df-9edc56bcbcc3",
        "record_type": "Complete Building or Structure Demolition - Residential",
        "status": "Closed",
        "year": "2023"
      },
      "type": "Feature"
    },
    {
      "geometry": {
        "coordinates": [
          [
            [
              -94.5394020554142,
              39.00315630602583
            ],
            [
              -94.53926120719072,
              39.00314935132528
            ],
            [
              -94.53924479108669,
              39.00353096853126
            ],
            [
              -94.53938564150552,
              39.003537876344105
            ],
            [
              -94.5394020554142,
              39.00315630602583
            ]
          ]
        ],
        "type": "Polygon"
      },
      "properties": {
        "address": "4021 E 67th Ter Kansas City MO 64132",
        "case_number": "CPDR-2023-00014",
        "category": "Complete Building or Structure Demolition - Residential",
        "date": "2023-01-24T08:34:14.993",
        "detail_url": "https://compasskc.kcmo.org/EnerGov_Prod/SelfService#/permit/0e036150-d562-430f-8cdd-36795afbc956",
        "external_id": "0e036150-d562-430f-8cdd-36795afbc956",
        "geometry_source": "KCMO parcels",
        "has_parcel_polygon": true,
        "match_method": "parcel_id",
        "match_status": "matched",
        "parcel_address": "4021 E 67th Ter",
        "parcel_id": "2028",
        "record_id": "case:0e036150-d562-430f-8cdd-36795afbc956",
        "record_type": "Complete Building or Structure Demolition - Residential",
        "status": "Closed",
        "year": "2023"
      },
      "type": "Feature"
    },
    {
      "geometry": {
        "coordinates": [
          [
            [
              -94.55019035962651,
              39.004237184384806
            ],
            [
              -94.54969838928201,
              39.00421545260695
            ],
            [
              -94.54969153637057,
              39.004352123577846
            ],
            [
              -94.55018344682708,
              39.004373878862715
            ],
            [
              -94.55019035962651,
              39.004237184384806
            ]
          ]
        ],
        "type": "Polygon"
      },
      "properties": {
        "address": "6716 Walrond Ave Kansas City MO 64132",
        "case_number": "CPDR-2023-00015",
        "category": "Complete Building or Structure Demolition - Residential",
        "date": "2023-01-24T12:45:52.573",
        "detail_url": "https://compasskc.kcmo.org/EnerGov_Prod/SelfService#/permit/2b63e78e-5942-439d-a654-13b233f7d2d7",
        "external_id": "2b63e78e-5942-439d-a654-13b233f7d2d7",
        "geometry_source": "KCMO parcels",
        "has_parcel_polygon": true,
        "match_method": "parcel_id",
        "match_status": "matched",
        "parcel_address": "6716 Walrond Ave",
        "parcel_id": "2747",
        "record_id": "case:2b63e78e-5942-439d-a654-13b233f7d2d7",
        "record_type": "Complete Building or Structure Demolition - Residential",
        "status": "Closed",
        "year": "2023"
      },
      "type": "Feature"
    },
    {
      "geometry": {
        "coordinates": [
          [
            [
              -94.59919773213036,
              39.03266996688451
            ],
            [
              -94.59867111304439,
              39.03264927152794
            ],
            [
              -94.59864939322507,
              39.033022432450764
            ],
            [
              -94.59917601503628,
              39.03304152623399
            ],
            [
              -94.59919773213036,
              39.03266996688451
            ]
          ]
        ],
        "type": "Polygon"
      },
      "properties": {
        "address": "848 W 52nd Ter Kansas City MO 64112",
        "case_number": "CPDR-2023-00017",
        "category": "Complete Building or Structure Demolition - Residential",
        "date": "2023-01-27T11:56:20.64",
        "detail_url": "https://compasskc.kcmo.org/EnerGov_Prod/SelfService#/permit/93f0a657-4185-4931-ad54-a1d8cf222ffe",
        "external_id": "93f0a657-4185-4931-ad54-a1d8cf222ffe",
        "geometry_source": "KCMO parcels",
        "has_parcel_polygon": true,
        "match_method": "parcel_id",
        "match_status": "matched",
        "parcel_address": "848 W 52nd Ter",
        "parcel_id": "142698",
        "record_id": "case:93f0a657-4185-4931-ad54-a1d8cf222ffe",
        "record_type": "Complete Building or Structure Demolition - Residential",
        "status": "Issued",
        "year": "2023"
      },
      "type": "Feature"
    },
    {
      "geometry": {
        "coordinates": [
          [
            [
              -94.57444453644044,
              39.101624957683406
            ],
            [
              -94.57396742362975,
              39.10160778107583
            ],
            [
              -94.57394864594531,
              39.101989923274154
            ],
            [
              -94.57442552763408,
              39.102006872441336
            ],
            [
              -94.57444453644044,
              39.101624957683406
            ]
          ]
        ],
        "type": "Polygon"
      },
      "properties": {
        "address": "1000 Charlotte St Kansas City MO 64106",
        "case_number": "CPDC-2023-00022",
        "category": "Complete Building Demolition - Commercial",
        "date": "2023-01-27T14:14:35.28",
        "detail_url": "https://compasskc.kcmo.org/EnerGov_Prod/SelfService#/permit/caddc5d4-6cce-482f-8bf5-0187be2c010d",
        "external_id": "caddc5d4-6cce-482f-8bf5-0187be2c010d",
        "geometry_source": "KCMO parcels",
        "has_parcel_polygon": true,
        "match_method": "parcel_id",
        "match_status": "matched",
        "parcel_address": "1000 Charlotte St",
        "parcel_id": "12682",
        "record_id": "case:caddc5d4-6cce-482f-8bf5-0187be2c010d",
        "record_type": "Complete Building Demolition - Commercial",
        "status": "In Review",
        "year": "2023"
      },
      "type": "Feature"
    },
    {
      "geometry": {
        "coordinates": [
          [
            [
              -94.52137666349886,
              39.073737156145754
            ],
            [
              -94.52172886469384,
              39.07374640353811
            ],
            [
              -94.52172791756098,
              39.073766378650326
            ],
            [
              -94.52184116393421,
              39.0737692862376
            ],
            [
              -94.52185938552151,
              39.07336598588294
            ],
            [
              -94.52139377677908,
              39.07335357988497
            ],
            [
              -94.52137666349886,
              39.073737156145754
            ]
          ]
        ],
        "type": "Polygon"
      },
      "properties": {
        "address": "5224 E 28th Ter Kansas City MO 64128",
        "case_number": "CPDR-2023-00019",
        "category": "Complete Building or Structure Demolition - Residential",
        "date": "2023-01-30T13:50:40.41",
        "detail_url": "https://compasskc.kcmo.org/EnerGov_Prod/SelfService#/permit/9707bd76-a446-4ce4-8711-9e3a24b0370a",
        "external_id": "9707bd76-a446-4ce4-8711-9e3a24b0370a",
        "geometry_source": "KCMO parcels",
        "has_parcel_polygon": true,
        "match_method": "parcel_id",
        "match_status": "matched",
        "parcel_id": "295176",
        "record_id": "case:9707bd76-a446-4ce4-8711-9e3a24b0370a",
        "record_type": "Complete Building or Structure Demolition - Residential",
        "status": "Closed",
        "year": "2023"
      },
      "type": "Feature"
    },
    {
      "geometry": {
        "coordinates": [
          [
            [
              -94.55099526602704,
              39.05000243182455
            ],
            [
              -94.55052727761225,
              39.04998270567219
            ],
            [
              -94.5505210577232,
              39.050107660900046
            ],
            [
              -94.55098913361044,
              39.05012546504386
            ],
            [
              -94.55099526602704,
              39.05000243182455
            ]
          ]
        ],
        "type": "Polygon"
      },
      "properties": {
        "address": "4146 South Benton Ave Kansas City MO 64130",
        "case_number": "CPDR-2023-00020",
        "category": "Complete Building or Structure Demolition - Residential",
        "date": "2023-01-30T13:50:40.41",
        "detail_url": "https://compasskc.kcmo.org/EnerGov_Prod/SelfService#/permit/aebd0b02-ad86-4cc6-a7ad-c2a29de0ec31",
        "external_id": "aebd0b02-ad86-4cc6-a7ad-c2a29de0ec31",
        "geometry_source": "KCMO parcels",
        "has_parcel_polygon": true,
        "match_method": "parcel_id",
        "match_status": "matched",
        "parcel_address": "4146 South Benton Ave",
        "parcel_id": "29960",
        "record_id": "case:aebd0b02-ad86-4cc6-a7ad-c2a29de0ec31",
        "record_type": "Complete Building or Structure Demolition - Residential",
        "status": "Closed",
        "year": "2023"
      },
      "type": "Feature"
    },
    {
      "geometry": {
        "coordinates": [
          [
            [
              -94.55049227371804,
              39.05954770252166
            ],
            [
              -94.55002578229967,
              39.059534265989775
            ],
            [
              -94.55002004294212,
              39.05963558543287
            ],
            [
              -94.55048615350461,
              39.05964902100819
            ],
            [
              -94.55049227371804,
              39.05954770252166
            ]
          ]
        ],
        "type": "Polygon"
      },
      "properties": {
        "address": "3618 South Benton Ave Kansas City MO 64128",
        "case_number": "CPDR-2023-00021",
        "category": "Complete Building or Structure Demolition - Residential",
        "date": "2023-01-30T13:50:40.41",
        "detail_url": "https://compasskc.kcmo.org/EnerGov_Prod/SelfService#/permit/d3776118-617c-488f-b28b-517600d9402c",
        "external_id": "d3776118-617c-488f-b28b-517600d9402c",
        "geometry_source": "KCMO parcels",
        "has_parcel_polygon": true,
        "match_method": "parcel_id",
        "match_status": "matched",
        "parcel_address": "3618 South Benton Ave",
        "parcel_id": "28762",
        "record_id": "case:d3776118-617c-488f-b28b-517600d9402c",
        "record_type": "Complete Building or Structure Demolition - Residential",
        "status": "Closed",
        "year": "2023"
      },
      "type": "Feature"
    },
    {
      "geometry": {
        "coordinates": [
          [
            [
              -94.548417091312,
              39.072686935629285
            ],
            [
              -94.54827263993216,
              39.072680337200545
            ],
            [
              -94.54825109786177,
              39.07311709480719
            ],
            [
              -94.54839566868287,
              39.07312321271559
            ],
            [
              -94.548417091312,
              39.072686935629285
            ]
          ]
        ],
        "type": "Polygon"
      },
      "properties": {
        "address": "2910 E 29th St Kansas City MO 64128",
        "case_number": "CPDR-2023-00018",
        "category": "Complete Building or Structure Demolition - Residential",
        "date": "2023-01-30T13:50:40.427",
        "detail_url": "https://compasskc.kcmo.org/EnerGov_Prod/SelfService#/permit/ff6695d1-ffd4-40ac-82a9-8493bfb37f68",
        "external_id": "ff6695d1-ffd4-40ac-82a9-8493bfb37f68",
        "geometry_source": "KCMO parcels",
        "has_parcel_polygon": true,
        "match_method": "parcel_id",
        "match_status": "matched",
        "parcel_address": "2910 E 29th St",
        "parcel_id": "24727",
        "record_id": "case:ff6695d1-ffd4-40ac-82a9-8493bfb37f68",
        "record_type": "Complete Building or Structure Demolition - Residential",
        "status": "Closed",
        "year": "2023"
      },
      "type": "Feature"
    },
    {
      "geometry": {
        "coordinates": [
          [
            [
              -94.59830756280964,
              38.98897752537428
            ],
            [
              -94.59816738193129,
              38.98897160277448
            ],
            [
              -94.59814738374024,
              38.98939407376999
            ],
            [
              -94.59828729961508,
              38.98939910425248
            ],
            [
              -94.59830756280964,
              38.98897752537428
            ]
          ]
        ],
        "type": "Polygon"
      },
      "properties": {
        "address": "708 W 77th St Kansas City MO 64114",
        "case_number": "CPDR-2022-00051",
        "category": "Complete Building or Structure Demolition - Residential",
        "date": "2023-01-31T09:10:09.77",
        "detail_url": "https://compasskc.kcmo.org/EnerGov_Prod/SelfService#/permit/90ed47d0-7c9c-4c7c-856d-cc6de6648f39",
        "external_id": "90ed47d0-7c9c-4c7c-856d-cc6de6648f39",
        "geometry_source": "KCMO parcels",
        "has_parcel_polygon": true,
        "match_method": "parcel_id",
        "match_status": "matched",
        "parcel_address": "708 W 77th St",
        "parcel_id": "119781",
        "record_id": "case:90ed47d0-7c9c-4c7c-856d-cc6de6648f39",
        "record_type": "Complete Building or Structure Demolition - Residential",
        "status": "Issued",
        "year": "2023"
      },
      "type": "Feature"
    },
    {
      "geometry": {
        "coordinates": [
          [
            [
              -94.60459657108993,
              39.10330462198804
            ],
            [
              -94.60454740294325,
              39.10429357956576
            ],
            [
              -94.60522047243049,
              39.104310946836904
            ],
            [
              -94.6052650558893,
              39.10332340600367
            ],
            [
              -94.60459657108993,
              39.10330462198804
            ]
          ]
        ],
        "type": "Polygon"
      },
      "properties": {
        "address": "920 Wyoming St Kansas City MO 64101",
        "case_number": "CPDC-2023-00021",
        "category": "Pre-Demolition Inspection - Commercial",
        "date": "2023-01-31T10:05:31.473",
        "detail_url": "https://compasskc.kcmo.org/EnerGov_Prod/SelfService#/permit/67452d7e-44d8-4fac-a47a-1bd6d1c0ac9c",
        "external_id": "67452d7e-44d8-4fac-a47a-1bd6d1c0ac9c",
        "geometry_source": "KCMO parcels",
        "has_parcel_polygon": true,
        "match_method": "parcel_id",
        "match_status": "matched",
        "parcel_address": "1613 W 9th St",
        "parcel_id": "123134",
        "record_id": "case:67452d7e-44d8-4fac-a47a-1bd6d1c0ac9c",
        "record_type": "Pre-Demolition Inspection - Commercial",
        "status": "Issued",
        "year": "2023"
      },
      "type": "Feature"
    },
    {
      "geometry": {
        "coordinates": [
          [
            [
              -94.57444453644044,
              39.101624957683406
            ],
            [
              -94.57396742362975,
              39.10160778107583
            ],
            [
              -94.57394864594531,
              39.101989923274154
            ],
            [
              -94.57442552763408,
              39.102006872441336
            ],
            [
              -94.57444453644044,
              39.101624957683406
            ]
          ]
        ],
        "type": "Polygon"
      },
      "properties": {
        "address": "1000 Charlotte St Kansas City MO 64106",
        "case_number": "CPDC-2023-00024",
        "category": "Complete Building Demolition - Commercial",
        "date": "2023-01-31T12:54:09.153",
        "detail_url": "https://compasskc.kcmo.org/EnerGov_Prod/SelfService#/permit/a6417c31-400d-4ff3-9160-035fbcfec016",
        "external_id": "a6417c31-400d-4ff3-9160-035fbcfec016",
        "geometry_source": "KCMO parcels",
        "has_parcel_polygon": true,
        "match_method": "parcel_id",
        "match_status": "matched",
        "parcel_address": "1000 Charlotte St",
        "parcel_id": "12682",
        "record_id": "case:a6417c31-400d-4ff3-9160-035fbcfec016",
        "record_type": "Complete Building Demolition - Commercial",
        "status": "Closed",
        "year": "2023"
      },
      "type": "Feature"
    },
    {
      "geometry": {
        "coordinates": [
          [
            [
              -94.52026389899382,
              39.074255993816564
            ],
            [
              -94.51984472296138,
              39.07424297808578
            ],
            [
              -94.51984008666129,
              39.07435090758424
            ],
            [
              -94.52025908636993,
              39.074363557841295
            ],
            [
              -94.52026389899382,
              39.074255993816564
            ]
          ]
        ],
        "type": "Polygon"
      },
      "properties": {
        "address": "2805 Van Brunt Blvd Kansas City MO 64128",
        "case_number": "CPDR-2023-00022",
        "category": "Complete Building or Structure Demolition - Residential",
        "date": "2023-02-01T10:33:18.067",
        "detail_url": "https://compasskc.kcmo.org/EnerGov_Prod/SelfService#/permit/43157f3e-cde8-4296-876e-718812b9284c",
        "external_id": "43157f3e-cde8-4296-876e-718812b9284c",
        "geometry_source": "KCMO parcels",
        "has_parcel_polygon": true,
        "match_method": "parcel_id",
        "match_status": "matched",
        "parcel_address": "2805 Van Brunt Blvd",
        "parcel_id": "21553",
        "record_id": "case:43157f3e-cde8-4296-876e-718812b9284c",
        "record_type": "Complete Building or Structure Demolition - Residential",
        "status": "Closed",
        "year": "2023"
      },
      "type": "Feature"
    },
    {
      "geometry": {
        "coordinates": [
          [
            [
              -94.58396193496756,
              39.07240859750165
            ],
            [
              -94.58381269781194,
              39.07240325865281
            ],
            [
              -94.58379257184245,
              39.07273520483636
            ],
            [
              -94.58394169402123,
              39.072740772029135
            ],
            [
              -94.58396193496756,
              39.07240859750165
            ]
          ]
        ],
        "type": "Polygon"
      },
      "properties": {
        "address": "101 E 30th St Kansas City MO 64108",
        "case_number": "CPDR-2023-00023",
        "category": "Complete Building or Structure Demolition - Residential",
        "date": "2023-02-03T13:18:09.84",
        "detail_url": "https://compasskc.kcmo.org/EnerGov_Prod/SelfService#/permit/75a3deda-350d-493e-842c-f8c9fd32bb0e",
        "external_id": "75a3deda-350d-493e-842c-f8c9fd32bb0e",
        "geometry_source": "KCMO parcels",
        "has_parcel_polygon": true,
        "match_method": "parcel_id",
        "match_status": "matched",
        "parcel_address": "101 E 30th St",
        "parcel_id": "127292",
        "record_id": "case:75a3deda-350d-493e-842c-f8c9fd32bb0e",
        "record_type": "Complete Building or Structure Demolition - Residential",
        "status": "Issued",
        "year": "2023"
      },
      "type": "Feature"
    },
    {
      "geometry": {
        "coordinates": [
          [
            [
              -94.54930343312742,
              39.06027371714615
            ],
            [
              -94.54883095077433,
              39.06026117129534
            ],
            [
              -94.54882561300593,
              39.06035157519057
            ],
            [
              -94.54929865355801,
              39.06036409851791
            ],
            [
              -94.54930343312742,
              39.06027371714615
            ]
          ]
        ],
        "type": "Polygon"
      },
      "properties": {
        "address": "3604 Agnes Ave Kansas City MO 64128",
        "case_number": "CPDR-2023-00030",
        "category": "Complete Building or Structure Demolition - Residential",
        "date": "2023-02-09T15:51:30.15",
        "detail_url": "https://compasskc.kcmo.org/EnerGov_Prod/SelfService#/permit/a7ccdf6d-67f9-488f-82b7-732457d00002",
        "external_id": "a7ccdf6d-67f9-488f-82b7-732457d00002",
        "geometry_source": "KCMO parcels",
        "has_parcel_polygon": true,
        "match_method": "parcel_id",
        "match_status": "matched",
        "parcel_address": "3604 Agnes Ave",
        "parcel_id": "28713",
        "record_id": "case:a7ccdf6d-67f9-488f-82b7-732457d00002",
        "record_type": "Complete Building or Structure Demolition - Residential",
        "status": "Closed",
        "year": "2023"
      },
      "type": "Feature"
    },
    {
      "geometry": {
        "coordinates": [
          [
            [
              -94.52076656309104,
              39.06316966912548
            ],
            [
              -94.5203640650028,
              39.063156926829876
            ],
            [
              -94.5203498830697,
              39.06344435782228
            ],
            [
              -94.52075276581,
              39.063457146431304
            ],
            [
              -94.52076656309104,
              39.06316966912548
            ]
          ]
        ],
        "type": "Polygon"
      },
      "properties": {
        "address": "3411 Hardesty Ave Kansas City MO 64128",
        "case_number": "CPDR-2023-00029",
        "category": "Complete Building or Structure Demolition - Residential",
        "date": "2023-02-09T15:51:32.407",
        "detail_url": "https://compasskc.kcmo.org/EnerGov_Prod/SelfService#/permit/2c1660ce-2e14-4816-bc22-9f7785f61fb1",
        "external_id": "2c1660ce-2e14-4816-bc22-9f7785f61fb1",
        "geometry_source": "KCMO parcels",
        "has_parcel_polygon": true,
        "match_method": "parcel_id",
        "match_status": "matched",
        "parcel_address": "3411 Hardesty Ave",
        "parcel_id": "23537",
        "record_id": "case:2c1660ce-2e14-4816-bc22-9f7785f61fb1",
        "record_type": "Complete Building or Structure Demolition - Residential",
        "status": "Closed",
        "year": "2023"
      },
      "type": "Feature"
    },
    {
      "geometry": {
        "coordinates": [
          [
            [
              -94.49267272415793,
              38.91933987013233
            ],
            [
              -94.4924259635102,
              38.91928502996507
            ],
            [
              -94.49209209493543,
              38.9192267288872
            ],
            [
              -94.49183885878612,
              38.919194242171976
            ],
            [
              -94.49158392291034,
              38.91917148052606
            ],
            [
              -94.48864629068531,
              38.91905211118223
            ],
            [
              -94.48851877483207,
              38.92061945190594
            ],
            [
              -94.48808321754586,
              38.92066887784157
            ],
            [
              -94.48807335550872,
              38.92079543385253
            ],
            [
              -94.488871942728,
              38.9207204622932
            ],
            [
              -94.48915969542075,
              38.920698316720966
            ],
            [
              -94.48944445822961,
              38.92068527811005
            ],
            [
              -94.48982476716405,
              38.92068155875722
            ],
            [
              -94.49010990770755,
              38.92068906548056
            ],
            [
              -94.4914223474717,
              38.920743970246285
            ],
            [
              -94.49155175057398,
              38.92075569495936
            ],
            [
              -94.49174453746765,
              38.92078076388428
            ],
            [
              -94.49187186067326,
              38.92080234997825
            ],
            [
              -94.4920610734513,
              38.920842200086945
            ],
            [
              -94.49267272415793,
              38.91933987013233
            ]
          ]
        ],
        "type": "Polygon"
      },
      "properties": {
        "address": "8650 Ruskin Way Kansas City MO 64134",
        "case_number": "CPDC-2023-00026",
        "category": "Complete Building Demolition - Commercial",
        "date": "2023-02-10T13:48:54.12",
        "detail_url": "https://compasskc.kcmo.org/EnerGov_Prod/SelfService#/permit/16d74be0-1a5a-4f8e-8620-4407df9577bf",
        "external_id": "16d74be0-1a5a-4f8e-8620-4407df9577bf",
        "geometry_source": "KCMO parcels",
        "has_parcel_polygon": true,
        "match_method": "parcel_id",
        "match_status": "matched",
        "parcel_address": "8650 Ruskin Way",
        "parcel_id": "72739",
        "record_id": "case:16d74be0-1a5a-4f8e-8620-4407df9577bf",
        "record_type": "Complete Building Demolition - Commercial",
        "status": "Voided-City",
        "year": "2023"
      },
      "type": "Feature"
    },
    {
      "geometry": {
        "coordinates": [
          [
            [
              -94.45067104887035,
              39.04788270686429
            ],
            [
              -94.44836958716434,
              39.04777790015448
            ],
            [
              -94.44831251642726,
              39.04886242875013
            ],
            [
              -94.45057210409858,
              39.049988530290385
            ],
            [
              -94.45067104887035,
              39.04788270686429
            ]
          ]
        ],
        "type": "Polygon"
      },
      "properties": {
        "address": "4028 Harvard Cir Unit: ROW-STR-PW Kansas City MO 64133",
        "case_number": "CPDC-2023-00027",
        "category": "Partial Building Demolition - Commercial",
        "date": "2023-02-10T14:46:59.31",
        "detail_url": "https://compasskc.kcmo.org/EnerGov_Prod/SelfService#/permit/848f5f3a-a674-41e9-9a2a-d9a54c7894ad",
        "external_id": "848f5f3a-a674-41e9-9a2a-d9a54c7894ad",
        "geometry_source": "KCMO parcels",
        "has_parcel_polygon": true,
        "match_method": "parcel_id",
        "match_status": "matched",
        "parcel_address": "4000 Harvard Ln",
        "parcel_id": "48639",
        "record_id": "case:848f5f3a-a674-41e9-9a2a-d9a54c7894ad",
        "record_type": "Partial Building Demolition - Commercial",
        "status": "Voided-City",
        "year": "2023"
      },
      "type": "Feature"
    },
    {
      "geometry": {
        "coordinates": [
          [
            [
              -94.60459657108993,
              39.10330462198804
            ],
            [
              -94.60454740294325,
              39.10429357956576
            ],
            [
              -94.60522047243049,
              39.104310946836904
            ],
            [
              -94.6052650558893,
              39.10332340600367
            ],
            [
              -94.60459657108993,
              39.10330462198804
            ]
          ]
        ],
        "type": "Polygon"
      },
      "properties": {
        "address": "920 Wyoming St Kansas City MO 64101",
        "case_number": "CPDC-2023-00002",
        "category": "Complete Building Demolition - Commercial",
        "date": "2023-02-17T10:25:15.877",
        "detail_url": "https://compasskc.kcmo.org/EnerGov_Prod/SelfService#/permit/56ca022e-92d8-420b-bd98-7a0fa3fcfa29",
        "external_id": "56ca022e-92d8-420b-bd98-7a0fa3fcfa29",
        "geometry_source": "KCMO parcels",
        "has_parcel_polygon": true,
        "match_method": "parcel_id",
        "match_status": "matched",
        "parcel_address": "1613 W 9th St",
        "parcel_id": "123134",
        "record_id": "case:56ca022e-92d8-420b-bd98-7a0fa3fcfa29",
        "record_type": "Complete Building Demolition - Commercial",
        "status": "Closed",
        "year": "2023"
      },
      "type": "Feature"
    },
    {
      "geometry": {
        "coordinates": [
          [
            [
              -94.59946783852536,
              39.0026722055295
            ],
            [
              -94.59934752651476,
              39.002340418109796
            ],
            [
              -94.59916170109086,
              39.00238324938699
            ],
            [
              -94.59928048361212,
              39.002712292569356
            ],
            [
              -94.59946783852536,
              39.0026722055295
            ]
          ]
        ],
        "type": "Polygon"
      },
      "properties": {
        "address": "659 Romany Rd Kansas City MO 64113",
        "case_number": "CPDR-2023-00032",
        "category": "Partial Building Demolition - Residential",
        "date": "2023-02-17T12:29:10.403",
        "detail_url": "https://compasskc.kcmo.org/EnerGov_Prod/SelfService#/permit/639feeb7-d2ac-43c0-a1fc-7815aeec055d",
        "external_id": "639feeb7-d2ac-43c0-a1fc-7815aeec055d",
        "geometry_source": "KCMO parcels",
        "has_parcel_polygon": true,
        "match_method": "parcel_id",
        "match_status": "matched",
        "parcel_address": "659 Romany Rd",
        "parcel_id": "109676",
        "record_id": "case:639feeb7-d2ac-43c0-a1fc-7815aeec055d",
        "record_type": "Partial Building Demolition - Residential",
        "status": "Voided-City",
        "year": "2023"
      },
      "type": "Feature"
    },
    {
      "geometry": {
        "coordinates": [
          [
            [
              -94.58597064607007,
              39.228793375662974
            ],
            [
              -94.58682647179435,
              39.22907354821118
            ],
            [
              -94.58682550943166,
              39.22829253734787
            ],
            [
              -94.58597585534702,
              39.22828831924209
            ],
            [
              -94.58597064607007,
              39.228793375662974
            ]
          ]
        ],
        "type": "Polygon"
      },
      "properties": {
        "address": "7350 N Broadway Kansas City MO 64118",
        "case_number": "CPDR-2022-00128",
        "category": "Complete Building or Structure Demolition - Residential",
        "date": "2023-02-21T00:00:00",
        "detail_url": "https://compasskc.kcmo.org/EnerGov_Prod/SelfService#/permit/7ea24f7b-befe-44f3-ba84-f3d1a627dc15",
        "external_id": "7ea24f7b-befe-44f3-ba84-f3d1a627dc15",
        "geometry_source": "KCMO parcels",
        "has_parcel_polygon": true,
        "match_method": "parcel_id",
        "match_status": "matched",
        "parcel_address": "7350 N Broadway",
        "parcel_id": "288620",
        "record_id": "case:7ea24f7b-befe-44f3-ba84-f3d1a627dc15",
        "record_type": "Complete Building or Structure Demolition - Residential",
        "status": "Closed",
        "year": "2023"
      },
      "type": "Feature"
    },
    {
      "geometry": {
        "coordinates": [
          [
            [
              -94.57984311351746,
              39.17225241310447
            ],
            [
              -94.57949140613376,
              39.172250479908946
            ],
            [
              -94.57948547344397,
              39.172619820014965
            ],
            [
              -94.57983788763583,
              39.17262195809503
            ],
            [
              -94.57984311351746,
              39.17225241310447
            ]
          ]
        ],
        "type": "Polygon"
      },
      "properties": {
        "address": "112 NE 43rd St Kansas City MO 64116",
        "case_number": "CPDR-2023-00034",
        "category": "Pre-Demolition Inspection - Residential",
        "date": "2023-02-21T14:04:56.12",
        "detail_url": "https://compasskc.kcmo.org/EnerGov_Prod/SelfService#/permit/d7112c58-d174-41a5-932d-c98a4d07f66d",
        "external_id": "d7112c58-d174-41a5-932d-c98a4d07f66d",
        "geometry_source": "KCMO parcels",
        "has_parcel_polygon": true,
        "match_method": "parcel_id",
        "match_status": "matched",
        "parcel_address": "112 NE 43rd St",
        "parcel_id": "83978",
        "record_id": "case:d7112c58-d174-41a5-932d-c98a4d07f66d",
        "record_type": "Pre-Demolition Inspection - Residential",
        "status": "Issued",
        "year": "2023"
      },
      "type": "Feature"
    },
    {
      "geometry": {
        "coordinates": [
          [
            [
              -94.39748696268077,
              38.990354646476774
            ],
            [
              -94.3967840972594,
              38.990327763908915
            ],
            [
              -94.39674248511308,
              38.99131569362872
            ],
            [
              -94.39312034249741,
              38.99268679909651
            ],
            [
              -94.39300920875456,
              38.994519496577134
            ],
            [
              -94.3970832272374,
              38.9946652502511
            ],
            [
              -94.39715003973699,
              38.994657896511455
            ],
            [
              -94.39721576721946,
              38.99464382932862
            ],
            [
              -94.39727973687708,
              38.99462319269884
            ],
            [
              -94.39734129389576,
              38.9945961978653
            ],
            [
              -94.39770130434898,
              38.99441130298179
            ],
            [
              -94.39786079511599,
              38.99431858375858
            ],
            [
              -94.39793632493254,
              38.994265567826304
            ],
            [
              -94.39807772975978,
              38.99414708224091
            ],
            [
              -94.3982858157747,
              38.99394681780959
            ],
            [
              -94.39840887233926,
              38.99380745719778
            ],
            [
              -94.39896515512125,
              38.993051156953555
            ],
            [
              -94.39903189672152,
              38.9929500653581
            ],
            [
              -94.3991297177665,
              38.99278474243421
            ],
            [
              -94.39741074686764,
              38.99216529362001
            ],
            [
              -94.39748696268077,
              38.990354646476774
            ]
          ]
        ],
        "type": "Polygon"
      },
      "properties": {
        "address": "16001 Ess Rd Kansas City MO 64136",
        "case_number": "CPDR-2023-00033",
        "category": "Complete Building or Structure Demolition - Residential",
        "date": "2023-02-22T08:05:10.45",
        "detail_url": "https://compasskc.kcmo.org/EnerGov_Prod/SelfService#/permit/29effbd0-7882-4d2a-8b7b-b8f0816d061d",
        "external_id": "29effbd0-7882-4d2a-8b7b-b8f0816d061d",
        "geometry_source": "KCMO parcels",
        "has_parcel_polygon": true,
        "match_method": "parcel_id",
        "match_status": "matched",
        "parcel_id": "290476",
        "record_id": "case:29effbd0-7882-4d2a-8b7b-b8f0816d061d",
        "record_type": "Complete Building or Structure Demolition - Residential",
        "status": "Closed",
        "year": "2023"
      },
      "type": "Feature"
    },
    {
      "geometry": {
        "coordinates": [
          [
            [
              -94.45067104887035,
              39.04788270686429
            ],
            [
              -94.44836958716434,
              39.04777790015448
            ],
            [
              -94.44831251642726,
              39.04886242875013
            ],
            [
              -94.45057210409858,
              39.049988530290385
            ],
            [
              -94.45067104887035,
              39.04788270686429
            ]
          ]
        ],
        "type": "Polygon"
      },
      "properties": {
        "address": "4044 Harvard Cir Kansas City MO 64133",
        "case_number": "CPDC-2023-00030",
        "category": "Partial Building Demolition - Commercial",
        "date": "2023-02-23T16:17:11.497",
        "detail_url": "https://compasskc.kcmo.org/EnerGov_Prod/SelfService#/permit/c4c6a66f-ad6f-4ff0-9a6b-97c1a959440b",
        "external_id": "c4c6a66f-ad6f-4ff0-9a6b-97c1a959440b",
        "geometry_source": "KCMO parcels",
        "has_parcel_polygon": true,
        "match_method": "parcel_id",
        "match_status": "matched",
        "parcel_address": "4000 Harvard Ln",
        "parcel_id": "48639",
        "record_id": "case:c4c6a66f-ad6f-4ff0-9a6b-97c1a959440b",
        "record_type": "Partial Building Demolition - Commercial",
        "status": "Issued",
        "year": "2023"
      },
      "type": "Feature"
    },
    {
      "geometry": {
        "coordinates": [
          [
            [
              -94.53934328435763,
              39.05225526522197
            ],
            [
              -94.53887252890347,
              39.05223968102179
            ],
            [
              -94.53887091743721,
              39.0524034857828
            ],
            [
              -94.5393350117435,
              39.052418638070826
            ],
            [
              -94.53934328435763,
              39.05225526522197
            ]
          ]
        ],
        "type": "Polygon"
      },
      "properties": {
        "address": "4016 Mersington Ave Kansas City MO 64130",
        "case_number": "CPDR-2023-00045",
        "category": "Complete Building or Structure Demolition - Residential",
        "date": "2023-02-23T16:29:52.783",
        "detail_url": "https://compasskc.kcmo.org/EnerGov_Prod/SelfService#/permit/499fe10b-e179-4bd0-95bf-5dd4bc9aa3bc",
        "external_id": "499fe10b-e179-4bd0-95bf-5dd4bc9aa3bc",
        "geometry_source": "KCMO parcels",
        "has_parcel_polygon": true,
        "match_method": "parcel_id",
        "match_status": "matched",
        "parcel_address": "4016 Mersington Ave",
        "parcel_id": "30549",
        "record_id": "case:499fe10b-e179-4bd0-95bf-5dd4bc9aa3bc",
        "record_type": "Complete Building or Structure Demolition - Residential",
        "status": "Closed",
        "year": "2023"
      },
      "type": "Feature"
    },
    {
      "geometry": {
        "coordinates": [
          [
            [
              -94.51081827243553,
              39.09090655381659
            ],
            [
              -94.51043020965079,
              39.09089604058501
            ],
            [
              -94.51042599581685,
              39.09098687803043
            ],
            [
              -94.51081394163822,
              39.090997276311015
            ],
            [
              -94.51081827243553,
              39.09090655381659
            ]
          ]
        ],
        "type": "Polygon"
      },
      "properties": {
        "address": "1628 Belmont Ave Kansas City MO 64126",
        "case_number": "CPDR-2023-00044",
        "category": "Complete Building or Structure Demolition - Residential",
        "date": "2023-02-23T16:29:55.11",
        "detail_url": "https://compasskc.kcmo.org/EnerGov_Prod/SelfService#/permit/bed80ba9-3c9d-41ef-8adb-4bb11d78f69d",
        "external_id": "bed80ba9-3c9d-41ef-8adb-4bb11d78f69d",
        "geometry_source": "KCMO parcels",
        "has_parcel_polygon": true,
        "match_method": "parcel_id",
        "match_status": "matched",
        "parcel_address": "1628 Belmont Ave",
        "parcel_id": "6625",
        "record_id": "case:bed80ba9-3c9d-41ef-8adb-4bb11d78f69d",
        "record_type": "Complete Building or Structure Demolition - Residential",
        "status": "Closed",
        "year": "2023"
      },
      "type": "Feature"
    },
    {
      "geometry": {
        "coordinates": [
          [
            [
              -94.5255564644515,
              39.07494885988527
            ],
            [
              -94.52513411288884,
              39.0749352232034
            ],
            [
              -94.52512247771986,
              39.07515270763654
            ],
            [
              -94.52554500705607,
              39.07516529123256
            ],
            [
              -94.5255564644515,
              39.07494885988527
            ]
          ]
        ],
        "type": "Polygon"
      },
      "properties": {
        "address": "2730 Brighton Ave Kansas City MO 64128",
        "case_number": "CPDR-2023-00046",
        "category": "Complete Building or Structure Demolition - Residential",
        "date": "2023-02-23T16:29:58.25",
        "detail_url": "https://compasskc.kcmo.org/EnerGov_Prod/SelfService#/permit/3dfbbe58-e3f8-4f08-8812-c2a14d734f43",
        "external_id": "3dfbbe58-e3f8-4f08-8812-c2a14d734f43",
        "geometry_source": "KCMO parcels",
        "has_parcel_polygon": true,
        "match_method": "parcel_id",
        "match_status": "matched",
        "parcel_address": "2730 Brighton Ave",
        "parcel_id": "22194",
        "record_id": "case:3dfbbe58-e3f8-4f08-8812-c2a14d734f43",
        "record_type": "Complete Building or Structure Demolition - Residential",
        "status": "Closed",
        "year": "2023"
      },
      "type": "Feature"
    },
    {
      "geometry": {
        "coordinates": [
          [
            [
              -94.55168957695054,
              39.06816661712368
            ],
            [
              -94.55149444388795,
              39.068159747108524
            ],
            [
              -94.55147453930131,
              39.06855676151737
            ],
            [
              -94.55166949589528,
              39.06856365395206
            ],
            [
              -94.55168957695054,
              39.06816661712368
            ]
          ]
        ],
        "type": "Polygon"
      },
      "properties": {
        "address": "2700 E Linwood Blvd Kansas City MO 64128",
        "case_number": "CPDR-2023-00026",
        "category": "Complete Building or Structure Demolition - Residential",
        "date": "2023-02-24T13:02:12.45",
        "detail_url": "https://compasskc.kcmo.org/EnerGov_Prod/SelfService#/permit/7008f790-ea05-4b80-bd36-de4ff400fb69",
        "external_id": "7008f790-ea05-4b80-bd36-de4ff400fb69",
        "geometry_source": "KCMO parcels",
        "has_parcel_polygon": true,
        "match_method": "parcel_id",
        "match_status": "matched",
        "parcel_address": "2700 E Linwood Blvd",
        "parcel_id": "25301",
        "record_id": "case:7008f790-ea05-4b80-bd36-de4ff400fb69",
        "record_type": "Complete Building or Structure Demolition - Residential",
        "status": "Closed",
        "year": "2023"
      },
      "type": "Feature"
    },
    {
      "geometry": {
        "coordinates": [
          [
            [
              -94.55252652388901,
              39.057148433333694
            ],
            [
              -94.55335183280776,
              39.05717652193787
            ],
            [
              -94.55340562647054,
              39.056164064914775
            ],
            [
              -94.55295526492507,
              39.05614861975633
            ],
            [
              -94.55296163225145,
              39.05602965924901
            ],
            [
              -94.55250886667869,
              39.056014144243235
            ],
            [
              -94.55245166565543,
              39.0570771919981
            ],
            [
              -94.55245682111563,
              39.05710393797785
            ],
            [
              -94.5524684543052,
              39.05712100243915
            ],
            [
              -94.55248575051009,
              39.057134859886396
            ],
            [
              -94.55252652388901,
              39.057148433333694
            ]
          ]
        ],
        "type": "Polygon"
      },
      "properties": {
        "address": "2605 E 38th St Kansas City MO 64128",
        "case_number": "CPDR-2023-00035",
        "category": "Complete Building or Structure Demolition - Residential",
        "date": "2023-02-27T14:54:09.397",
        "detail_url": "https://compasskc.kcmo.org/EnerGov_Prod/SelfService#/permit/73705391-b745-4270-b61d-e222a4b5bcf6",
        "external_id": "73705391-b745-4270-b61d-e222a4b5bcf6",
        "geometry_source": "KCMO parcels",
        "has_parcel_polygon": true,
        "match_method": "address_geocode_point_in_polygon",
        "match_status": "matched",
        "parcel_address": "2601 E 38th St",
        "parcel_id": "295034",
        "record_id": "case:73705391-b745-4270-b61d-e222a4b5bcf6",
        "record_type": "Complete Building or Structure Demolition - Residential",
        "status": "Closed",
        "year": "2023"
      },
      "type": "Feature"
    },
    {
      "geometry": {
        "coordinates": [
          [
            [
              -94.55252652388901,
              39.057148433333694
            ],
            [
              -94.55335183280776,
              39.05717652193787
            ],
            [
              -94.55340562647054,
              39.056164064914775
            ],
            [
              -94.55295526492507,
              39.05614861975633
            ],
            [
              -94.55296163225145,
              39.05602965924901
            ],
            [
              -94.55250886667869,
              39.056014144243235
            ],
            [
              -94.55245166565543,
              39.0570771919981
            ],
            [
              -94.55245682111563,
              39.05710393797785
            ],
            [
              -94.5524684543052,
              39.05712100243915
            ],
            [
              -94.55248575051009,
              39.057134859886396
            ],
            [
              -94.55252652388901,
              39.057148433333694
            ]
          ]
        ],
        "type": "Polygon"
      },
      "properties": {
        "address": "3804 Montgall Ave Kansas City MO 64128",
        "case_number": "CPDR-2023-00037",
        "category": "Complete Building or Structure Demolition - Residential",
        "date": "2023-02-28T06:52:13.1",
        "detail_url": "https://compasskc.kcmo.org/EnerGov_Prod/SelfService#/permit/7adc355d-4da5-4a40-b526-d602b2656d1a",
        "external_id": "7adc355d-4da5-4a40-b526-d602b2656d1a",
        "geometry_source": "KCMO parcels",
        "has_parcel_polygon": true,
        "match_method": "address_geocode_point_in_polygon",
        "match_status": "matched",
        "parcel_address": "2601 E 38th St",
        "parcel_id": "295034",
        "record_id": "case:7adc355d-4da5-4a40-b526-d602b2656d1a",
        "record_type": "Complete Building or Structure Demolition - Residential",
        "status": "Closed",
        "year": "2023"
      },
      "type": "Feature"
    },
    {
      "geometry": {
        "coordinates": [
          [
            [
              -94.55252652388901,
              39.057148433333694
            ],
            [
              -94.55335183280776,
              39.05717652193787
            ],
            [
              -94.55340562647054,
              39.056164064914775
            ],
            [
              -94.55295526492507,
              39.05614861975633
            ],
            [
              -94.55296163225145,
              39.05602965924901
            ],
            [
              -94.55250886667869,
              39.056014144243235
            ],
            [
              -94.55245166565543,
              39.0570771919981
            ],
            [
              -94.55245682111563,
              39.05710393797785
            ],
            [
              -94.5524684543052,
              39.05712100243915
            ],
            [
              -94.55248575051009,
              39.057134859886396
            ],
            [
              -94.55252652388901,
              39.057148433333694
            ]
          ]
        ],
        "type": "Polygon"
      },
      "properties": {
        "address": "3806 Montgall Ave Kansas City MO 64128",
        "case_number": "CPDR-2023-00038",
        "category": "Complete Building or Structure Demolition - Residential",
        "date": "2023-02-28T06:53:08.967",
        "detail_url": "https://compasskc.kcmo.org/EnerGov_Prod/SelfService#/permit/b6652e33-ed9f-492b-9735-202fda40a51a",
        "external_id": "b6652e33-ed9f-492b-9735-202fda40a51a",
        "geometry_source": "KCMO parcels",
        "has_parcel_polygon": true,
        "match_method": "address_geocode_point_in_polygon",
        "match_status": "matched",
        "parcel_address": "2601 E 38th St",
        "parcel_id": "295034",
        "record_id": "case:b6652e33-ed9f-492b-9735-202fda40a51a",
        "record_type": "Complete Building or Structure Demolition - Residential",
        "status": "Closed",
        "year": "2023"
      },
      "type": "Feature"
    },
    {
      "geometry": {
        "coordinates": [
          [
            [
              -94.55252652388901,
              39.057148433333694
            ],
            [
              -94.55335183280776,
              39.05717652193787
            ],
            [
              -94.55340562647054,
              39.056164064914775
            ],
            [
              -94.55295526492507,
              39.05614861975633
            ],
            [
              -94.55296163225145,
              39.05602965924901
            ],
            [
              -94.55250886667869,
              39.056014144243235
            ],
            [
              -94.55245166565543,
              39.0570771919981
            ],
            [
              -94.55245682111563,
              39.05710393797785
            ],
            [
              -94.5524684543052,
              39.05712100243915
            ],
            [
              -94.55248575051009,
              39.057134859886396
            ],
            [
              -94.55252652388901,
              39.057148433333694
            ]
          ]
        ],
        "type": "Polygon"
      },
      "properties": {
        "address": "3812 Montgall Ave Kansas City MO 64128",
        "case_number": "CPDR-2023-00039",
        "category": "Complete Building or Structure Demolition - Residential",
        "date": "2023-02-28T06:55:09.173",
        "detail_url": "https://compasskc.kcmo.org/EnerGov_Prod/SelfService#/permit/7131811a-b9eb-475c-8b55-5c099accdc54",
        "external_id": "7131811a-b9eb-475c-8b55-5c099accdc54",
        "geometry_source": "KCMO parcels",
        "has_parcel_polygon": true,
        "match_method": "address_geocode_point_in_polygon",
        "match_status": "matched",
        "parcel_address": "2601 E 38th St",
        "parcel_id": "295034",
        "record_id": "case:7131811a-b9eb-475c-8b55-5c099accdc54",
        "record_type": "Complete Building or Structure Demolition - Residential",
        "status": "Closed",
        "year": "2023"
      },
      "type": "Feature"
    },
    {
      "geometry": {
        "coordinates": [
          [
            [
              -94.55252652388901,
              39.057148433333694
            ],
            [
              -94.55335183280776,
              39.05717652193787
            ],
            [
              -94.55340562647054,
              39.056164064914775
            ],
            [
              -94.55295526492507,
              39.05614861975633
            ],
            [
              -94.55296163225145,
              39.05602965924901
            ],
            [
              -94.55250886667869,
              39.056014144243235
            ],
            [
              -94.55245166565543,
              39.0570771919981
            ],
            [
              -94.55245682111563,
              39.05710393797785
            ],
            [
              -94.5524684543052,
              39.05712100243915
            ],
            [
              -94.55248575051009,
              39.057134859886396
            ],
            [
              -94.55252652388901,
              39.057148433333694
            ]
          ]
        ],
        "type": "Polygon"
      },
      "properties": {
        "address": "3816 Montgall Ave Kansas City MO 64128",
        "case_number": "CPDR-2023-00040",
        "category": "Complete Building or Structure Demolition - Residential",
        "date": "2023-02-28T06:56:08.507",
        "detail_url": "https://compasskc.kcmo.org/EnerGov_Prod/SelfService#/permit/a1e9718b-b5ba-4599-be38-38a1ebaf55f9",
        "external_id": "a1e9718b-b5ba-4599-be38-38a1ebaf55f9",
        "geometry_source": "KCMO parcels",
        "has_parcel_polygon": true,
        "match_method": "address_geocode_point_in_polygon",
        "match_status": "matched",
        "parcel_address": "2601 E 38th St",
        "parcel_id": "295034",
        "record_id": "case:a1e9718b-b5ba-4599-be38-38a1ebaf55f9",
        "record_type": "Complete Building or Structure Demolition - Residential",
        "status": "Closed",
        "year": "2023"
      },
      "type": "Feature"
    },
    {
      "geometry": {
        "coordinates": [
          [
            [
              -94.55252652388901,
              39.057148433333694
            ],
            [
              -94.55335183280776,
              39.05717652193787
            ],
            [
              -94.55340562647054,
              39.056164064914775
            ],
            [
              -94.55295526492507,
              39.05614861975633
            ],
            [
              -94.55296163225145,
              39.05602965924901
            ],
            [
              -94.55250886667869,
              39.056014144243235
            ],
            [
              -94.55245166565543,
              39.0570771919981
            ],
            [
              -94.55245682111563,
              39.05710393797785
            ],
            [
              -94.5524684543052,
              39.05712100243915
            ],
            [
              -94.55248575051009,
              39.057134859886396
            ],
            [
              -94.55252652388901,
              39.057148433333694
            ]
          ]
        ],
        "type": "Polygon"
      },
      "properties": {
        "address": "3822 Montgall Ave Kansas City MO 64128",
        "case_number": "CPDR-2023-00041",
        "category": "Complete Building or Structure Demolition - Residential",
        "date": "2023-02-28T07:31:09.447",
        "detail_url": "https://compasskc.kcmo.org/EnerGov_Prod/SelfService#/permit/03ccd285-3518-4e12-8e4a-8123af862db5",
        "external_id": "03ccd285-3518-4e12-8e4a-8123af862db5",
        "geometry_source": "KCMO parcels",
        "has_parcel_polygon": true,
        "match_method": "address_geocode_point_in_polygon",
        "match_status": "matched",
        "parcel_address": "2601 E 38th St",
        "parcel_id": "295034",
        "record_id": "case:03ccd285-3518-4e12-8e4a-8123af862db5",
        "record_type": "Complete Building or Structure Demolition - Residential",
        "status": "Closed",
        "year": "2023"
      },
      "type": "Feature"
    },
    {
      "geometry": {
        "coordinates": [
          [
            [
              -94.55252652388901,
              39.057148433333694
            ],
            [
              -94.55335183280776,
              39.05717652193787
            ],
            [
              -94.55340562647054,
              39.056164064914775
            ],
            [
              -94.55295526492507,
              39.05614861975633
            ],
            [
              -94.55296163225145,
              39.05602965924901
            ],
            [
              -94.55250886667869,
              39.056014144243235
            ],
            [
              -94.55245166565543,
              39.0570771919981
            ],
            [
              -94.55245682111563,
              39.05710393797785
            ],
            [
              -94.5524684543052,
              39.05712100243915
            ],
            [
              -94.55248575051009,
              39.057134859886396
            ],
            [
              -94.55252652388901,
              39.057148433333694
            ]
          ]
        ],
        "type": "Polygon"
      },
      "properties": {
        "address": "3824 Montgall Ave Kansas City MO 64128",
        "case_number": "CPDR-2023-00042",
        "category": "Complete Building or Structure Demolition - Residential",
        "date": "2023-02-28T07:32:08.427",
        "detail_url": "https://compasskc.kcmo.org/EnerGov_Prod/SelfService#/permit/f5e95a50-05cc-43ef-bb04-c12ae9b51ba4",
        "external_id": "f5e95a50-05cc-43ef-bb04-c12ae9b51ba4",
        "geometry_source": "KCMO parcels",
        "has_parcel_polygon": true,
        "match_method": "address_geocode_point_in_polygon",
        "match_status": "matched",
        "parcel_address": "2601 E 38th St",
        "parcel_id": "295034",
        "record_id": "case:f5e95a50-05cc-43ef-bb04-c12ae9b51ba4",
        "record_type": "Complete Building or Structure Demolition - Residential",
        "status": "Issued",
        "year": "2023"
      },
      "type": "Feature"
    },
    {
      "geometry": {
        "coordinates": [
          [
            [
              -94.55252652388901,
              39.057148433333694
            ],
            [
              -94.55335183280776,
              39.05717652193787
            ],
            [
              -94.55340562647054,
              39.056164064914775
            ],
            [
              -94.55295526492507,
              39.05614861975633
            ],
            [
              -94.55296163225145,
              39.05602965924901
            ],
            [
              -94.55250886667869,
              39.056014144243235
            ],
            [
              -94.55245166565543,
              39.0570771919981
            ],
            [
              -94.55245682111563,
              39.05710393797785
            ],
            [
              -94.5524684543052,
              39.05712100243915
            ],
            [
              -94.55248575051009,
              39.057134859886396
            ],
            [
              -94.55252652388901,
              39.057148433333694
            ]
          ]
        ],
        "type": "Polygon"
      },
      "properties": {
        "address": "3832 Montgall Ave Kansas City MO 64128",
        "case_number": "CPDR-2023-00043",
        "category": "Complete Building or Structure Demolition - Residential",
        "date": "2023-02-28T09:25:25.24",
        "detail_url": "https://compasskc.kcmo.org/EnerGov_Prod/SelfService#/permit/4981eb6f-24ac-4b44-a106-8f3391ec914b",
        "external_id": "4981eb6f-24ac-4b44-a106-8f3391ec914b",
        "geometry_source": "KCMO parcels",
        "has_parcel_polygon": true,
        "match_method": "address_geocode_point_in_polygon",
        "match_status": "matched",
        "parcel_address": "2601 E 38th St",
        "parcel_id": "295034",
        "record_id": "case:4981eb6f-24ac-4b44-a106-8f3391ec914b",
        "record_type": "Complete Building or Structure Demolition - Residential",
        "status": "Closed",
        "year": "2023"
      },
      "type": "Feature"
    },
    {
      "geometry": {
        "coordinates": [
          [
            [
              -94.53780552994229,
              39.08058212094024
            ],
            [
              -94.53725185830494,
              39.08056426908151
            ],
            [
              -94.53724840521929,
              39.0806423616784
            ],
            [
              -94.53780216531577,
              39.0806598016707
            ],
            [
              -94.53780552994229,
              39.08058212094024
            ]
          ]
        ],
        "type": "Polygon"
      },
      "properties": {
        "address": "2444 Mersington Ave Kansas City MO 64127",
        "case_number": "CPDR-2023-00048",
        "category": "Complete Building or Structure Demolition - Residential",
        "date": "2023-03-01T04:26:15.493",
        "detail_url": "https://compasskc.kcmo.org/EnerGov_Prod/SelfService#/permit/60535d64-9065-4836-ac67-f93819faad50",
        "external_id": "60535d64-9065-4836-ac67-f93819faad50",
        "geometry_source": "KCMO parcels",
        "has_parcel_polygon": true,
        "match_method": "parcel_id",
        "match_status": "matched",
        "parcel_address": "2444 Mersington Ave",
        "parcel_id": "17115",
        "record_id": "case:60535d64-9065-4836-ac67-f93819faad50",
        "record_type": "Complete Building or Structure Demolition - Residential",
        "status": "Closed",
        "year": "2023"
      },
      "type": "Feature"
    },
    {
      "geometry": {
        "coordinates": [
          [
            [
              -94.55268004734397,
              39.08507978675176
            ],
            [
              -94.55225557620268,
              39.085065654967565
            ],
            [
              -94.55224536335756,
              39.085270853541765
            ],
            [
              -94.55267109888788,
              39.08528500824401
            ],
            [
              -94.55268004734397,
              39.08507978675176
            ]
          ]
        ],
        "type": "Polygon"
      },
      "properties": {
        "address": "2208 Prospect Ave Kansas City MO 64127",
        "case_number": "CPDR-2023-00050",
        "category": "Complete Building or Structure Demolition - Residential",
        "date": "2023-03-01T16:25:01.64",
        "detail_url": "https://compasskc.kcmo.org/EnerGov_Prod/SelfService#/permit/162f537a-0648-4467-8688-e49b1af77957",
        "external_id": "162f537a-0648-4467-8688-e49b1af77957",
        "geometry_source": "KCMO parcels",
        "has_parcel_polygon": true,
        "match_method": "parcel_id",
        "match_status": "matched",
        "parcel_address": "2208 Prospect Ave",
        "parcel_id": "13187",
        "record_id": "case:162f537a-0648-4467-8688-e49b1af77957",
        "record_type": "Complete Building or Structure Demolition - Residential",
        "status": "Closed",
        "year": "2023"
      },
      "type": "Feature"
    },
    {
      "geometry": {
        "coordinates": [
          [
            [
              -94.56485755695473,
              39.10599229198876
            ],
            [
              -94.5643078484458,
              39.105972827024154
            ],
            [
              -94.56427072019024,
              39.10673967013922
            ],
            [
              -94.5648223447122,
              39.1067604378352
            ],
            [
              -94.56485755695473,
              39.10599229198876
            ]
          ]
        ],
        "type": "Polygon"
      },
      "properties": {
        "address": "1409 Independence Ave Kansas City MO 64106",
        "case_number": "CPDC-2023-00034",
        "category": "Pre-Demolition Inspection - Commercial",
        "date": "2023-03-01T17:35:09.813",
        "detail_url": "https://compasskc.kcmo.org/EnerGov_Prod/SelfService#/permit/cc9360f6-0d01-4082-8708-cdcc5121aa75",
        "external_id": "cc9360f6-0d01-4082-8708-cdcc5121aa75",
        "geometry_source": "KCMO parcels",
        "has_parcel_polygon": true,
        "match_method": "parcel_id",
        "match_status": "matched",
        "parcel_address": "1409 Independence Ave",
        "parcel_id": "11919",
        "record_id": "case:cc9360f6-0d01-4082-8708-cdcc5121aa75",
        "record_type": "Pre-Demolition Inspection - Commercial",
        "status": "Issued",
        "year": "2023"
      },
      "type": "Feature"
    },
    {
      "geometry": {
        "coordinates": [
          [
            [
              -94.59594654034615,
              39.01129799369383
            ],
            [
              -94.59556238072989,
              39.01128023297188
            ],
            [
              -94.59554606055987,
              39.01144370846051
            ],
            [
              -94.59592960728337,
              39.011463574794575
            ],
            [
              -94.59594654034615,
              39.01129799369383
            ]
          ]
        ],
        "type": "Polygon"
      },
      "properties": {
        "address": "6419 Pennsylvania Ave Kansas City MO 64113",
        "case_number": "CPDR-2023-00051",
        "category": "Complete Building or Structure Demolition - Residential",
        "date": "2023-03-02T10:25:11.257",
        "detail_url": "https://compasskc.kcmo.org/EnerGov_Prod/SelfService#/permit/fd031a21-6761-4649-b1e8-18ab3889c41a",
        "external_id": "fd031a21-6761-4649-b1e8-18ab3889c41a",
        "geometry_source": "KCMO parcels",
        "has_parcel_polygon": true,
        "match_method": "parcel_id",
        "match_status": "matched",
        "parcel_address": "6419 Pennsylvania Ave",
        "parcel_id": "109068",
        "record_id": "case:fd031a21-6761-4649-b1e8-18ab3889c41a",
        "record_type": "Complete Building or Structure Demolition - Residential",
        "status": "Closed",
        "year": "2023"
      },
      "type": "Feature"
    },
    {
      "geometry": {
        "coordinates": [
          [
            [
              -94.55252652388901,
              39.057148433333694
            ],
            [
              -94.55335183280776,
              39.05717652193787
            ],
            [
              -94.55340562647054,
              39.056164064914775
            ],
            [
              -94.55295526492507,
              39.05614861975633
            ],
            [
              -94.55296163225145,
              39.05602965924901
            ],
            [
              -94.55250886667869,
              39.056014144243235
            ],
            [
              -94.55245166565543,
              39.0570771919981
            ],
            [
              -94.55245682111563,
              39.05710393797785
            ],
            [
              -94.5524684543052,
              39.05712100243915
            ],
            [
              -94.55248575051009,
              39.057134859886396
            ],
            [
              -94.55252652388901,
              39.057148433333694
            ]
          ]
        ],
        "type": "Polygon"
      },
      "properties": {
        "address": "3800 Montgall Ave Kansas City MO 64128",
        "case_number": "CPDR-2023-00036",
        "category": "Complete Building or Structure Demolition - Residential",
        "date": "2023-03-03T10:35:10.11",
        "detail_url": "https://compasskc.kcmo.org/EnerGov_Prod/SelfService#/permit/90fdf669-2a11-4df4-8c92-3268c31492dc",
        "external_id": "90fdf669-2a11-4df4-8c92-3268c31492dc",
        "geometry_source": "KCMO parcels",
        "has_parcel_polygon": true,
        "match_method": "address_geocode_point_in_polygon",
        "match_status": "matched",
        "parcel_address": "2601 E 38th St",
        "parcel_id": "295034",
        "record_id": "case:90fdf669-2a11-4df4-8c92-3268c31492dc",
        "record_type": "Complete Building or Structure Demolition - Residential",
        "status": "Issued",
        "year": "2023"
      },
      "type": "Feature"
    },
    {
      "geometry": {
        "coordinates": [
          [
            [
              -94.57596354660653,
              39.10341256064523
            ],
            [
              -94.57568749882991,
              39.103404023209436
            ],
            [
              -94.575681396569,
              39.10352003219946
            ],
            [
              -94.57581630890348,
              39.103524223233194
            ],
            [
              -94.57581400739656,
              39.10356881973922
            ],
            [
              -94.57595482103837,
              39.1035731200344
            ],
            [
              -94.57596354660653,
              39.10341256064523
            ]
          ]
        ],
        "type": "Polygon"
      },
      "properties": {
        "address": "606 E 9th St Kansas City MO 64106",
        "case_number": "CPDC-2023-00036",
        "category": "Complete Building Demolition - Commercial",
        "date": "2023-03-08T06:53:10.157",
        "detail_url": "https://compasskc.kcmo.org/EnerGov_Prod/SelfService#/permit/cb01967d-edf1-4240-ab02-c6d33fc66fd8",
        "external_id": "cb01967d-edf1-4240-ab02-c6d33fc66fd8",
        "geometry_source": "KCMO parcels",
        "has_parcel_polygon": true,
        "match_method": "parcel_id",
        "match_status": "matched",
        "parcel_address": "817 Cherry St",
        "parcel_id": "12589",
        "record_id": "case:cb01967d-edf1-4240-ab02-c6d33fc66fd8",
        "record_type": "Complete Building Demolition - Commercial",
        "status": "Closed",
        "year": "2023"
      },
      "type": "Feature"
    },
    {
      "geometry": {
        "coordinates": [
          [
            [
              -94.57595482103837,
              39.1035731200344
            ],
            [
              -94.57581400739656,
              39.10356881973922
            ],
            [
              -94.57581630890348,
              39.103524223233194
            ],
            [
              -94.575681396569,
              39.10352003219946
            ],
            [
              -94.57566766910138,
              39.10378202484442
            ],
            [
              -94.57548632740748,
              39.10377605556366
            ],
            [
              -94.57547698821044,
              39.10391369001289
            ],
            [
              -94.57593543954363,
              39.10392830937907
            ],
            [
              -94.57595482103837,
              39.1035731200344
            ]
          ]
        ],
        "type": "Polygon"
      },
      "properties": {
        "address": "815 Cherry St Kansas City MO 64106",
        "case_number": "CPDC-2023-00037",
        "category": "Complete Building Demolition - Commercial",
        "date": "2023-03-08T06:55:09.16",
        "detail_url": "https://compasskc.kcmo.org/EnerGov_Prod/SelfService#/permit/3438c6e6-708a-46c4-8f9e-e183462f8406",
        "external_id": "3438c6e6-708a-46c4-8f9e-e183462f8406",
        "geometry_source": "KCMO parcels",
        "has_parcel_polygon": true,
        "match_method": "parcel_id",
        "match_status": "matched",
        "parcel_address": "815 Cherry St",
        "parcel_id": "12588",
        "record_id": "case:3438c6e6-708a-46c4-8f9e-e183462f8406",
        "record_type": "Complete Building Demolition - Commercial",
        "status": "Closed",
        "year": "2023"
      },
      "type": "Feature"
    },
    {
      "geometry": {
        "coordinates": [
          [
            [
              -94.48261780021654,
              39.10792899779466
            ],
            [
              -94.48212524827306,
              39.10790904001899
            ],
            [
              -94.48211660564554,
              39.108058906460144
            ],
            [
              -94.48260854103576,
              39.10807941445983
            ],
            [
              -94.48261780021654,
              39.10792899779466
            ]
          ]
        ],
        "type": "Polygon"
      },
      "properties": {
        "address": "446 Booth Ave Kansas City MO 64125",
        "case_number": "CPDR-2023-00055",
        "category": "Complete Building or Structure Demolition - Residential",
        "date": "2023-03-08T09:02:30.403",
        "detail_url": "https://compasskc.kcmo.org/EnerGov_Prod/SelfService#/permit/fee7fc71-c0cc-46f1-93f1-d91c9265667d",
        "external_id": "fee7fc71-c0cc-46f1-93f1-d91c9265667d",
        "geometry_source": "KCMO parcels",
        "has_parcel_polygon": true,
        "match_method": "parcel_id",
        "match_status": "matched",
        "parcel_address": "446 Booth Ave",
        "parcel_id": "46802",
        "record_id": "case:fee7fc71-c0cc-46f1-93f1-d91c9265667d",
        "record_type": "Complete Building or Structure Demolition - Residential",
        "status": "Closed",
        "year": "2023"
      },
      "type": "Feature"
    },
    {
      "geometry": {
        "coordinates": [
          [
            [
              -94.51969303925614,
              39.09721623771137
            ],
            [
              -94.51931160518718,
              39.09720257308727
            ],
            [
              -94.51930573447292,
              39.09731471296451
            ],
            [
              -94.51968722629522,
              39.09732798805376
            ],
            [
              -94.51969303925614,
              39.09721623771137
            ]
          ]
        ],
        "type": "Polygon"
      },
      "properties": {
        "address": "1210 Hardesty Ave Kansas City MO 64127",
        "case_number": "CPDR-2023-00056",
        "category": "Complete Building or Structure Demolition - Residential",
        "date": "2023-03-08T09:02:33.067",
        "detail_url": "https://compasskc.kcmo.org/EnerGov_Prod/SelfService#/permit/f241c373-e649-4bd9-8ff6-902f3ada07d4",
        "external_id": "f241c373-e649-4bd9-8ff6-902f3ada07d4",
        "geometry_source": "KCMO parcels",
        "has_parcel_polygon": true,
        "match_method": "parcel_id",
        "match_status": "matched",
        "parcel_address": "1210 Hardesty Ave",
        "parcel_id": "9137",
        "record_id": "case:f241c373-e649-4bd9-8ff6-902f3ada07d4",
        "record_type": "Complete Building or Structure Demolition - Residential",
        "status": "Closed",
        "year": "2023"
      },
      "type": "Feature"
    },
    {
      "geometry": {
        "coordinates": [
          [
            [
              -94.58948683055887,
              39.100251701258586
            ],
            [
              -94.58856521251995,
              39.100219639827856
            ],
            [
              -94.58852751798781,
              39.10095459609166
            ],
            [
              -94.58945228790907,
              39.100986884773214
            ],
            [
              -94.58948683055887,
              39.100251701258586
            ]
          ]
        ],
        "type": "Polygon"
      },
      "properties": {
        "address": "416 W 12th St Kansas City MO 64105",
        "case_number": "CPDC-2023-00038",
        "category": "Complete Building Demolition - Commercial",
        "date": "2023-03-09T13:17:30.917",
        "detail_url": "https://compasskc.kcmo.org/EnerGov_Prod/SelfService#/permit/29f9f21a-bf75-4d0f-8500-1e36f476e541",
        "external_id": "29f9f21a-bf75-4d0f-8500-1e36f476e541",
        "geometry_source": "KCMO parcels",
        "has_parcel_polygon": true,
        "match_method": "parcel_id",
        "match_status": "matched",
        "parcel_address": "416 W 12th St",
        "parcel_id": "123012",
        "record_id": "case:29f9f21a-bf75-4d0f-8500-1e36f476e541",
        "record_type": "Complete Building Demolition - Commercial",
        "status": "Issued",
        "year": "2023"
      },
      "type": "Feature"
    },
    {
      "geometry": {
        "coordinates": [
          [
            [
              -94.55206060938717,
              38.95052593515855
            ],
            [
              -94.55254549287713,
              38.95059329259179
            ],
            [
              -94.55296950430176,
              38.95029723683288
            ],
            [
              -94.55261891249157,
              38.949991073397946
            ],
            [
              -94.55238497849089,
              38.94956833537465
            ],
            [
              -94.55212683462523,
              38.94918120694132
            ],
            [
              -94.55215345871856,
              38.94910844571726
            ],
            [
              -94.55095668278308,
              38.94908640708308
            ],
            [
              -94.55078730308959,
              38.9488293370059
            ],
            [
              -94.55017749152745,
              38.94880413616558
            ],
            [
              -94.55018545725338,
              38.94886166182384
            ],
            [
              -94.55018672390355,
              38.94897770048392
            ],
            [
              -94.55008696899449,
              38.95032928584008
            ],
            [
              -94.5506141725905,
              38.95035032656768
            ],
            [
              -94.55132442066275,
              38.949858499029396
            ],
            [
              -94.5515697549096,
              38.949852965169526
            ],
            [
              -94.55206060938717,
              38.95052593515855
            ]
          ],
          [
            [
              -94.55070239830413,
              38.94935477056971
            ],
            [
              -94.55070995351026,
              38.94916815210259
            ],
            [
              -94.55100517125716,
              38.94917543929611
            ],
            [
              -94.55099761755655,
              38.94936205720926
            ],
            [
              -94.55070239830413,
              38.94935477056971
            ]
          ],
          [
            [
              -94.55103166846665,
              38.949327681501586
            ],
            [
              -94.55103922280655,
              38.949141063012846
            ],
            [
              -94.55133444047388,
              38.94914834937366
            ],
            [
              -94.55132688763946,
              38.949334967308396
            ],
            [
              -94.55103166846665,
              38.949327681501586
            ]
          ]
        ],
        "type": "Polygon"
      },
      "properties": {
        "address": "9700 Grandview Rd Kansas City MO 64137",
        "case_number": "CPDC-2023-00040",
        "category": "Complete Building Demolition - Commercial",
        "date": "2023-03-09T15:00:36.043",
        "detail_url": "https://compasskc.kcmo.org/EnerGov_Prod/SelfService#/permit/260a4318-8d38-4de7-857b-8dd0b00142b2",
        "external_id": "260a4318-8d38-4de7-857b-8dd0b00142b2",
        "geometry_source": "KCMO parcels",
        "has_parcel_polygon": true,
        "match_method": "parcel_id",
        "match_status": "matched",
        "parcel_id": "293737",
        "record_id": "case:260a4318-8d38-4de7-857b-8dd0b00142b2",
        "record_type": "Complete Building Demolition - Commercial",
        "status": "Closed",
        "year": "2023"
      },
      "type": "Feature"
    },
    {
      "geometry": {
        "coordinates": [
          [
            [
              -94.53313556264288,
              39.07009029660808
            ],
            [
              -94.53263105183605,
              39.070074627652666
            ],
            [
              -94.53262415852262,
              39.070211754852195
            ],
            [
              -94.53312861087662,
              39.070227446162306
            ],
            [
              -94.53313556264288,
              39.07009029660808
            ]
          ]
        ],
        "type": "Polygon"
      },
      "properties": {
        "address": "3023 Spruce Ave Kansas City MO 64128",
        "case_number": "CPDR-2023-00060",
        "category": "Pre-Demolition Inspection - Residential",
        "date": "2023-03-13T11:33:08.937",
        "detail_url": "https://compasskc.kcmo.org/EnerGov_Prod/SelfService#/permit/6fe44236-6cc2-4e12-ae09-bf5c5209bc91",
        "external_id": "6fe44236-6cc2-4e12-ae09-bf5c5209bc91",
        "geometry_source": "KCMO parcels",
        "has_parcel_polygon": true,
        "match_method": "parcel_id",
        "match_status": "matched",
        "parcel_address": "3023 Spruce Ave",
        "parcel_id": "22504",
        "record_id": "case:6fe44236-6cc2-4e12-ae09-bf5c5209bc91",
        "record_type": "Pre-Demolition Inspection - Residential",
        "status": "Issued",
        "year": "2023"
      },
      "type": "Feature"
    },
    {
      "geometry": {
        "coordinates": [
          [
            [
              -94.56241398684814,
              38.97830258481699
            ],
            [
              -94.56197463934525,
              38.97828465132164
            ],
            [
              -94.56196769399816,
              38.978421599383154
            ],
            [
              -94.56240742196391,
              38.97843953212848
            ],
            [
              -94.56241398684814,
              38.97830258481699
            ]
          ]
        ],
        "type": "Polygon"
      },
      "properties": {
        "address": "8153 Brooklyn Ave Kansas City MO 64132",
        "case_number": "CPDR-2023-00057",
        "category": "Complete Building or Structure Demolition - Residential",
        "date": "2023-03-13T13:31:13.33",
        "detail_url": "https://compasskc.kcmo.org/EnerGov_Prod/SelfService#/permit/9c66b76d-2e77-4248-bedd-03a81bc47f0a",
        "external_id": "9c66b76d-2e77-4248-bedd-03a81bc47f0a",
        "geometry_source": "KCMO parcels",
        "has_parcel_polygon": true,
        "match_method": "parcel_id",
        "match_status": "matched",
        "parcel_address": "8153 Brooklyn Ave",
        "parcel_id": "117516",
        "record_id": "case:9c66b76d-2e77-4248-bedd-03a81bc47f0a",
        "record_type": "Complete Building or Structure Demolition - Residential",
        "status": "Closed",
        "year": "2023"
      },
      "type": "Feature"
    },
    {
      "geometry": {
        "coordinates": [
          [
            [
              -94.5112535472915,
              39.18818735394502
            ],
            [
              -94.51094795217544,
              39.188000221245794
            ],
            [
              -94.51090214529479,
              39.18800008883039
            ],
            [
              -94.51070706949697,
              39.18819566524499
            ],
            [
              -94.51103921673939,
              39.18839949813778
            ],
            [
              -94.5112535472915,
              39.18818735394502
            ]
          ]
        ],
        "type": "Polygon"
      },
      "properties": {
        "address": "5807 NE Gunn Ave Kansas City MO 64119",
        "case_number": "CPDR-2023-00061",
        "category": "Partial Building Demolition - Residential",
        "date": "2023-03-13T14:39:06.183",
        "detail_url": "https://compasskc.kcmo.org/EnerGov_Prod/SelfService#/permit/22a68407-3f02-4327-99ef-33d79be95bcf",
        "external_id": "22a68407-3f02-4327-99ef-33d79be95bcf",
        "geometry_source": "KCMO parcels",
        "has_parcel_polygon": true,
        "match_method": "parcel_id",
        "match_status": "matched",
        "parcel_address": "5807 NE Gunn Ave",
        "parcel_id": "81970",
        "record_id": "case:22a68407-3f02-4327-99ef-33d79be95bcf",
        "record_type": "Partial Building Demolition - Residential",
        "status": "Voided-City",
        "year": "2023"
      },
      "type": "Feature"
    },
    {
      "geometry": {
        "coordinates": [
          [
            [
              -94.57661750868654,
              38.96635680002123
            ],
            [
              -94.57634778816025,
              38.96628561026885
            ],
            [
              -94.57586565863735,
              38.96626510276888
            ],
            [
              -94.57582049561307,
              38.967092242252384
            ],
            [
              -94.57657551638897,
              38.96712565925143
            ],
            [
              -94.57661750868654,
              38.96635680002123
            ]
          ]
        ],
        "type": "Polygon"
      },
      "properties": {
        "address": "8823 Troost Ave Kansas City MO 64131",
        "case_number": "CPDC-2023-00039",
        "category": "Pre-Demolition Inspection - Commercial",
        "date": "2023-03-14T09:45:09.797",
        "detail_url": "https://compasskc.kcmo.org/EnerGov_Prod/SelfService#/permit/d726c3fa-48fd-4789-8c5b-f518b6a69398",
        "external_id": "d726c3fa-48fd-4789-8c5b-f518b6a69398",
        "geometry_source": "KCMO parcels",
        "has_parcel_polygon": true,
        "match_method": "parcel_id",
        "match_status": "matched",
        "parcel_address": "8825 Troost Ave",
        "parcel_id": "150804",
        "record_id": "case:d726c3fa-48fd-4789-8c5b-f518b6a69398",
        "record_type": "Pre-Demolition Inspection - Commercial",
        "status": "Issued",
        "year": "2023"
      },
      "type": "Feature"
    },
    {
      "geometry": {
        "coordinates": [
          [
            [
              -94.42586590330073,
              38.97542153114598
            ],
            [
              -94.42284168381909,
              38.975287890137395
            ],
            [
              -94.42281224352568,
              38.975836606535786
            ],
            [
              -94.42581714192187,
              38.97596941344378
            ],
            [
              -94.42586590330073,
              38.97542153114598
            ]
          ]
        ],
        "type": "Polygon"
      },
      "properties": {
        "address": "8001 Noland Rd Kansas City MO 64139",
        "case_number": "CPDR-2023-00059",
        "category": "Complete Building or Structure Demolition - Residential",
        "date": "2023-03-14T13:30:22.36",
        "detail_url": "https://compasskc.kcmo.org/EnerGov_Prod/SelfService#/permit/a1ce0044-e8bb-410a-881a-51c70a2f7acf",
        "external_id": "a1ce0044-e8bb-410a-881a-51c70a2f7acf",
        "geometry_source": "KCMO parcels",
        "has_parcel_polygon": true,
        "match_method": "parcel_id",
        "match_status": "matched",
        "parcel_address": "8001 Noland Rd",
        "parcel_id": "65760",
        "record_id": "case:a1ce0044-e8bb-410a-881a-51c70a2f7acf",
        "record_type": "Complete Building or Structure Demolition - Residential",
        "status": "Issued",
        "year": "2023"
      },
      "type": "Feature"
    },
    {
      "geometry": {
        "coordinates": [
          [
            [
              -94.4944939747671,
              38.98100008608091
            ],
            [
              -94.49396729723624,
              38.980985530500504
            ],
            [
              -94.4937906332447,
              38.98446700343079
            ],
            [
              -94.49431528354427,
              38.984482657996885
            ],
            [
              -94.4944939747671,
              38.98100008608091
            ]
          ]
        ],
        "type": "Polygon"
      },
      "properties": {
        "address": "8018 E 79th St Kansas City MO 64138",
        "case_number": "CPDR-2023-00049",
        "category": "Complete Building or Structure Demolition - Residential",
        "date": "2023-03-15T06:52:13.36",
        "detail_url": "https://compasskc.kcmo.org/EnerGov_Prod/SelfService#/permit/cddca4b0-e92b-4c84-b5ae-3f4a15a3a76a",
        "external_id": "cddca4b0-e92b-4c84-b5ae-3f4a15a3a76a",
        "geometry_source": "KCMO parcels",
        "has_parcel_polygon": true,
        "match_method": "parcel_id",
        "match_status": "matched",
        "parcel_address": "8018 E 79th St",
        "parcel_id": "53698",
        "record_id": "case:cddca4b0-e92b-4c84-b5ae-3f4a15a3a76a",
        "record_type": "Complete Building or Structure Demolition - Residential",
        "status": "Closed",
        "year": "2023"
      },
      "type": "Feature"
    },
    {
      "geometry": {
        "coordinates": [
          [
            [
              -94.65743778011112,
              39.242485785065675
            ],
            [
              -94.6543284692203,
              39.242452674678205
            ],
            [
              -94.65432426494895,
              39.24291108336084
            ],
            [
              -94.65430785262812,
              39.243075086883714
            ],
            [
              -94.65428437356547,
              39.2431831350035
            ],
            [
              -94.6542510933076,
              39.24328952584883
            ],
            [
              -94.6542004839893,
              39.243410880339574
            ],
            [
              -94.6541477421488,
              39.24351214831781
            ],
            [
              -94.65408613604313,
              39.24361036320658
            ],
            [
              -94.65400207646066,
              39.24372018394384
            ],
            [
              -94.65392014945833,
              39.243809616765425
            ],
            [
              -94.65381420027643,
              39.243907843764525
            ],
            [
              -94.65371524051481,
              39.2439864989474
            ],
            [
              -94.653609619772,
              39.24405951087102
            ],
            [
              -94.65345956998557,
              39.24414699742922
            ],
            [
              -94.65331662559895,
              39.244214772949945
            ],
            [
              -94.65330270351721,
              39.24422597964865
            ],
            [
              -94.65329385475496,
              39.24424351688696
            ],
            [
              -94.6532959847795,
              39.244262299225426
            ],
            [
              -94.65332826037074,
              39.24431526995476
            ],
            [
              -94.65340571913747,
              39.24441529074532
            ],
            [
              -94.65347481088561,
              39.244484435505484
            ],
            [
              -94.65365739818633,
              39.24463625654084
            ],
            [
              -94.6536512184851,
              39.24474357182609
            ],
            [
              -94.65363006157844,
              39.24591711975425
            ],
            [
              -94.6547097767996,
              39.24593779332409
            ],
            [
              -94.65502061021671,
              39.2461584012425
            ],
            [
              -94.65511921381481,
              39.246064279076315
            ],
            [
              -94.65523222336478,
              39.24597832813078
            ],
            [
              -94.65534012568263,
              39.24591228957534
            ],
            [
              -94.65548997392047,
              39.24583882753611
            ],
            [
              -94.65558463642094,
              39.24579964478793
            ],
            [
              -94.65568366866924,
              39.24576754895379
            ],
            [
              -94.65617200879423,
              39.245648308182844
            ],
            [
              -94.65627754332985,
              39.24561547038913
            ],
            [
              -94.65636344477932,
              39.24558005167083
            ],
            [
              -94.65644397646082,
              39.24553818619651
            ],
            [
              -94.65652348309145,
              39.24548529612178
            ],
            [
              -94.65658249027655,
              39.24543719089872
            ],
            [
              -94.65665421607301,
              39.24536515940275
            ],
            [
              -94.6567237831384,
              39.24527549020592
            ],
            [
              -94.65676935453203,
              39.24519299128713
            ],
            [
              -94.65680094194079,
              39.245106989355925
            ],
            [
              -94.65727707760327,
              39.24330723810327
            ],
            [
              -94.65743778011112,
              39.242485785065675
            ]
          ]
        ],
        "type": "Polygon"
      },
      "properties": {
        "address": "6513 NW Barry Rd Kansas City MO 64151",
        "case_number": "CPDC-2023-00049",
        "category": "Partial Building Demolition - Commercial",
        "date": "2023-03-15T09:36:15.737",
        "detail_url": "https://compasskc.kcmo.org/EnerGov_Prod/SelfService#/permit/8ea7ec15-27b3-4fb0-b6c2-4d65c8fe183f",
        "external_id": "8ea7ec15-27b3-4fb0-b6c2-4d65c8fe183f",
        "geometry_source": "KCMO parcels",
        "has_parcel_polygon": true,
        "match_method": "parcel_id",
        "match_status": "matched",
        "parcel_address": "8101 NW Roanridge Rd",
        "parcel_id": "160592",
        "record_id": "case:8ea7ec15-27b3-4fb0-b6c2-4d65c8fe183f",
        "record_type": "Partial Building Demolition - Commercial",
        "status": "Issued",
        "year": "2023"
      },
      "type": "Feature"
    },
    {
      "geometry": {
        "coordinates": [
          [
            [
              -94.50336977167562,
              39.09188106184048
            ],
            [
              -94.50230393219081,
              39.09185184677019
            ],
            [
              -94.50221284830523,
              39.09352399406583
            ],
            [
              -94.50328141344156,
              39.09355247884436
            ],
            [
              -94.50336977167562,
              39.09188106184048
            ]
          ]
        ],
        "type": "Polygon"
      },
      "properties": {
        "address": "6801 E Truman Rd Kansas City MO 64126",
        "case_number": "CPDC-2023-00051",
        "category": "Pre-Demolition Inspection - Commercial",
        "date": "2023-03-15T10:09:08.37",
        "detail_url": "https://compasskc.kcmo.org/EnerGov_Prod/SelfService#/permit/ae1b2750-3850-4ec7-8f56-b3a7ab1bfb0a",
        "external_id": "ae1b2750-3850-4ec7-8f56-b3a7ab1bfb0a",
        "geometry_source": "KCMO parcels",
        "has_parcel_polygon": true,
        "match_method": "parcel_id",
        "match_status": "matched",
        "parcel_address": "6801 E Truman Rd",
        "parcel_id": "7238",
        "record_id": "case:ae1b2750-3850-4ec7-8f56-b3a7ab1bfb0a",
        "record_type": "Pre-Demolition Inspection - Commercial",
        "status": "Issued",
        "year": "2023"
      },
      "type": "Feature"
    },
    {
      "geometry": {
        "coordinates": [
          [
            [
              -94.55443015535283,
              39.05890563342112
            ],
            [
              -94.55397015239794,
              39.05889017381161
            ],
            [
              -94.55396462106283,
              39.05898645900271
            ],
            [
              -94.55442447785126,
              39.059001850059275
            ],
            [
              -94.55443015535283,
              39.05890563342112
            ]
          ]
        ],
        "type": "Polygon"
      },
      "properties": {
        "address": "3709 Wabash Ave Kansas City MO 64128",
        "case_number": "CPDR-2023-00063",
        "category": "Complete Building or Structure Demolition - Residential",
        "date": "2023-03-15T14:04:10.573",
        "detail_url": "https://compasskc.kcmo.org/EnerGov_Prod/SelfService#/permit/dd6dacce-1ec6-4759-bd99-98359d638cb3",
        "external_id": "dd6dacce-1ec6-4759-bd99-98359d638cb3",
        "geometry_source": "KCMO parcels",
        "has_parcel_polygon": true,
        "match_method": "parcel_id",
        "match_status": "matched",
        "parcel_address": "3709 Wabash Ave",
        "parcel_id": "134286",
        "record_id": "case:dd6dacce-1ec6-4759-bd99-98359d638cb3",
        "record_type": "Complete Building or Structure Demolition - Residential",
        "status": "Closed",
        "year": "2023"
      },
      "type": "Feature"
    },
    {
      "geometry": {
        "coordinates": [
          [
            [
              -94.5865876196664,
              39.07149380225181
            ],
            [
              -94.5871183382998,
              39.071511573199636
            ],
            [
              -94.58713724086728,
              39.0712008154871
            ],
            [
              -94.58660681649258,
              39.071181143582265
            ],
            [
              -94.5865876196664,
              39.07149380225181
            ]
          ]
        ],
        "type": "Polygon"
      },
      "properties": {
        "address": "100 W 31st St Kansas City MO 64108",
        "case_number": "CPDC-2023-00050",
        "category": "Pre-Demolition Inspection - Commercial",
        "date": "2023-03-15T14:45:11.357",
        "detail_url": "https://compasskc.kcmo.org/EnerGov_Prod/SelfService#/permit/4fe0be31-0506-4f73-9f3f-6241ea929843",
        "external_id": "4fe0be31-0506-4f73-9f3f-6241ea929843",
        "geometry_source": "KCMO parcels",
        "has_parcel_polygon": true,
        "match_method": "parcel_id",
        "match_status": "matched",
        "parcel_address": "100 W 31st St",
        "parcel_id": "127266",
        "record_id": "case:4fe0be31-0506-4f73-9f3f-6241ea929843",
        "record_type": "Pre-Demolition Inspection - Commercial",
        "status": "Issued",
        "year": "2023"
      },
      "type": "Feature"
    },
    {
      "geometry": {
        "coordinates": [
          [
            [
              -94.51501425549277,
              39.10039135642237
            ],
            [
              -94.51489879276932,
              39.10038686316495
            ],
            [
              -94.51487353745601,
              39.1009342182861
            ],
            [
              -94.51499092922143,
              39.10089528376995
            ],
            [
              -94.51501425549277,
              39.10039135642237
            ]
          ]
        ],
        "type": "Polygon"
      },
      "properties": {
        "address": "5637 Winner Rd Kansas City MO 64127",
        "case_number": "CPDR-2023-00066",
        "category": "Complete Building or Structure Demolition - Residential",
        "date": "2023-03-16T08:56:18.017",
        "detail_url": "https://compasskc.kcmo.org/EnerGov_Prod/SelfService#/permit/a44fecb9-1474-4fa5-a53b-f8f0db5a137d",
        "external_id": "a44fecb9-1474-4fa5-a53b-f8f0db5a137d",
        "geometry_source": "KCMO parcels",
        "has_parcel_polygon": true,
        "match_method": "parcel_id",
        "match_status": "matched",
        "parcel_address": "5637 Winner Rd",
        "parcel_id": "7701",
        "record_id": "case:a44fecb9-1474-4fa5-a53b-f8f0db5a137d",
        "record_type": "Complete Building or Structure Demolition - Residential",
        "status": "Closed",
        "year": "2023"
      },
      "type": "Feature"
    },
    {
      "geometry": {
        "coordinates": [
          [
            [
              -94.56561035506289,
              39.06628894897939
            ],
            [
              -94.56515444012587,
              39.06627421764242
            ],
            [
              -94.56514527163809,
              39.06645289911375
            ],
            [
              -94.56560089413185,
              39.06646753855495
            ],
            [
              -94.56561035506289,
              39.06628894897939
            ]
          ]
        ],
        "type": "Polygon"
      },
      "properties": {
        "address": "3305 Flora Ave Kansas City MO 64109",
        "case_number": "CPDR-2023-00065",
        "category": "Complete Building or Structure Demolition - Residential",
        "date": "2023-03-16T08:56:20.28",
        "detail_url": "https://compasskc.kcmo.org/EnerGov_Prod/SelfService#/permit/fd90c96d-8df5-44a9-b2cc-0f5e9b844fa5",
        "external_id": "fd90c96d-8df5-44a9-b2cc-0f5e9b844fa5",
        "geometry_source": "KCMO parcels",
        "has_parcel_polygon": true,
        "match_method": "parcel_id",
        "match_status": "matched",
        "parcel_address": "3305 Flora Ave",
        "parcel_id": "125981",
        "record_id": "case:fd90c96d-8df5-44a9-b2cc-0f5e9b844fa5",
        "record_type": "Complete Building or Structure Demolition - Residential",
        "status": "Closed",
        "year": "2023"
      },
      "type": "Feature"
    },
    {
      "geometry": {
        "coordinates": [
          [
            [
              -94.58766132775771,
              39.19936273256312
            ],
            [
              -94.58733624349077,
              39.19935954465475
            ],
            [
              -94.58732929317559,
              39.19980230648303
            ],
            [
              -94.58765834937086,
              39.199805559490365
            ],
            [
              -94.58766132775771,
              39.19936273256312
            ]
          ]
        ],
        "type": "Polygon"
      },
      "properties": {
        "address": "421 NE 58th St Kansas City MO 64118",
        "case_number": "CPDR-2023-00047",
        "category": "Complete Building or Structure Demolition - Residential",
        "date": "2023-03-16T13:55:09.6",
        "detail_url": "https://compasskc.kcmo.org/EnerGov_Prod/SelfService#/permit/477757e6-c8a2-4ff4-8548-b697123a4c2d",
        "external_id": "477757e6-c8a2-4ff4-8548-b697123a4c2d",
        "geometry_source": "KCMO parcels",
        "has_parcel_polygon": true,
        "match_method": "parcel_id",
        "match_status": "matched",
        "parcel_address": "421 NW 58th St",
        "parcel_id": "96957",
        "record_id": "case:477757e6-c8a2-4ff4-8548-b697123a4c2d",
        "record_type": "Complete Building or Structure Demolition - Residential",
        "status": "Closed",
        "year": "2023"
      },
      "type": "Feature"
    },
    {
      "geometry": {
        "coordinates": [
          [
            [
              -94.58262135168313,
              38.91679521412779
            ],
            [
              -94.58167997494694,
              38.91673942809085
            ],
            [
              -94.58166008660368,
              38.917019464690924
            ],
            [
              -94.5826001782859,
              38.917075228911926
            ],
            [
              -94.58262135168313,
              38.91679521412779
            ]
          ]
        ],
        "type": "Polygon"
      },
      "properties": {
        "address": "11508 Campbell St Kansas City MO 64131",
        "case_number": "CPDR-2023-00070",
        "category": "Complete Building or Structure Demolition - Residential",
        "date": "2023-03-16T13:58:52.397",
        "detail_url": "https://compasskc.kcmo.org/EnerGov_Prod/SelfService#/permit/2970d046-5d5f-490f-8e22-ea139d910ec0",
        "external_id": "2970d046-5d5f-490f-8e22-ea139d910ec0",
        "geometry_source": "KCMO parcels",
        "has_parcel_polygon": true,
        "match_method": "parcel_id",
        "match_status": "matched",
        "parcel_address": "11508 Campbell St",
        "parcel_id": "156785",
        "record_id": "case:2970d046-5d5f-490f-8e22-ea139d910ec0",
        "record_type": "Complete Building or Structure Demolition - Residential",
        "status": "Hold",
        "year": "2023"
      },
      "type": "Feature"
    },
    {
      "geometry": {
        "coordinates": [
          [
            [
              -94.59038014651406,
              39.01368366711891
            ],
            [
              -94.59031559093162,
              39.01368072026915
            ],
            [
              -94.59032364063908,
              39.01353061506563
            ],
            [
              -94.59013047276301,
              39.013522228690015
            ],
            [
              -94.59012532109764,
              39.013622681527465
            ],
            [
              -94.58994056862099,
              39.013614677885904
            ],
            [
              -94.5899286841335,
              39.01384066007562
            ],
            [
              -94.5903683471555,
              39.013860798863824
            ],
            [
              -94.59038014651406,
              39.01368366711891
            ]
          ]
        ],
        "type": "Polygon"
      },
      "properties": {
        "address": "115 W 63rd St Kansas City MO 64113",
        "case_number": "CPDC-2023-00056",
        "category": "Partial Building Demolition - Commercial",
        "date": "2023-03-16T16:39:27.92",
        "detail_url": "https://compasskc.kcmo.org/EnerGov_Prod/SelfService#/permit/7eef4907-29c8-42bc-8143-c4b3a998c8d9",
        "external_id": "7eef4907-29c8-42bc-8143-c4b3a998c8d9",
        "geometry_source": "KCMO parcels",
        "has_parcel_polygon": true,
        "match_method": "parcel_id",
        "match_status": "matched",
        "parcel_address": "109 W 63rd St",
        "parcel_id": "107133",
        "record_id": "case:7eef4907-29c8-42bc-8143-c4b3a998c8d9",
        "record_type": "Partial Building Demolition - Commercial",
        "status": "Voided-City",
        "year": "2023"
      },
      "type": "Feature"
    },
    {
      "geometry": {
        "coordinates": [
          [
            [
              -94.5865876196664,
              39.07149380225181
            ],
            [
              -94.5871183382998,
              39.071511573199636
            ],
            [
              -94.58713724086728,
              39.0712008154871
            ],
            [
              -94.58660681649258,
              39.071181143582265
            ],
            [
              -94.5865876196664,
              39.07149380225181
            ]
          ]
        ],
        "type": "Polygon"
      },
      "properties": {
        "address": "100 W 31st St Kansas City MO 64108",
        "case_number": "CPDC-2023-00054",
        "category": "Complete Building Demolition - Commercial",
        "date": "2023-03-17T14:35:10.5",
        "detail_url": "https://compasskc.kcmo.org/EnerGov_Prod/SelfService#/permit/3fa4cfad-3fa5-485f-a8ee-1da39c910a04",
        "external_id": "3fa4cfad-3fa5-485f-a8ee-1da39c910a04",
        "geometry_source": "KCMO parcels",
        "has_parcel_polygon": true,
        "match_method": "parcel_id",
        "match_status": "matched",
        "parcel_address": "100 W 31st St",
        "parcel_id": "127266",
        "record_id": "case:3fa4cfad-3fa5-485f-a8ee-1da39c910a04",
        "record_type": "Complete Building Demolition - Commercial",
        "status": "Issued",
        "year": "2023"
      },
      "type": "Feature"
    },
    {
      "geometry": {
        "coordinates": [
          [
            [
              -94.51075086824942,
              39.208396729969
            ],
            [
              -94.51072922452154,
              39.208026231786285
            ],
            [
              -94.51043477801616,
              39.208024931473716
            ],
            [
              -94.51043058651696,
              39.20851756689192
            ],
            [
              -94.51074979885644,
              39.20851980302339
            ],
            [
              -94.51075086824942,
              39.208396729969
            ]
          ]
        ],
        "type": "Polygon"
      },
      "properties": {
        "address": "5820 NE 63rd St Kansas City MO 64119",
        "case_number": "CPDR-2023-00071",
        "category": "Complete Building or Structure Demolition - Residential",
        "date": "2023-03-20T14:32:11.073",
        "detail_url": "https://compasskc.kcmo.org/EnerGov_Prod/SelfService#/permit/e6ae9e69-6451-4b7f-9020-1b0d77592029",
        "external_id": "e6ae9e69-6451-4b7f-9020-1b0d77592029",
        "geometry_source": "KCMO parcels",
        "has_parcel_polygon": true,
        "match_method": "parcel_id",
        "match_status": "matched",
        "parcel_address": "5820 NE 63rd St",
        "parcel_id": "89341",
        "record_id": "case:e6ae9e69-6451-4b7f-9020-1b0d77592029",
        "record_type": "Complete Building or Structure Demolition - Residential",
        "status": "In Review",
        "year": "2023"
      },
      "type": "Feature"
    },
    {
      "geometry": {
        "coordinates": [
          [
            [
              -94.5953127713043,
              39.03795142737604
            ],
            [
              -94.59496048654768,
              39.03794089202116
            ],
            [
              -94.59493376392975,
              39.03836121416362
            ],
            [
              -94.59528590493497,
              39.038372389808984
            ],
            [
              -94.5953127713043,
              39.03795142737604
            ]
          ]
        ],
        "type": "Polygon"
      },
      "properties": {
        "address": "710 W 49th Ter Kansas City MO 64112",
        "case_number": "CPDR-2023-00067",
        "category": "Complete Building or Structure Demolition - Residential",
        "date": "2023-03-20T16:38:08.777",
        "detail_url": "https://compasskc.kcmo.org/EnerGov_Prod/SelfService#/permit/f7b71714-3ae9-44c9-9546-8b7cc0e3a992",
        "external_id": "f7b71714-3ae9-44c9-9546-8b7cc0e3a992",
        "geometry_source": "KCMO parcels",
        "has_parcel_polygon": true,
        "match_method": "parcel_id",
        "match_status": "matched",
        "parcel_address": "710 W 49th Ter",
        "parcel_id": "142563",
        "record_id": "case:f7b71714-3ae9-44c9-9546-8b7cc0e3a992",
        "record_type": "Complete Building or Structure Demolition - Residential",
        "status": "Closed",
        "year": "2023"
      },
      "type": "Feature"
    },
    {
      "geometry": {
        "coordinates": [
          [
            [
              -94.59493376392975,
              39.03836121416362
            ],
            [
              -94.59496048581421,
              39.03794089202177
            ],
            [
              -94.59478434347433,
              39.03793562394531
            ],
            [
              -94.59475757611192,
              39.03835562575156
            ],
            [
              -94.59493376392975,
              39.03836121416362
            ]
          ]
        ],
        "type": "Polygon"
      },
      "properties": {
        "address": "606 W 49th Ter Kansas City MO 64112",
        "case_number": "CPDR-2023-00068",
        "category": "Complete Building or Structure Demolition - Residential",
        "date": "2023-03-20T16:38:14.073",
        "detail_url": "https://compasskc.kcmo.org/EnerGov_Prod/SelfService#/permit/0c1c3029-f7d4-4a46-9d55-834ad5a8fb78",
        "external_id": "0c1c3029-f7d4-4a46-9d55-834ad5a8fb78",
        "geometry_source": "KCMO parcels",
        "has_parcel_polygon": true,
        "match_method": "address_geocode_point_in_polygon",
        "match_status": "matched",
        "parcel_address": "612 W 49th Ter",
        "parcel_id": "295771",
        "record_id": "case:0c1c3029-f7d4-4a46-9d55-834ad5a8fb78",
        "record_type": "Complete Building or Structure Demolition - Residential",
        "status": "Closed",
        "year": "2023"
      },
      "type": "Feature"
    },
    {
      "geometry": {
        "coordinates": [
          [
            [
              -94.53923957630938,
              39.15998332300516
            ],
            [
              -94.53839979754446,
              39.15997216249812
            ],
            [
              -94.53839441333335,
              39.160177494632556
            ],
            [
              -94.53923481235013,
              39.160188470781115
            ],
            [
              -94.53923957630938,
              39.15998332300516
            ]
          ]
        ],
        "type": "Polygon"
      },
      "properties": {
        "address": "3619 N Bales Ave Kansas City MO 64117",
        "case_number": "CPDR-2023-00072",
        "category": "Complete Building or Structure Demolition - Residential",
        "date": "2023-03-21T13:34:19.813",
        "detail_url": "https://compasskc.kcmo.org/EnerGov_Prod/SelfService#/permit/f207a515-0e5f-4ec6-9ddf-665384187b8f",
        "external_id": "f207a515-0e5f-4ec6-9ddf-665384187b8f",
        "geometry_source": "KCMO parcels",
        "has_parcel_polygon": true,
        "match_method": "parcel_id",
        "match_status": "matched",
        "parcel_address": "3619 N Bales Ave",
        "parcel_id": "78040",
        "record_id": "case:f207a515-0e5f-4ec6-9ddf-665384187b8f",
        "record_type": "Complete Building or Structure Demolition - Residential",
        "status": "Closed",
        "year": "2023"
      },
      "type": "Feature"
    },
    {
      "geometry": {
        "coordinates": [
          [
            [
              -94.50336977167562,
              39.09188106184048
            ],
            [
              -94.50230393219081,
              39.09185184677019
            ],
            [
              -94.50221284830523,
              39.09352399406583
            ],
            [
              -94.50328141344156,
              39.09355247884436
            ],
            [
              -94.50336977167562,
              39.09188106184048
            ]
          ]
        ],
        "type": "Polygon"
      },
      "properties": {
        "address": "6801 E Truman Rd Kansas City MO 64126",
        "case_number": "CPDC-2023-00059",
        "category": "Complete Building Demolition - Commercial",
        "date": "2023-03-22T14:14:01.55",
        "detail_url": "https://compasskc.kcmo.org/EnerGov_Prod/SelfService#/permit/07f5d5b7-6c08-42be-b910-997a93b809f4",
        "external_id": "07f5d5b7-6c08-42be-b910-997a93b809f4",
        "geometry_source": "KCMO parcels",
        "has_parcel_polygon": true,
        "match_method": "parcel_id",
        "match_status": "matched",
        "parcel_address": "6801 E Truman Rd",
        "parcel_id": "7238",
        "record_id": "case:07f5d5b7-6c08-42be-b910-997a93b809f4",
        "record_type": "Complete Building Demolition - Commercial",
        "status": "Voided-City",
        "year": "2023"
      },
      "type": "Feature"
    },
    {
      "geometry": {
        "coordinates": [
          [
            [
              -94.5084175255922,
              39.05648346202129
            ],
            [
              -94.5079817005116,
              39.056474912335
            ],
            [
              -94.50797564272499,
              39.05661235753347
            ],
            [
              -94.50841132192272,
              39.05662095358642
            ],
            [
              -94.5084175255922,
              39.05648346202129
            ]
          ]
        ],
        "type": "Polygon"
      },
      "properties": {
        "address": "3727 Fuller Ave Kansas City MO 64129",
        "case_number": "CPDR-2023-00073",
        "category": "Complete Building or Structure Demolition - Residential",
        "date": "2023-03-24T08:17:10.897",
        "detail_url": "https://compasskc.kcmo.org/EnerGov_Prod/SelfService#/permit/6eb3b178-7c60-4a10-8933-49aef464523e",
        "external_id": "6eb3b178-7c60-4a10-8933-49aef464523e",
        "geometry_source": "KCMO parcels",
        "has_parcel_polygon": true,
        "match_method": "parcel_id",
        "match_status": "matched",
        "parcel_address": "3727 Fuller Ave",
        "parcel_id": "32593",
        "record_id": "case:6eb3b178-7c60-4a10-8933-49aef464523e",
        "record_type": "Complete Building or Structure Demolition - Residential",
        "status": "Closed",
        "year": "2023"
      },
      "type": "Feature"
    },
    {
      "geometry": {
        "coordinates": [
          [
            [
              -94.50489594845043,
              39.02581372710786
            ],
            [
              -94.50457032230497,
              39.0254705249467
            ],
            [
              -94.50424936289727,
              39.02513231031395
            ],
            [
              -94.50421513886317,
              39.02578812698614
            ],
            [
              -94.50489594845043,
              39.02581372710786
            ]
          ]
        ],
        "type": "Polygon"
      },
      "properties": {
        "address": "6908 Dr. Martin Luther King Jr. Blvd Kansas City MO 64129",
        "case_number": "CPDR-2023-00074",
        "category": "Complete Building or Structure Demolition - Residential",
        "date": "2023-03-27T14:41:25.33",
        "detail_url": "https://compasskc.kcmo.org/EnerGov_Prod/SelfService#/permit/ec4be00f-2b4e-4fb9-bfa7-ddd01eb76f20",
        "external_id": "ec4be00f-2b4e-4fb9-bfa7-ddd01eb76f20",
        "geometry_source": "KCMO parcels",
        "has_parcel_polygon": true,
        "match_method": "parcel_id",
        "match_status": "matched",
        "parcel_address": "6908 Dr. Martin Luther King Jr. Blvd",
        "parcel_id": "54417",
        "record_id": "case:ec4be00f-2b4e-4fb9-bfa7-ddd01eb76f20",
        "record_type": "Complete Building or Structure Demolition - Residential",
        "status": "Closed",
        "year": "2023"
      },
      "type": "Feature"
    },
    {
      "geometry": {
        "coordinates": [
          [
            [
              -94.49645770962869,
              38.9246466300781
            ],
            [
              -94.494241859625,
              38.92455906626892
            ],
            [
              -94.49405393775658,
              38.92682653349641
            ],
            [
              -94.49628119325602,
              38.92690897463188
            ],
            [
              -94.49645770962869,
              38.9246466300781
            ]
          ]
        ],
        "type": "Polygon"
      },
      "properties": {
        "address": "10900 Marsh Ave Kansas City MO 64134",
        "case_number": "CPDC-2023-00062",
        "category": "Pre-Demolition Inspection - Commercial",
        "date": "2023-03-28T12:30:10.003",
        "detail_url": "https://compasskc.kcmo.org/EnerGov_Prod/SelfService#/permit/e1599b9a-484d-4157-b77c-4d7fd9369b15",
        "external_id": "e1599b9a-484d-4157-b77c-4d7fd9369b15",
        "geometry_source": "KCMO parcels",
        "has_parcel_polygon": true,
        "match_method": "parcel_id",
        "match_status": "matched",
        "parcel_address": "10900 Marsh Ave",
        "parcel_id": "71322",
        "record_id": "case:e1599b9a-484d-4157-b77c-4d7fd9369b15",
        "record_type": "Pre-Demolition Inspection - Commercial",
        "status": "Issued",
        "year": "2023"
      },
      "type": "Feature"
    },
    {
      "geometry": {
        "coordinates": [
          [
            [
              -94.51289341775784,
              39.10132322100206
            ],
            [
              -94.51273728318391,
              39.101319278659815
            ],
            [
              -94.51272347247763,
              39.10159924826824
            ],
            [
              -94.51287963702083,
              39.10160312083937
            ],
            [
              -94.51289341775784,
              39.10132322100206
            ]
          ]
        ],
        "type": "Polygon"
      },
      "properties": {
        "address": "5910 E 9th St Kansas City MO 64125",
        "case_number": "CPDR-2023-00075",
        "category": "Complete Building or Structure Demolition - Residential",
        "date": "2023-03-28T14:38:59.11",
        "detail_url": "https://compasskc.kcmo.org/EnerGov_Prod/SelfService#/permit/8541accb-5c34-4f95-8d1b-667cc38cd9bd",
        "external_id": "8541accb-5c34-4f95-8d1b-667cc38cd9bd",
        "geometry_source": "KCMO parcels",
        "has_parcel_polygon": true,
        "match_method": "parcel_id",
        "match_status": "matched",
        "parcel_address": "5910 E 9th St",
        "parcel_id": "5493",
        "record_id": "case:8541accb-5c34-4f95-8d1b-667cc38cd9bd",
        "record_type": "Complete Building or Structure Demolition - Residential",
        "status": "Closed",
        "year": "2023"
      },
      "type": "Feature"
    },
    {
      "geometry": {
        "coordinates": [
          [
            [
              -94.58928903285516,
              39.09350158861941
            ],
            [
              -94.58886435573817,
              39.09348747589762
            ],
            [
              -94.58883660071166,
              39.09411342125322
            ],
            [
              -94.58926433590403,
              39.09412748654253
            ],
            [
              -94.58928903285516,
              39.09350158861941
            ]
          ]
        ],
        "type": "Polygon"
      },
      "properties": {
        "address": "1650 Broadway Blvd Kansas City MO 64108",
        "case_number": "CPDC-2023-00064",
        "category": "Pre-Demolition Inspection - Commercial",
        "date": "2023-03-28T14:44:40.54",
        "detail_url": "https://compasskc.kcmo.org/EnerGov_Prod/SelfService#/permit/b16fae2c-38ec-42c0-ab8b-910e5a0a3044",
        "external_id": "b16fae2c-38ec-42c0-ab8b-910e5a0a3044",
        "geometry_source": "KCMO parcels",
        "has_parcel_polygon": true,
        "match_method": "parcel_id",
        "match_status": "matched",
        "parcel_address": "1640 Broadway Blvd",
        "parcel_id": "123444",
        "record_id": "case:b16fae2c-38ec-42c0-ab8b-910e5a0a3044",
        "record_type": "Pre-Demolition Inspection - Commercial",
        "status": "Issued",
        "year": "2023"
      },
      "type": "Feature"
    },
    {
      "geometry": {
        "coordinates": [
          [
            [
              [
                -94.65906608414815,
                39.24147890620732
              ],
              [
                -94.66062951949237,
                39.241489734192214
              ],
              [
                -94.66143471978214,
                39.241143748362056
              ],
              [
                -94.66345521851639,
                39.24114662816169
              ],
              [
                -94.66346890553697,
                39.23976734943205
              ],
              [
                -94.65908305695173,
                39.23975704055401
              ],
              [
                -94.65906608414815,
                39.24147890620732
              ]
            ]
          ],
          [
            [
              [
                -94.65932439780539,
                39.23959551962262
              ],
              [
                -94.66023500466711,
                39.239598960906264
              ],
              [
                -94.66023469188873,
                39.23909964832038
              ],
              [
                -94.65932326285673,
                39.23909375998038
              ],
              [
                -94.65932439780539,
                39.23959551962262
              ]
            ]
          ]
        ],
        "type": "MultiPolygon"
      },
      "properties": {
        "address": "8031 NW Milrey Dr Kansas City MO 64152",
        "case_number": "CPDC-2023-00033",
        "category": "Partial Building Demolition - Commercial",
        "date": "2023-03-30T11:35:34.993",
        "detail_url": "https://compasskc.kcmo.org/EnerGov_Prod/SelfService#/permit/9247f913-95db-4ffd-b9aa-a7aefead1167",
        "external_id": "9247f913-95db-4ffd-b9aa-a7aefead1167",
        "geometry_source": "KCMO parcels",
        "has_parcel_polygon": true,
        "match_method": "parcel_id",
        "match_status": "matched",
        "parcel_address": "8031 NW Milrey Dr",
        "parcel_id": "288477",
        "record_id": "case:9247f913-95db-4ffd-b9aa-a7aefead1167",
        "record_type": "Partial Building Demolition - Commercial",
        "status": "Issued",
        "year": "2023"
      },
      "type": "Feature"
    },
    {
      "geometry": {
        "coordinates": [
          [
            [
              -94.48003699207315,
              39.03644756008481
            ],
            [
              -94.47945346228589,
              39.03642610969055
            ],
            [
              -94.47924364417091,
              39.036801229630136
            ],
            [
              -94.47912762733706,
              39.03694323036306
            ],
            [
              -94.48001261056541,
              39.03697356475919
            ],
            [
              -94.48003699207315,
              39.03644756008481
            ]
          ]
        ],
        "type": "Polygon"
      },
      "properties": {
        "address": "4710 Byrams Ford Rd Kansas City MO 64129",
        "case_number": "CPDR-2023-00077",
        "category": "Complete Building or Structure Demolition - Residential",
        "date": "2023-03-31T10:14:09.403",
        "detail_url": "https://compasskc.kcmo.org/EnerGov_Prod/SelfService#/permit/c331daf1-3364-4013-8306-d28eba52ea9f",
        "external_id": "c331daf1-3364-4013-8306-d28eba52ea9f",
        "geometry_source": "KCMO parcels",
        "has_parcel_polygon": true,
        "match_method": "parcel_id",
        "match_status": "matched",
        "parcel_address": "4710 Byrams Ford Rd",
        "parcel_id": "50060",
        "record_id": "case:c331daf1-3364-4013-8306-d28eba52ea9f",
        "record_type": "Complete Building or Structure Demolition - Residential",
        "status": "Closed",
        "year": "2023"
      },
      "type": "Feature"
    },
    {
      "geometry": {
        "coordinates": [
          [
            [
              -94.56564141963399,
              39.06569949800052
            ],
            [
              -94.56518503948675,
              39.06568463032948
            ],
            [
              -94.56517797393614,
              39.06582084326205
            ],
            [
              -94.56563423827099,
              39.065835688716476
            ],
            [
              -94.56564141963399,
              39.06569949800052
            ]
          ]
        ],
        "type": "Polygon"
      },
      "properties": {
        "address": "3321 Flora Ave Kansas City MO 64109",
        "case_number": "CPDR-2023-00078",
        "category": "Complete Building or Structure Demolition - Residential",
        "date": "2023-03-31T15:36:59.343",
        "detail_url": "https://compasskc.kcmo.org/EnerGov_Prod/SelfService#/permit/e8940e35-af19-4cd4-9002-78f135deb8f7",
        "external_id": "e8940e35-af19-4cd4-9002-78f135deb8f7",
        "geometry_source": "KCMO parcels",
        "has_parcel_polygon": true,
        "match_method": "parcel_id",
        "match_status": "matched",
        "parcel_address": "3321 Flora Ave",
        "parcel_id": "125991",
        "record_id": "case:e8940e35-af19-4cd4-9002-78f135deb8f7",
        "record_type": "Complete Building or Structure Demolition - Residential",
        "status": "Closed",
        "year": "2023"
      },
      "type": "Feature"
    },
    {
      "geometry": {
        "coordinates": [
          [
            [
              -94.49949263336615,
              38.96509346089241
            ],
            [
              -94.49943765173838,
              38.96499562109426
            ],
            [
              -94.49937009614433,
              38.9648959718684
            ],
            [
              -94.49929808574176,
              38.96480572904695
            ],
            [
              -94.49923592216068,
              38.96474356036508
            ],
            [
              -94.4987365014653,
              38.96498238911315
            ],
            [
              -94.49874555690268,
              38.964994082089
            ],
            [
              -94.49835812134886,
              38.96517998723046
            ],
            [
              -94.49853443749433,
              38.96547032885611
            ],
            [
              -94.49949263336615,
              38.96509346089241
            ]
          ]
        ],
        "type": "Polygon"
      },
      "properties": {
        "address": "8735 Blue Ridge Blvd Kansas City MO 64138",
        "case_number": "CPDC-2023-00069",
        "category": "Complete Building Demolition - Commercial",
        "date": "2023-04-03T09:34:20.993",
        "detail_url": "https://compasskc.kcmo.org/EnerGov_Prod/SelfService#/permit/d2eaff95-c18f-43a3-926a-2cb60ba07e93",
        "external_id": "d2eaff95-c18f-43a3-926a-2cb60ba07e93",
        "geometry_source": "KCMO parcels",
        "has_parcel_polygon": true,
        "match_method": "parcel_id",
        "match_status": "matched",
        "parcel_address": "8735 Blue Ridge Blvd",
        "parcel_id": "66088",
        "record_id": "case:d2eaff95-c18f-43a3-926a-2cb60ba07e93",
        "record_type": "Complete Building Demolition - Commercial",
        "status": "Cancelled",
        "year": "2023"
      },
      "type": "Feature"
    },
    {
      "geometry": {
        "coordinates": [
          [
            [
              -94.45067104887035,
              39.04788270686429
            ],
            [
              -94.44836958716434,
              39.04777790015448
            ],
            [
              -94.44831251642726,
              39.04886242875013
            ],
            [
              -94.45057210409858,
              39.049988530290385
            ],
            [
              -94.45067104887035,
              39.04788270686429
            ]
          ]
        ],
        "type": "Polygon"
      },
      "properties": {
        "address": "4003 Harvard Ln Unit: NON-ROW-STR-PW Kansas City MO 64133",
        "case_number": "CPDC-2023-00031",
        "category": "Partial Building Demolition - Commercial",
        "date": "2023-04-03T15:36:27.993",
        "detail_url": "https://compasskc.kcmo.org/EnerGov_Prod/SelfService#/permit/d03c67f7-e44e-4c8a-804f-72753b555056",
        "external_id": "d03c67f7-e44e-4c8a-804f-72753b555056",
        "geometry_source": "KCMO parcels",
        "has_parcel_polygon": true,
        "match_method": "parcel_id",
        "match_status": "matched",
        "parcel_address": "4000 Harvard Ln",
        "parcel_id": "48639",
        "record_id": "case:d03c67f7-e44e-4c8a-804f-72753b555056",
        "record_type": "Partial Building Demolition - Commercial",
        "status": "Issued",
        "year": "2023"
      },
      "type": "Feature"
    },
    {
      "geometry": {
        "coordinates": [
          [
            [
              -94.56638422226013,
              39.10630013809972
            ],
            [
              -94.5659880178055,
              39.10628537618538
            ],
            [
              -94.56598127561514,
              39.10642371650718
            ],
            [
              -94.56637745078508,
              39.106438524793866
            ],
            [
              -94.56638422226013,
              39.10630013809972
            ]
          ]
        ],
        "type": "Polygon"
      },
      "properties": {
        "address": "612 Virginia Ave Kansas City MO 64106",
        "case_number": "CPDC-2023-00067",
        "category": "Pre-Demolition Inspection - Commercial",
        "date": "2023-04-05T07:06:08.373",
        "detail_url": "https://compasskc.kcmo.org/EnerGov_Prod/SelfService#/permit/bfacbfa3-8379-4922-b03e-3fcf20cbfb89",
        "external_id": "bfacbfa3-8379-4922-b03e-3fcf20cbfb89",
        "geometry_source": "KCMO parcels",
        "has_parcel_polygon": true,
        "match_method": "parcel_id",
        "match_status": "matched",
        "parcel_address": "612 Virginia Ave",
        "parcel_id": "11964",
        "record_id": "case:bfacbfa3-8379-4922-b03e-3fcf20cbfb89",
        "record_type": "Pre-Demolition Inspection - Commercial",
        "status": "Issued",
        "year": "2023"
      },
      "type": "Feature"
    },
    {
      "geometry": {
        "coordinates": [
          [
            [
              -94.56485755695473,
              39.10599229198876
            ],
            [
              -94.5643078484458,
              39.105972827024154
            ],
            [
              -94.56427072019024,
              39.10673967013922
            ],
            [
              -94.5648223447122,
              39.1067604378352
            ],
            [
              -94.56485755695473,
              39.10599229198876
            ]
          ]
        ],
        "type": "Polygon"
      },
      "properties": {
        "address": "1409 Independence Ave Kansas City MO 64106",
        "case_number": "CPDC-2023-00070",
        "category": "Complete Building Demolition - Commercial",
        "date": "2023-04-05T10:55:38.07",
        "detail_url": "https://compasskc.kcmo.org/EnerGov_Prod/SelfService#/permit/d64fb5db-565b-4173-9869-69bcf472ba6b",
        "external_id": "d64fb5db-565b-4173-9869-69bcf472ba6b",
        "geometry_source": "KCMO parcels",
        "has_parcel_polygon": true,
        "match_method": "parcel_id",
        "match_status": "matched",
        "parcel_address": "1409 Independence Ave",
        "parcel_id": "11919",
        "record_id": "case:d64fb5db-565b-4173-9869-69bcf472ba6b",
        "record_type": "Complete Building Demolition - Commercial",
        "status": "Issued",
        "year": "2023"
      },
      "type": "Feature"
    },
    {
      "geometry": {
        "coordinates": [
          [
            [
              -94.53307649282728,
              39.07125478637207
            ],
            [
              -94.53257382206206,
              39.07123877401145
            ],
            [
              -94.53256937185333,
              39.07132899484555
            ],
            [
              -94.53307192570809,
              39.0713447092357
            ],
            [
              -94.53307649282728,
              39.07125478637207
            ]
          ]
        ],
        "type": "Polygon"
      },
      "properties": {
        "address": "2937 Spruce Ave Kansas City MO 64128",
        "case_number": "CPDR-2023-00080",
        "category": "Partial Building Demolition - Residential",
        "date": "2023-04-07T10:45:26.333",
        "detail_url": "https://compasskc.kcmo.org/EnerGov_Prod/SelfService#/permit/1a9d4acb-6ac6-4276-9771-ba7fce1f022a",
        "external_id": "1a9d4acb-6ac6-4276-9771-ba7fce1f022a",
        "geometry_source": "KCMO parcels",
        "has_parcel_polygon": true,
        "match_method": "parcel_id",
        "match_status": "matched",
        "parcel_address": "2937 Spruce Ave",
        "parcel_id": "22471",
        "record_id": "case:1a9d4acb-6ac6-4276-9771-ba7fce1f022a",
        "record_type": "Partial Building Demolition - Residential",
        "status": "Voided-City",
        "year": "2023"
      },
      "type": "Feature"
    },
    {
      "geometry": {
        "coordinates": [
          [
            [
              -94.53324602518786,
              39.117761896126964
            ],
            [
              -94.53301439720931,
              39.11776013150223
            ],
            [
              -94.53300656902664,
              39.11810512774747
            ],
            [
              -94.53323796362093,
              39.11810787632076
            ],
            [
              -94.53324602518786,
              39.117761896126964
            ]
          ]
        ],
        "type": "Polygon"
      },
      "properties": {
        "address": "4015 Gladstone Blvd Kansas City MO 64123",
        "case_number": "CPDR-2023-00081",
        "category": "Partial Building Demolition - Residential",
        "date": "2023-04-07T13:42:33.207",
        "detail_url": "https://compasskc.kcmo.org/EnerGov_Prod/SelfService#/permit/73abcc3c-6586-45d7-b56a-e62c1a846ce2",
        "external_id": "73abcc3c-6586-45d7-b56a-e62c1a846ce2",
        "geometry_source": "KCMO parcels",
        "has_parcel_polygon": true,
        "match_method": "parcel_id",
        "match_status": "matched",
        "parcel_address": "4015 Gladstone Blvd",
        "parcel_id": "40310",
        "record_id": "case:73abcc3c-6586-45d7-b56a-e62c1a846ce2",
        "record_type": "Partial Building Demolition - Residential",
        "status": "Voided-City",
        "year": "2023"
      },
      "type": "Feature"
    },
    {
      "geometry": {
        "coordinates": [
          [
            [
              -94.59182148145821,
              38.99149840562844
            ],
            [
              -94.59134706276411,
              38.99147678924181
            ],
            [
              -94.59131358289801,
              38.991981756440126
            ],
            [
              -94.5914011963274,
              38.99198521096301
            ],
            [
              -94.59139147287713,
              38.992131474650805
            ],
            [
              -94.5917864041062,
              38.992148096108465
            ],
            [
              -94.59182148145821,
              38.99149840562844
            ]
          ]
        ],
        "type": "Polygon"
      },
      "properties": {
        "address": "115 W 75th St Kansas City MO 64114",
        "case_number": "CPDC-2023-00071",
        "category": "Pre-Demolition Inspection - Commercial",
        "date": "2023-04-11T09:42:11",
        "detail_url": "https://compasskc.kcmo.org/EnerGov_Prod/SelfService#/permit/7a644825-0463-4efa-b799-820a046b169e",
        "external_id": "7a644825-0463-4efa-b799-820a046b169e",
        "geometry_source": "KCMO parcels",
        "has_parcel_polygon": true,
        "match_method": "parcel_id",
        "match_status": "matched",
        "parcel_address": "111 W 75th St",
        "parcel_id": "118220",
        "record_id": "case:7a644825-0463-4efa-b799-820a046b169e",
        "record_type": "Pre-Demolition Inspection - Commercial",
        "status": "Closed",
        "year": "2023"
      },
      "type": "Feature"
    },
    {
      "geometry": {
        "coordinates": [
          [
            [
              -94.53450765812745,
              39.080220666894746
            ],
            [
              -94.53403146026423,
              39.08020362280814
            ],
            [
              -94.53402482002491,
              39.08031242223943
            ],
            [
              -94.53450239674117,
              39.08032914561396
            ],
            [
              -94.53450765812745,
              39.080220666894746
            ]
          ]
        ],
        "type": "Polygon"
      },
      "properties": {
        "address": "2440 Jackson Ave Kansas City MO 64127",
        "case_number": "CPDR-2023-00079",
        "category": "Complete Building or Structure Demolition - Residential",
        "date": "2023-04-11T09:44:36.66",
        "detail_url": "https://compasskc.kcmo.org/EnerGov_Prod/SelfService#/permit/459fe63e-9714-407a-92e7-65b15d7fc543",
        "external_id": "459fe63e-9714-407a-92e7-65b15d7fc543",
        "geometry_source": "KCMO parcels",
        "has_parcel_polygon": true,
        "match_method": "parcel_id",
        "match_status": "matched",
        "parcel_address": "2440 Jackson Ave",
        "parcel_id": "221709",
        "record_id": "case:459fe63e-9714-407a-92e7-65b15d7fc543",
        "record_type": "Complete Building or Structure Demolition - Residential",
        "status": "Closed",
        "year": "2023"
      },
      "type": "Feature"
    },
    {
      "geometry": {
        "coordinates": [
          [
            [
              -94.59642405112469,
              39.03748708420549
            ],
            [
              -94.59616398275502,
              39.03747883295343
            ],
            [
              -94.59615319771197,
              39.037509546912645
            ],
            [
              -94.5961411878031,
              39.037566804906604
            ],
            [
              -94.59613927134808,
              39.03762478734206
            ],
            [
              -94.5961474762514,
              39.03768241764859
            ],
            [
              -94.596164037091,
              39.03773537335534
            ],
            [
              -94.59619143545976,
              39.03777681101372
            ],
            [
              -94.59622407334845,
              39.03780767335266
            ],
            [
              -94.59626383296188,
              39.03783292397685
            ],
            [
              -94.59631711065666,
              39.0378540225493
            ],
            [
              -94.59635828506534,
              39.037862980177394
            ],
            [
              -94.59640722696635,
              39.03786657723338
            ],
            [
              -94.59642405112469,
              39.03748708420549
            ]
          ]
        ],
        "type": "Polygon"
      },
      "properties": {
        "address": "4938 Summit St Kansas City MO 64112",
        "case_number": "CPDR-2023-00083",
        "category": "Complete Building or Structure Demolition - Residential",
        "date": "2023-04-11T12:51:25.067",
        "detail_url": "https://compasskc.kcmo.org/EnerGov_Prod/SelfService#/permit/6970cd05-cf96-4429-9224-d3b4c5968aba",
        "external_id": "6970cd05-cf96-4429-9224-d3b4c5968aba",
        "geometry_source": "KCMO parcels",
        "has_parcel_polygon": true,
        "match_method": "parcel_id",
        "match_status": "matched",
        "parcel_address": "4938 Summit St",
        "parcel_id": "142572",
        "record_id": "case:6970cd05-cf96-4429-9224-d3b4c5968aba",
        "record_type": "Complete Building or Structure Demolition - Residential",
        "status": "Voided-City",
        "year": "2023"
      },
      "type": "Feature"
    },
    {
      "geometry": {
        "coordinates": [
          [
            [
              -94.54805846644113,
              39.062749349203045
            ],
            [
              -94.54760087640122,
              39.0627357402934
            ],
            [
              -94.54759670893876,
              39.06282330696464
            ],
            [
              -94.54805406471962,
              39.06283687022515
            ],
            [
              -94.54805846644113,
              39.062749349203045
            ]
          ]
        ],
        "type": "Polygon"
      },
      "properties": {
        "address": "3440 Bellefontaine Ave Kansas City MO 64128",
        "case_number": "CPDR-2023-00082",
        "category": "Complete Building or Structure Demolition - Residential",
        "date": "2023-04-12T10:15:39.23",
        "detail_url": "https://compasskc.kcmo.org/EnerGov_Prod/SelfService#/permit/515ce56e-2242-440e-b071-b907ef3db24f",
        "external_id": "515ce56e-2242-440e-b071-b907ef3db24f",
        "geometry_source": "KCMO parcels",
        "has_parcel_polygon": true,
        "match_method": "parcel_id",
        "match_status": "matched",
        "parcel_address": "3440 Bellefontaine Ave",
        "parcel_id": "25789",
        "record_id": "case:515ce56e-2242-440e-b071-b907ef3db24f",
        "record_type": "Complete Building or Structure Demolition - Residential",
        "status": "Closed",
        "year": "2023"
      },
      "type": "Feature"
    },
    {
      "geometry": {
        "coordinates": [
          [
            [
              -94.58048932282554,
              39.03029400173514
            ],
            [
              -94.57943279175439,
              39.030259031649024
            ],
            [
              -94.57941425932638,
              39.03058111670534
            ],
            [
              -94.58047140925096,
              39.030613043932775
            ],
            [
              -94.58048932282554,
              39.03029400173514
            ]
          ]
        ],
        "type": "Polygon"
      },
      "properties": {
        "address": "5235 Cherry St Kansas City MO 64110",
        "case_number": "CPDR-2023-00076",
        "category": "Complete Building or Structure Demolition - Residential",
        "date": "2023-04-13T11:51:08.487",
        "detail_url": "https://compasskc.kcmo.org/EnerGov_Prod/SelfService#/permit/d027632d-e8cc-487b-b330-2a4f7413d5b9",
        "external_id": "d027632d-e8cc-487b-b330-2a4f7413d5b9",
        "geometry_source": "KCMO parcels",
        "has_parcel_polygon": true,
        "match_method": "parcel_id",
        "match_status": "matched",
        "parcel_address": "5235 Cherry St",
        "parcel_id": "143362",
        "record_id": "case:d027632d-e8cc-487b-b330-2a4f7413d5b9",
        "record_type": "Complete Building or Structure Demolition - Residential",
        "status": "Closed",
        "year": "2023"
      },
      "type": "Feature"
    },
    {
      "geometry": {
        "coordinates": [
          [
            [
              -94.57984311351746,
              39.17225241310447
            ],
            [
              -94.57949140613376,
              39.172250479908946
            ],
            [
              -94.57948547344397,
              39.172619820014965
            ],
            [
              -94.57983788763583,
              39.17262195809503
            ],
            [
              -94.57984311351746,
              39.17225241310447
            ]
          ]
        ],
        "type": "Polygon"
      },
      "properties": {
        "address": "112 NE 43rd St Kansas City MO 64116",
        "case_number": "CPDR-2023-00024",
        "category": "Partial Building Demolition - Residential",
        "date": "2023-04-13T16:52:13.913",
        "detail_url": "https://compasskc.kcmo.org/EnerGov_Prod/SelfService#/permit/92f09577-2324-4d6a-a8b6-f1d3a571175d",
        "external_id": "92f09577-2324-4d6a-a8b6-f1d3a571175d",
        "geometry_source": "KCMO parcels",
        "has_parcel_polygon": true,
        "match_method": "parcel_id",
        "match_status": "matched",
        "parcel_address": "112 NE 43rd St",
        "parcel_id": "83978",
        "record_id": "case:92f09577-2324-4d6a-a8b6-f1d3a571175d",
        "record_type": "Partial Building Demolition - Residential",
        "status": "Issued",
        "year": "2023"
      },
      "type": "Feature"
    },
    {
      "geometry": {
        "coordinates": [
          [
            [
              -94.57661750868654,
              38.96635680002123
            ],
            [
              -94.57634778816025,
              38.96628561026885
            ],
            [
              -94.57586565863735,
              38.96626510276888
            ],
            [
              -94.57582049561307,
              38.967092242252384
            ],
            [
              -94.57657551638897,
              38.96712565925143
            ],
            [
              -94.57661750868654,
              38.96635680002123
            ]
          ]
        ],
        "type": "Polygon"
      },
      "properties": {
        "address": "8823 Troost Ave Kansas City MO 64131",
        "case_number": "CPDC-2023-00065",
        "category": "Partial Building Demolition - Commercial",
        "date": "2023-04-14T11:36:09.973",
        "detail_url": "https://compasskc.kcmo.org/EnerGov_Prod/SelfService#/permit/1ab8ed2f-ae89-4de7-99f7-3c9ce578233a",
        "external_id": "1ab8ed2f-ae89-4de7-99f7-3c9ce578233a",
        "geometry_source": "KCMO parcels",
        "has_parcel_polygon": true,
        "match_method": "parcel_id",
        "match_status": "matched",
        "parcel_address": "8825 Troost Ave",
        "parcel_id": "150804",
        "record_id": "case:1ab8ed2f-ae89-4de7-99f7-3c9ce578233a",
        "record_type": "Partial Building Demolition - Commercial",
        "status": "Issued",
        "year": "2023"
      },
      "type": "Feature"
    },
    {
      "geometry": {
        "coordinates": [
          [
            [
              -94.50336977167562,
              39.09188106184048
            ],
            [
              -94.50230393219081,
              39.09185184677019
            ],
            [
              -94.50221284830523,
              39.09352399406583
            ],
            [
              -94.50328141344156,
              39.09355247884436
            ],
            [
              -94.50336977167562,
              39.09188106184048
            ]
          ]
        ],
        "type": "Polygon"
      },
      "properties": {
        "address": "6801 E Truman Rd Kansas City MO 64126",
        "case_number": "CPDC-2023-00066",
        "category": "Partial Building Demolition - Commercial",
        "date": "2023-04-17T10:42:14.493",
        "detail_url": "https://compasskc.kcmo.org/EnerGov_Prod/SelfService#/permit/1caf090a-9e37-407c-b640-50ee6b306d69",
        "external_id": "1caf090a-9e37-407c-b640-50ee6b306d69",
        "geometry_source": "KCMO parcels",
        "has_parcel_polygon": true,
        "match_method": "parcel_id",
        "match_status": "matched",
        "parcel_address": "6801 E Truman Rd",
        "parcel_id": "7238",
        "record_id": "case:1caf090a-9e37-407c-b640-50ee6b306d69",
        "record_type": "Partial Building Demolition - Commercial",
        "status": "Issued",
        "year": "2023"
      },
      "type": "Feature"
    },
    {
      "geometry": {
        "coordinates": [
          [
            [
              -94.55277523243815,
              39.068809951849886
            ],
            [
              -94.552364474503,
              39.0687952410286
            ],
            [
              -94.55233917094934,
              39.069307485167236
            ],
            [
              -94.55275013458103,
              39.069321486105395
            ],
            [
              -94.55277523243815,
              39.068809951849886
            ]
          ]
        ],
        "type": "Polygon"
      },
      "properties": {
        "address": "3121 Prospect Ave Kansas City MO 64128",
        "case_number": "CPDC-2023-00077",
        "category": "Pre-Demolition Inspection - Commercial",
        "date": "2023-04-17T13:55:26.36",
        "detail_url": "https://compasskc.kcmo.org/EnerGov_Prod/SelfService#/permit/6a450d23-dc8f-4112-b378-a751c57b8c08",
        "external_id": "6a450d23-dc8f-4112-b378-a751c57b8c08",
        "geometry_source": "KCMO parcels",
        "has_parcel_polygon": true,
        "match_method": "parcel_id",
        "match_status": "matched",
        "parcel_address": "3121 Prospect Ave",
        "parcel_id": "25309",
        "record_id": "case:6a450d23-dc8f-4112-b378-a751c57b8c08",
        "record_type": "Pre-Demolition Inspection - Commercial",
        "status": "Issued",
        "year": "2023"
      },
      "type": "Feature"
    },
    {
      "geometry": {
        "coordinates": [
          [
            [
              -94.58928903285516,
              39.09350158861941
            ],
            [
              -94.58886435573817,
              39.09348747589762
            ],
            [
              -94.58883660071166,
              39.09411342125322
            ],
            [
              -94.58926433590403,
              39.09412748654253
            ],
            [
              -94.58928903285516,
              39.09350158861941
            ]
          ]
        ],
        "type": "Polygon"
      },
      "properties": {
        "address": "1650 Broadway Blvd Kansas City MO 64108",
        "case_number": "CPDC-2023-00079",
        "category": "Complete Building Demolition - Commercial",
        "date": "2023-04-18T10:00:38.93",
        "detail_url": "https://compasskc.kcmo.org/EnerGov_Prod/SelfService#/permit/c57ea776-7686-4aba-a62e-9fe346e137d8",
        "external_id": "c57ea776-7686-4aba-a62e-9fe346e137d8",
        "geometry_source": "KCMO parcels",
        "has_parcel_polygon": true,
        "match_method": "parcel_id",
        "match_status": "matched",
        "parcel_address": "1640 Broadway Blvd",
        "parcel_id": "123444",
        "record_id": "case:c57ea776-7686-4aba-a62e-9fe346e137d8",
        "record_type": "Complete Building Demolition - Commercial",
        "status": "Issued",
        "year": "2023"
      },
      "type": "Feature"
    },
    {
      "geometry": {
        "coordinates": [
          [
            [
              -94.5571524235038,
              39.04321154534715
            ],
            [
              -94.55666804773061,
              39.0431924009706
            ],
            [
              -94.55666212093699,
              39.04330269100432
            ],
            [
              -94.55714608745743,
              39.043321880223225
            ],
            [
              -94.5571524235038,
              39.04321154534715
            ]
          ]
        ],
        "type": "Polygon"
      },
      "properties": {
        "address": "4540 Olive St Kansas City MO 64130",
        "case_number": "CPDR-2023-00084",
        "category": "Complete Building or Structure Demolition - Residential",
        "date": "2023-04-18T10:15:10.557",
        "detail_url": "https://compasskc.kcmo.org/EnerGov_Prod/SelfService#/permit/d3f87534-d39e-4c07-afc8-ab104984289a",
        "external_id": "d3f87534-d39e-4c07-afc8-ab104984289a",
        "geometry_source": "KCMO parcels",
        "has_parcel_polygon": true,
        "match_method": "parcel_id",
        "match_status": "matched",
        "parcel_address": "4540 Olive St",
        "parcel_id": "137423",
        "record_id": "case:d3f87534-d39e-4c07-afc8-ab104984289a",
        "record_type": "Complete Building or Structure Demolition - Residential",
        "status": "Closed",
        "year": "2023"
      },
      "type": "Feature"
    },
    {
      "geometry": {
        "coordinates": [
          [
            [
              -94.51759779765652,
              39.073139728724605
            ],
            [
              -94.51731538691958,
              39.073130756535285
            ],
            [
              -94.51730175337941,
              39.07343875699354
            ],
            [
              -94.51758413523793,
              39.07344766057728
            ],
            [
              -94.51759779765652,
              39.073139728724605
            ]
          ]
        ],
        "type": "Polygon"
      },
      "properties": {
        "address": "5610 E 28th Ter Kansas City MO 64128",
        "case_number": "CPDR-2023-00085",
        "category": "Complete Building or Structure Demolition - Residential",
        "date": "2023-04-18T10:17:43.327",
        "detail_url": "https://compasskc.kcmo.org/EnerGov_Prod/SelfService#/permit/dca542a3-2ce3-4960-9260-6409b2c5c0bf",
        "external_id": "dca542a3-2ce3-4960-9260-6409b2c5c0bf",
        "geometry_source": "KCMO parcels",
        "has_parcel_polygon": true,
        "match_method": "parcel_id",
        "match_status": "matched",
        "parcel_address": "5610 E 28th Ter",
        "parcel_id": "21636",
        "record_id": "case:dca542a3-2ce3-4960-9260-6409b2c5c0bf",
        "record_type": "Complete Building or Structure Demolition - Residential",
        "status": "Closed",
        "year": "2023"
      },
      "type": "Feature"
    },
    {
      "geometry": {
        "coordinates": [
          [
            [
              -94.55814370031698,
              39.18473284932983
            ],
            [
              -94.55776006032377,
              39.1847288301442
            ],
            [
              -94.55775628760101,
              39.1849326960012
            ],
            [
              -94.55814013523576,
              39.18493760742915
            ],
            [
              -94.55814370031698,
              39.18473284932983
            ]
          ]
        ],
        "type": "Polygon"
      },
      "properties": {
        "address": "1718 NE 50th St Kansas City MO 64118",
        "case_number": "CPDR-2023-00087",
        "category": "Partial Building Demolition - Residential",
        "date": "2023-04-18T16:54:08.037",
        "detail_url": "https://compasskc.kcmo.org/EnerGov_Prod/SelfService#/permit/59ac2d5f-81a4-4acb-9112-245c985c9da2",
        "external_id": "59ac2d5f-81a4-4acb-9112-245c985c9da2",
        "geometry_source": "KCMO parcels",
        "has_parcel_polygon": true,
        "match_method": "parcel_id",
        "match_status": "matched",
        "parcel_address": "1718 NE 50th St",
        "parcel_id": "87750",
        "record_id": "case:59ac2d5f-81a4-4acb-9112-245c985c9da2",
        "record_type": "Partial Building Demolition - Residential",
        "status": "Voided-City",
        "year": "2023"
      },
      "type": "Feature"
    },
    {
      "geometry": {
        "coordinates": [
          [
            [
              -94.55277523243815,
              39.068809951849886
            ],
            [
              -94.552364474503,
              39.0687952410286
            ],
            [
              -94.55233917094934,
              39.069307485167236
            ],
            [
              -94.55275013458103,
              39.069321486105395
            ],
            [
              -94.55277523243815,
              39.068809951849886
            ]
          ]
        ],
        "type": "Polygon"
      },
      "properties": {
        "address": "3121 Prospect Ave Kansas City MO 64128",
        "case_number": "CPDC-2023-00080",
        "category": "Complete Building Demolition - Commercial",
        "date": "2023-04-19T12:03:53.413",
        "detail_url": "https://compasskc.kcmo.org/EnerGov_Prod/SelfService#/permit/9c6dcd4c-393f-47f3-8051-1a43de247f77",
        "external_id": "9c6dcd4c-393f-47f3-8051-1a43de247f77",
        "geometry_source": "KCMO parcels",
        "has_parcel_polygon": true,
        "match_method": "parcel_id",
        "match_status": "matched",
        "parcel_address": "3121 Prospect Ave",
        "parcel_id": "25309",
        "record_id": "case:9c6dcd4c-393f-47f3-8051-1a43de247f77",
        "record_type": "Complete Building Demolition - Commercial",
        "status": "Closed",
        "year": "2023"
      },
      "type": "Feature"
    },
    {
      "geometry": {
        "coordinates": [
          [
            [
              -94.58592381862265,
              39.03721083516076
            ],
            [
              -94.58544601898552,
              39.037192011915
            ],
            [
              -94.58543975857164,
              39.03730381332433
            ],
            [
              -94.58591779372344,
              39.03732268218349
            ],
            [
              -94.58592381862265,
              39.03721083516076
            ]
          ]
        ],
        "type": "Polygon"
      },
      "properties": {
        "address": "4933 Walnut St Kansas City MO 64112",
        "case_number": "CPDR-2023-00086",
        "category": "Complete Building or Structure Demolition - Residential",
        "date": "2023-04-20T13:11:13.177",
        "detail_url": "https://compasskc.kcmo.org/EnerGov_Prod/SelfService#/permit/6bcb417a-ef67-49f1-b64c-64adc6b72046",
        "external_id": "6bcb417a-ef67-49f1-b64c-64adc6b72046",
        "geometry_source": "KCMO parcels",
        "has_parcel_polygon": true,
        "match_method": "parcel_id",
        "match_status": "matched",
        "parcel_address": "4933 Walnut St",
        "parcel_id": "140192",
        "record_id": "case:6bcb417a-ef67-49f1-b64c-64adc6b72046",
        "record_type": "Complete Building or Structure Demolition - Residential",
        "status": "Closed",
        "year": "2023"
      },
      "type": "Feature"
    },
    {
      "geometry": {
        "coordinates": [
          [
            [
              -94.49645770962869,
              38.9246466300781
            ],
            [
              -94.494241859625,
              38.92455906626892
            ],
            [
              -94.49405393775658,
              38.92682653349641
            ],
            [
              -94.49628119325602,
              38.92690897463188
            ],
            [
              -94.49645770962869,
              38.9246466300781
            ]
          ]
        ],
        "type": "Polygon"
      },
      "properties": {
        "address": "10900 Marsh Ave Kansas City MO 64134",
        "case_number": "CPDC-2023-00061",
        "category": "Complete Building Demolition - Commercial",
        "date": "2023-04-21T18:34:10.62",
        "detail_url": "https://compasskc.kcmo.org/EnerGov_Prod/SelfService#/permit/d20e91a0-ead4-4974-99e2-faeb42158081",
        "external_id": "d20e91a0-ead4-4974-99e2-faeb42158081",
        "geometry_source": "KCMO parcels",
        "has_parcel_polygon": true,
        "match_method": "parcel_id",
        "match_status": "matched",
        "parcel_address": "10900 Marsh Ave",
        "parcel_id": "71322",
        "record_id": "case:d20e91a0-ead4-4974-99e2-faeb42158081",
        "record_type": "Complete Building Demolition - Commercial",
        "status": "Closed",
        "year": "2023"
      },
      "type": "Feature"
    },
    {
      "geometry": {
        "coordinates": [
          [
            [
              -94.56718489284522,
              39.05833153876018
            ],
            [
              -94.56667505754972,
              39.058314213083
            ],
            [
              -94.56666726251979,
              39.058451090239174
            ],
            [
              -94.56717709879781,
              39.058468415949164
            ],
            [
              -94.56718489284522,
              39.05833153876018
            ]
          ]
        ],
        "type": "Polygon"
      },
      "properties": {
        "address": "3733 Paseo Unit: APT 1 Kansas City MO 64109",
        "case_number": "CPDC-2023-00085",
        "category": "Pre-Demolition Inspection - Commercial",
        "date": "2023-04-25T10:59:24.01",
        "detail_url": "https://compasskc.kcmo.org/EnerGov_Prod/SelfService#/permit/cec1d17c-4acd-487d-aba4-3fed960cdbf8",
        "external_id": "cec1d17c-4acd-487d-aba4-3fed960cdbf8",
        "geometry_source": "KCMO parcels",
        "has_parcel_polygon": true,
        "match_method": "parcel_id",
        "match_status": "matched",
        "parcel_address": "3733 Paseo APT 1",
        "parcel_id": "135133",
        "record_id": "case:cec1d17c-4acd-487d-aba4-3fed960cdbf8",
        "record_type": "Pre-Demolition Inspection - Commercial",
        "status": "Issued",
        "year": "2023"
      },
      "type": "Feature"
    },
    {
      "geometry": {
        "coordinates": [
          [
            [
              -94.57168797346979,
              39.0113636543264
            ],
            [
              -94.57185506289373,
              39.011314586685224
            ],
            [
              -94.57203301151584,
              39.011273565654044
            ],
            [
              -94.5722144011517,
              39.01124297597539
            ],
            [
              -94.57239820776908,
              39.011222977864065
            ],
            [
              -94.57253040853617,
              39.01121523060404
            ],
            [
              -94.57268945144693,
              39.01121318673336
            ],
            [
              -94.57324318114125,
              39.011234715266966
            ],
            [
              -94.57328688892548,
              39.010163968911925
            ],
            [
              -94.57214354538789,
              39.01011713527544
            ],
            [
              -94.57216783821906,
              39.00963476494523
            ],
            [
              -94.57144952835256,
              39.009605278075945
            ],
            [
              -94.57142555552082,
              39.01008771727989
            ],
            [
              -94.5709356521496,
              39.01006765204364
            ],
            [
              -94.57088430011353,
              39.01133032778012
            ],
            [
              -94.57168797346979,
              39.0113636543264
            ]
          ]
        ],
        "type": "Polygon"
      },
      "properties": {
        "address": "1166 E 65th St Kansas City MO 64131",
        "case_number": "CPDC-2023-00084",
        "category": "Pre-Demolition Inspection - Commercial",
        "date": "2023-04-25T13:26:09.527",
        "detail_url": "https://compasskc.kcmo.org/EnerGov_Prod/SelfService#/permit/283307ce-0047-44aa-b67a-0417aa0352c4",
        "external_id": "283307ce-0047-44aa-b67a-0417aa0352c4",
        "geometry_source": "KCMO parcels",
        "has_parcel_polygon": true,
        "match_method": "parcel_id",
        "match_status": "matched",
        "parcel_address": "1221 E Meyer Blvd",
        "parcel_id": "260962",
        "record_id": "case:283307ce-0047-44aa-b67a-0417aa0352c4",
        "record_type": "Pre-Demolition Inspection - Commercial",
        "status": "Closed",
        "year": "2023"
      },
      "type": "Feature"
    },
    {
      "geometry": {
        "coordinates": [
          [
            [
              -94.56718489284522,
              39.05833153876018
            ],
            [
              -94.56667505754972,
              39.058314213083
            ],
            [
              -94.56666726251979,
              39.058451090239174
            ],
            [
              -94.56717709879781,
              39.058468415949164
            ],
            [
              -94.56718489284522,
              39.05833153876018
            ]
          ]
        ],
        "type": "Polygon"
      },
      "properties": {
        "address": "3733 Paseo Unit: APT 1 Kansas City MO 64109",
        "case_number": "CPDC-2023-00086",
        "category": "Complete Building Demolition - Commercial",
        "date": "2023-04-25T14:28:20.533",
        "detail_url": "https://compasskc.kcmo.org/EnerGov_Prod/SelfService#/permit/da48eb8c-5825-43d2-bf45-a692b3a6ec68",
        "external_id": "da48eb8c-5825-43d2-bf45-a692b3a6ec68",
        "geometry_source": "KCMO parcels",
        "has_parcel_polygon": true,
        "match_method": "parcel_id",
        "match_status": "matched",
        "parcel_address": "3733 Paseo APT 1",
        "parcel_id": "135133",
        "record_id": "case:da48eb8c-5825-43d2-bf45-a692b3a6ec68",
        "record_type": "Complete Building Demolition - Commercial",
        "status": "Closed",
        "year": "2023"
      },
      "type": "Feature"
    },
    {
      "geometry": {
        "coordinates": [
          [
            [
              -94.55836010059895,
              39.05116768858708
            ],
            [
              -94.55790005701368,
              39.05114984197207
            ],
            [
              -94.55789398448434,
              39.05125978820426
            ],
            [
              -94.55835417546469,
              39.05127758843515
            ],
            [
              -94.55836010059895,
              39.05116768858708
            ]
          ]
        ],
        "type": "Polygon"
      },
      "properties": {
        "address": "4121 Brooklyn Ave Kansas City MO 64130",
        "case_number": "CPDR-2023-00089",
        "category": "Complete Building or Structure Demolition - Residential",
        "date": "2023-04-27T12:40:00.71",
        "detail_url": "https://compasskc.kcmo.org/EnerGov_Prod/SelfService#/permit/34a5e044-d501-450a-b8b7-39f4e13193e8",
        "external_id": "34a5e044-d501-450a-b8b7-39f4e13193e8",
        "geometry_source": "KCMO parcels",
        "has_parcel_polygon": true,
        "match_method": "parcel_id",
        "match_status": "matched",
        "parcel_address": "4121 Brooklyn Ave",
        "parcel_id": "136958",
        "record_id": "case:34a5e044-d501-450a-b8b7-39f4e13193e8",
        "record_type": "Complete Building or Structure Demolition - Residential",
        "status": "Issued",
        "year": "2023"
      },
      "type": "Feature"
    },
    {
      "geometry": {
        "coordinates": [
          [
            [
              -94.55742237152714,
              39.018969559530206
            ],
            [
              -94.55699873020268,
              39.01895130173467
            ],
            [
              -94.55698937965566,
              39.01914240849992
            ],
            [
              -94.55741255346248,
              39.019160551581514
            ],
            [
              -94.55742237152714,
              39.018969559530206
            ]
          ]
        ],
        "type": "Polygon"
      },
      "properties": {
        "address": "5904 Wabash Ave Kansas City MO 64130",
        "case_number": "CPDR-2023-00092",
        "category": "Complete Building or Structure Demolition - Residential",
        "date": "2023-05-01T16:52:52.36",
        "detail_url": "https://compasskc.kcmo.org/EnerGov_Prod/SelfService#/permit/9e90636b-b995-4e2a-93e1-dd5f8e4131ca",
        "external_id": "9e90636b-b995-4e2a-93e1-dd5f8e4131ca",
        "geometry_source": "KCMO parcels",
        "has_parcel_polygon": true,
        "match_method": "parcel_id",
        "match_status": "matched",
        "parcel_address": "5904 Wabash Ave",
        "parcel_id": "104447",
        "record_id": "case:9e90636b-b995-4e2a-93e1-dd5f8e4131ca",
        "record_type": "Complete Building or Structure Demolition - Residential",
        "status": "Closed",
        "year": "2023"
      },
      "type": "Feature"
    },
    {
      "geometry": {
        "coordinates": [
          [
            [
              -94.54064339351056,
              39.09491990900286
            ],
            [
              -94.54018715200135,
              39.09490411871604
            ],
            [
              -94.54017900420301,
              39.09508437634965
            ],
            [
              -94.54063510007263,
              39.09510018902713
            ],
            [
              -94.54064339351056,
              39.09491990900286
            ]
          ]
        ],
        "type": "Polygon"
      },
      "properties": {
        "address": "1418 Askew Ave Kansas City MO 64127",
        "case_number": "CPDR-2023-00090",
        "category": "Complete Building or Structure Demolition - Residential",
        "date": "2023-05-01T16:52:52.377",
        "detail_url": "https://compasskc.kcmo.org/EnerGov_Prod/SelfService#/permit/e1176968-3b27-418b-ae34-3efbbe00d439",
        "external_id": "e1176968-3b27-418b-ae34-3efbbe00d439",
        "geometry_source": "KCMO parcels",
        "has_parcel_polygon": true,
        "match_method": "parcel_id",
        "match_status": "matched",
        "parcel_address": "1418 Askew Ave",
        "parcel_id": "11559",
        "record_id": "case:e1176968-3b27-418b-ae34-3efbbe00d439",
        "record_type": "Complete Building or Structure Demolition - Residential",
        "status": "Closed",
        "year": "2023"
      },
      "type": "Feature"
    },
    {
      "geometry": {
        "coordinates": [
          [
            [
              -94.55357711583365,
              39.01601701371479
            ],
            [
              -94.55315044296665,
              39.0159989503962
            ],
            [
              -94.55314312542721,
              39.016136399458176
            ],
            [
              -94.55356982848309,
              39.01615450912311
            ],
            [
              -94.55357711583365,
              39.01601701371479
            ]
          ]
        ],
        "type": "Polygon"
      },
      "properties": {
        "address": "6041 Chestnut Ave Kansas City MO 64130",
        "case_number": "CPDR-2023-00091",
        "category": "Complete Building or Structure Demolition - Residential",
        "date": "2023-05-01T16:52:52.377",
        "detail_url": "https://compasskc.kcmo.org/EnerGov_Prod/SelfService#/permit/f7a7a0ba-cc03-4189-bb4f-2cda494cfd87",
        "external_id": "f7a7a0ba-cc03-4189-bb4f-2cda494cfd87",
        "geometry_source": "KCMO parcels",
        "has_parcel_polygon": true,
        "match_method": "parcel_id",
        "match_status": "matched",
        "parcel_address": "6041 Chestnut Ave",
        "parcel_id": "1140",
        "record_id": "case:f7a7a0ba-cc03-4189-bb4f-2cda494cfd87",
        "record_type": "Complete Building or Structure Demolition - Residential",
        "status": "Closed",
        "year": "2023"
      },
      "type": "Feature"
    },
    {
      "geometry": {
        "coordinates": [
          [
            [
              -94.57168797346979,
              39.0113636543264
            ],
            [
              -94.57185506289373,
              39.011314586685224
            ],
            [
              -94.57203301151584,
              39.011273565654044
            ],
            [
              -94.5722144011517,
              39.01124297597539
            ],
            [
              -94.57239820776908,
              39.011222977864065
            ],
            [
              -94.57253040853617,
              39.01121523060404
            ],
            [
              -94.57268945144693,
              39.01121318673336
            ],
            [
              -94.57324318114125,
              39.011234715266966
            ],
            [
              -94.57328688892548,
              39.010163968911925
            ],
            [
              -94.57214354538789,
              39.01011713527544
            ],
            [
              -94.57216783821906,
              39.00963476494523
            ],
            [
              -94.57144952835256,
              39.009605278075945
            ],
            [
              -94.57142555552082,
              39.01008771727989
            ],
            [
              -94.5709356521496,
              39.01006765204364
            ],
            [
              -94.57088430011353,
              39.01133032778012
            ],
            [
              -94.57168797346979,
              39.0113636543264
            ]
          ]
        ],
        "type": "Polygon"
      },
      "properties": {
        "address": "1166 E 65th St Kansas City MO 64131",
        "case_number": "CPDC-2023-00089",
        "category": "Complete Building Demolition - Commercial",
        "date": "2023-05-02T11:24:04.307",
        "detail_url": "https://compasskc.kcmo.org/EnerGov_Prod/SelfService#/permit/4e9d79f3-557a-46e8-b9b3-adae0884869f",
        "external_id": "4e9d79f3-557a-46e8-b9b3-adae0884869f",
        "geometry_source": "KCMO parcels",
        "has_parcel_polygon": true,
        "match_method": "parcel_id",
        "match_status": "matched",
        "parcel_address": "1221 E Meyer Blvd",
        "parcel_id": "260962",
        "record_id": "case:4e9d79f3-557a-46e8-b9b3-adae0884869f",
        "record_type": "Complete Building Demolition - Commercial",
        "status": "Issued",
        "year": "2023"
      },
      "type": "Feature"
    },
    {
      "geometry": {
        "coordinates": [
          [
            [
              -94.59182148145821,
              38.99149840562844
            ],
            [
              -94.59134706276411,
              38.99147678924181
            ],
            [
              -94.59131358289801,
              38.991981756440126
            ],
            [
              -94.5914011963274,
              38.99198521096301
            ],
            [
              -94.59139147287713,
              38.992131474650805
            ],
            [
              -94.5917864041062,
              38.992148096108465
            ],
            [
              -94.59182148145821,
              38.99149840562844
            ]
          ]
        ],
        "type": "Polygon"
      },
      "properties": {
        "address": "115 W 75th St Kansas City MO 64114",
        "case_number": "CPDC-2023-00088",
        "category": "Complete Building Demolition - Commercial",
        "date": "2023-05-02T11:24:28.577",
        "detail_url": "https://compasskc.kcmo.org/EnerGov_Prod/SelfService#/permit/6759ec61-ad81-48ba-b095-f7625c04de6a",
        "external_id": "6759ec61-ad81-48ba-b095-f7625c04de6a",
        "geometry_source": "KCMO parcels",
        "has_parcel_polygon": true,
        "match_method": "parcel_id",
        "match_status": "matched",
        "parcel_address": "111 W 75th St",
        "parcel_id": "118220",
        "record_id": "case:6759ec61-ad81-48ba-b095-f7625c04de6a",
        "record_type": "Complete Building Demolition - Commercial",
        "status": "Issued",
        "year": "2023"
      },
      "type": "Feature"
    },
    {
      "geometry": {
        "coordinates": [
          [
            [
              -94.5563608567035,
              39.02484587139733
            ],
            [
              -94.55589664382374,
              39.02483007805906
            ],
            [
              -94.55589197172388,
              39.02489336853676
            ],
            [
              -94.55635624298677,
              39.024909208199155
            ],
            [
              -94.5563608567035,
              39.02484587139733
            ]
          ]
        ],
        "type": "Polygon"
      },
      "properties": {
        "address": "5551 Wabash Ave Kansas City MO 64130",
        "case_number": "CPDR-2023-00096",
        "category": "Complete Building or Structure Demolition - Residential",
        "date": "2023-05-02T14:13:31.2",
        "detail_url": "https://compasskc.kcmo.org/EnerGov_Prod/SelfService#/permit/22f36ee8-a73c-468d-be36-5b02100cd5f5",
        "external_id": "22f36ee8-a73c-468d-be36-5b02100cd5f5",
        "geometry_source": "KCMO parcels",
        "has_parcel_polygon": true,
        "match_method": "parcel_id",
        "match_status": "matched",
        "parcel_address": "5551 Wabash Ave",
        "parcel_id": "147646",
        "record_id": "case:22f36ee8-a73c-468d-be36-5b02100cd5f5",
        "record_type": "Complete Building or Structure Demolition - Residential",
        "status": "Closed",
        "year": "2023"
      },
      "type": "Feature"
    },
    {
      "geometry": {
        "coordinates": [
          [
            [
              -94.55057342926813,
              39.042484797129404
            ],
            [
              -94.55018031385966,
              39.042471626193326
            ],
            [
              -94.55017539526975,
              39.042569627854746
            ],
            [
              -94.55056848189535,
              39.04258384962569
            ],
            [
              -94.55057342926813,
              39.042484797129404
            ]
          ]
        ],
        "type": "Polygon"
      },
      "properties": {
        "address": "4600 Agnes Ave Kansas City MO 64130",
        "case_number": "CPDR-2023-00093",
        "category": "Complete Building or Structure Demolition - Residential",
        "date": "2023-05-02T14:13:31.233",
        "detail_url": "https://compasskc.kcmo.org/EnerGov_Prod/SelfService#/permit/495e233f-7ae6-4fe4-aa3d-dcc225489237",
        "external_id": "495e233f-7ae6-4fe4-aa3d-dcc225489237",
        "geometry_source": "KCMO parcels",
        "has_parcel_polygon": true,
        "match_method": "parcel_id",
        "match_status": "matched",
        "parcel_address": "4600 Agnes Ave",
        "parcel_id": "34718",
        "record_id": "case:495e233f-7ae6-4fe4-aa3d-dcc225489237",
        "record_type": "Complete Building or Structure Demolition - Residential",
        "status": "Closed",
        "year": "2023"
      },
      "type": "Feature"
    },
    {
      "geometry": {
        "coordinates": [
          [
            [
              -94.50510209928628,
              39.020412338132644
            ],
            [
              -94.50385169401817,
              39.02037454092449
            ],
            [
              -94.50384149863031,
              39.020582415208494
            ],
            [
              -94.50509093944538,
              39.02061790158496
            ],
            [
              -94.50510209928628,
              39.020412338132644
            ]
          ]
        ],
        "type": "Polygon"
      },
      "properties": {
        "address": "5715 Cambridge Ave Kansas City MO 64129",
        "case_number": "CPDR-2023-00094",
        "category": "Complete Building or Structure Demolition - Residential",
        "date": "2023-05-02T14:13:31.233",
        "detail_url": "https://compasskc.kcmo.org/EnerGov_Prod/SelfService#/permit/cb4380b6-a2b3-46b1-ab0c-ecffea349986",
        "external_id": "cb4380b6-a2b3-46b1-ab0c-ecffea349986",
        "geometry_source": "KCMO parcels",
        "has_parcel_polygon": true,
        "match_method": "parcel_id",
        "match_status": "matched",
        "parcel_address": "5715 Cambridge Ave",
        "parcel_id": "54687",
        "record_id": "case:cb4380b6-a2b3-46b1-ab0c-ecffea349986",
        "record_type": "Complete Building or Structure Demolition - Residential",
        "status": "Closed",
        "year": "2023"
      },
      "type": "Feature"
    },
    {
      "geometry": {
        "coordinates": [
          [
            [
              -94.5488663543089,
              39.01691254123057
            ],
            [
              -94.54872530090749,
              39.01690628449418
            ],
            [
              -94.54870429075665,
              39.017319547913324
            ],
            [
              -94.54884531492836,
              39.017325825851664
            ],
            [
              -94.5488663543089,
              39.01691254123057
            ]
          ]
        ],
        "type": "Polygon"
      },
      "properties": {
        "address": "3201 E 60th St Kansas City MO 64130",
        "case_number": "CPDR-2023-00095",
        "category": "Complete Building or Structure Demolition - Residential",
        "date": "2023-05-02T14:13:31.233",
        "detail_url": "https://compasskc.kcmo.org/EnerGov_Prod/SelfService#/permit/e3c2bf0a-90fb-4873-975b-944c5d71ecad",
        "external_id": "e3c2bf0a-90fb-4873-975b-944c5d71ecad",
        "geometry_source": "KCMO parcels",
        "has_parcel_polygon": true,
        "match_method": "parcel_id",
        "match_status": "matched",
        "parcel_address": "3201 E 60th St",
        "parcel_id": "939",
        "record_id": "case:e3c2bf0a-90fb-4873-975b-944c5d71ecad",
        "record_type": "Complete Building or Structure Demolition - Residential",
        "status": "Closed",
        "year": "2023"
      },
      "type": "Feature"
    },
    {
      "geometry": {
        "coordinates": [
          [
            [
              -94.55635624298677,
              39.024909208199155
            ],
            [
              -94.55589197172388,
              39.02489336853676
            ],
            [
              -94.55588718091133,
              39.024957712167904
            ],
            [
              -94.55635154209726,
              39.02497359756761
            ],
            [
              -94.55635624298677,
              39.024909208199155
            ]
          ]
        ],
        "type": "Polygon"
      },
      "properties": {
        "address": "5549 Wabash Ave Kansas City MO 64130",
        "case_number": "CPDR-2023-00097",
        "category": "Complete Building or Structure Demolition - Residential",
        "date": "2023-05-02T14:13:31.233",
        "detail_url": "https://compasskc.kcmo.org/EnerGov_Prod/SelfService#/permit/b0826836-0fa8-4ab4-a8f7-1f97e6b2902e",
        "external_id": "b0826836-0fa8-4ab4-a8f7-1f97e6b2902e",
        "geometry_source": "KCMO parcels",
        "has_parcel_polygon": true,
        "match_method": "parcel_id",
        "match_status": "matched",
        "parcel_address": "5549 Wabash Ave",
        "parcel_id": "147645",
        "record_id": "case:b0826836-0fa8-4ab4-a8f7-1f97e6b2902e",
        "record_type": "Complete Building or Structure Demolition - Residential",
        "status": "Closed",
        "year": "2023"
      },
      "type": "Feature"
    },
    {
      "geometry": {
        "coordinates": [
          [
            [
              -94.55455843206029,
              39.070151639437206
            ],
            [
              -94.55408667150544,
              39.0701349045097
            ],
            [
              -94.55407682824989,
              39.0702358357521
            ],
            [
              -94.5545490289707,
              39.07025250301467
            ],
            [
              -94.55455843206029,
              39.070151639437206
            ]
          ]
        ],
        "type": "Polygon"
      },
      "properties": {
        "address": "3042 Wabash Ave Kansas City MO 64109",
        "case_number": "CPDR-2023-00099",
        "category": "Pre-Demolition Inspection - Residential",
        "date": "2023-05-05T11:35:35.713",
        "detail_url": "https://compasskc.kcmo.org/EnerGov_Prod/SelfService#/permit/ca0ab373-8d6f-4983-9669-12896639d921",
        "external_id": "ca0ab373-8d6f-4983-9669-12896639d921",
        "geometry_source": "KCMO parcels",
        "has_parcel_polygon": true,
        "match_method": "parcel_id",
        "match_status": "matched",
        "parcel_address": "3042 Wabash Ave",
        "parcel_id": "26986",
        "record_id": "case:ca0ab373-8d6f-4983-9669-12896639d921",
        "record_type": "Pre-Demolition Inspection - Residential",
        "status": "Closed",
        "year": "2023"
      },
      "type": "Feature"
    },
    {
      "geometry": {
        "coordinates": [
          [
            [
              -94.50036553670174,
              39.18198439076104
            ],
            [
              -94.50018908654255,
              39.18198276724562
            ],
            [
              -94.50018361867605,
              39.182368735652446
            ],
            [
              -94.50036007126937,
              39.18237024477422
            ],
            [
              -94.50036553670174,
              39.18198439076104
            ]
          ]
        ],
        "type": "Polygon"
      },
      "properties": {
        "address": "6641 NE 49th St Kansas City MO 64119",
        "case_number": "CPDR-2023-00101",
        "category": "Complete Building or Structure Demolition - Residential",
        "date": "2023-05-09T09:28:20.457",
        "detail_url": "https://compasskc.kcmo.org/EnerGov_Prod/SelfService#/permit/84543f6a-0ccb-49d7-b127-d1d474c45618",
        "external_id": "84543f6a-0ccb-49d7-b127-d1d474c45618",
        "geometry_source": "KCMO parcels",
        "has_parcel_polygon": true,
        "match_method": "parcel_id",
        "match_status": "matched",
        "parcel_address": "6641 NE 49th St",
        "parcel_id": "82591",
        "record_id": "case:84543f6a-0ccb-49d7-b127-d1d474c45618",
        "record_type": "Complete Building or Structure Demolition - Residential",
        "status": "Closed",
        "year": "2023"
      },
      "type": "Feature"
    },
    {
      "geometry": {
        "coordinates": [
          [
            [
              -94.58731672724397,
              39.06805276311775
            ],
            [
              -94.58612427806776,
              39.0683211940551
            ],
            [
              -94.58610520463007,
              39.06868762204456
            ],
            [
              -94.58649336546175,
              39.068701268644766
            ],
            [
              -94.5864787698906,
              39.0689828518761
            ],
            [
              -94.58726892063704,
              39.069010908894725
            ],
            [
              -94.58731672724397,
              39.06805276311775
            ]
          ]
        ],
        "type": "Polygon"
      },
      "properties": {
        "address": "20 W Linwood Blvd Kansas City MO 64111",
        "case_number": "CPDC-2023-00090",
        "category": "Pre-Demolition Inspection - Commercial",
        "date": "2023-05-09T09:55:09.783",
        "detail_url": "https://compasskc.kcmo.org/EnerGov_Prod/SelfService#/permit/c55daabf-9f53-4164-8e97-d9242f8b0158",
        "external_id": "c55daabf-9f53-4164-8e97-d9242f8b0158",
        "geometry_source": "KCMO parcels",
        "has_parcel_polygon": true,
        "match_method": "parcel_id",
        "match_status": "matched",
        "parcel_address": "20 W Linwood Blvd",
        "parcel_id": "127764",
        "record_id": "case:c55daabf-9f53-4164-8e97-d9242f8b0158",
        "record_type": "Pre-Demolition Inspection - Commercial",
        "status": "Issued",
        "year": "2023"
      },
      "type": "Feature"
    },
    {
      "geometry": {
        "coordinates": [
          [
            [
              -94.55956067183524,
              39.021646410477004
            ],
            [
              -94.55908274993256,
              39.02162839503563
            ],
            [
              -94.55907661065329,
              39.021724338748385
            ],
            [
              -94.55955424003334,
              39.021742537411754
            ],
            [
              -94.55956067183524,
              39.021646410477004
            ]
          ]
        ],
        "type": "Polygon"
      },
      "properties": {
        "address": "5728 Park Ave Kansas City MO 64130",
        "case_number": "CPDR-2023-00106",
        "category": "Complete Building or Structure Demolition - Residential",
        "date": "2023-05-10T08:46:39.307",
        "detail_url": "https://compasskc.kcmo.org/EnerGov_Prod/SelfService#/permit/2078f6f3-07ac-46c1-b223-1262bba3054f",
        "external_id": "2078f6f3-07ac-46c1-b223-1262bba3054f",
        "geometry_source": "KCMO parcels",
        "has_parcel_polygon": true,
        "match_method": "parcel_id",
        "match_status": "matched",
        "parcel_address": "5728 Park Ave",
        "parcel_id": "148341",
        "record_id": "case:2078f6f3-07ac-46c1-b223-1262bba3054f",
        "record_type": "Complete Building or Structure Demolition - Residential",
        "status": "Closed",
        "year": "2023"
      },
      "type": "Feature"
    },
    {
      "geometry": {
        "coordinates": [
          [
            [
              -94.56672014813832,
              39.047194469612144
            ],
            [
              -94.5662490958601,
              39.04717787489388
            ],
            [
              -94.56624399191904,
              39.04727390892385
            ],
            [
              -94.56671501549135,
              39.047290503678674
            ],
            [
              -94.56672014813832,
              39.047194469612144
            ]
          ]
        ],
        "type": "Polygon"
      },
      "properties": {
        "address": "4341 Flora Ave Kansas City MO 64110",
        "case_number": "CPDR-2023-00107",
        "category": "Complete Building or Structure Demolition - Residential",
        "date": "2023-05-10T08:46:42.463",
        "detail_url": "https://compasskc.kcmo.org/EnerGov_Prod/SelfService#/permit/f82a6bd3-2083-4d68-ae29-af9bd1d5851f",
        "external_id": "f82a6bd3-2083-4d68-ae29-af9bd1d5851f",
        "geometry_source": "KCMO parcels",
        "has_parcel_polygon": true,
        "match_method": "parcel_id",
        "match_status": "matched",
        "parcel_address": "4341 Flora Ave",
        "parcel_id": "137528",
        "record_id": "case:f82a6bd3-2083-4d68-ae29-af9bd1d5851f",
        "record_type": "Complete Building or Structure Demolition - Residential",
        "status": "Closed",
        "year": "2023"
      },
      "type": "Feature"
    },
    {
      "geometry": {
        "coordinates": [
          [
            [
              -94.5623942958853,
              38.97871354114458
            ],
            [
              -94.5619537160725,
              38.97869556189695
            ],
            [
              -94.5619467406586,
              38.97883257860701
            ],
            [
              -94.56238773247229,
              38.97885057996919
            ],
            [
              -94.5623942958853,
              38.97871354114458
            ]
          ]
        ],
        "type": "Polygon"
      },
      "properties": {
        "address": "8145 Brooklyn Ave Kansas City MO 64132",
        "case_number": "CPDR-2023-00105",
        "category": "Complete Building or Structure Demolition - Residential",
        "date": "2023-05-10T08:46:45.39",
        "detail_url": "https://compasskc.kcmo.org/EnerGov_Prod/SelfService#/permit/ec7ad875-905d-4214-80b7-1baca7548205",
        "external_id": "ec7ad875-905d-4214-80b7-1baca7548205",
        "geometry_source": "KCMO parcels",
        "has_parcel_polygon": true,
        "match_method": "parcel_id",
        "match_status": "matched",
        "parcel_address": "8145 Brooklyn Ave",
        "parcel_id": "117519",
        "record_id": "case:ec7ad875-905d-4214-80b7-1baca7548205",
        "record_type": "Complete Building or Structure Demolition - Residential",
        "status": "Closed",
        "year": "2023"
      },
      "type": "Feature"
    },
    {
      "geometry": {
        "coordinates": [
          [
            [
              -94.5331076471509,
              39.08560402394967
            ],
            [
              -94.53268713928068,
              39.08559119207996
            ],
            [
              -94.53268158243199,
              39.0857009068326
            ],
            [
              -94.53310279485629,
              39.08571380773627
            ],
            [
              -94.5331076471509,
              39.08560402394967
            ]
          ]
        ],
        "type": "Polygon"
      },
      "properties": {
        "address": "2044 Spruce Ave Kansas City MO 64127",
        "case_number": "CPDR-2023-00104",
        "category": "Complete Building or Structure Demolition - Residential",
        "date": "2023-05-10T08:46:48.367",
        "detail_url": "https://compasskc.kcmo.org/EnerGov_Prod/SelfService#/permit/77ec266d-64fe-41a9-9530-ddc79f0319df",
        "external_id": "77ec266d-64fe-41a9-9530-ddc79f0319df",
        "geometry_source": "KCMO parcels",
        "has_parcel_polygon": true,
        "match_method": "parcel_id",
        "match_status": "matched",
        "parcel_address": "2044 Spruce Ave",
        "parcel_id": "18666",
        "record_id": "case:77ec266d-64fe-41a9-9530-ddc79f0319df",
        "record_type": "Complete Building or Structure Demolition - Residential",
        "status": "Closed",
        "year": "2023"
      },
      "type": "Feature"
    },
    {
      "geometry": {
        "coordinates": [
          [
            [
              -94.48844162784674,
              39.10293205494995
            ],
            [
              -94.48828516898477,
              39.10292254384997
            ],
            [
              -94.4882390001724,
              39.104014199910814
            ],
            [
              -94.4883954624529,
              39.10402201847328
            ],
            [
              -94.48844162784674,
              39.10293205494995
            ]
          ]
        ],
        "type": "Polygon"
      },
      "properties": {
        "address": "8013 Independence Ave Kansas City MO 64125",
        "case_number": "CPDR-2023-00098",
        "category": "Complete Building or Structure Demolition - Residential",
        "date": "2023-05-12T10:22:13.667",
        "detail_url": "https://compasskc.kcmo.org/EnerGov_Prod/SelfService#/permit/8f1e5bcf-d2e2-44e5-b6ba-956815b5ed13",
        "external_id": "8f1e5bcf-d2e2-44e5-b6ba-956815b5ed13",
        "geometry_source": "KCMO parcels",
        "has_parcel_polygon": true,
        "match_method": "parcel_id",
        "match_status": "matched",
        "parcel_address": "8013 Independence Ave",
        "parcel_id": "46440",
        "record_id": "case:8f1e5bcf-d2e2-44e5-b6ba-956815b5ed13",
        "record_type": "Complete Building or Structure Demolition - Residential",
        "status": "Closed",
        "year": "2023"
      },
      "type": "Feature"
    },
    {
      "geometry": {
        "coordinates": [
          [
            [
              -94.51036441281278,
              39.05536756495991
            ],
            [
              -94.50989599028803,
              39.05535939083906
            ],
            [
              -94.50988949491123,
              39.05549871357554
            ],
            [
              -94.51035783027068,
              39.05550656682581
            ],
            [
              -94.51036441281278,
              39.05536756495991
            ]
          ]
        ],
        "type": "Polygon"
      },
      "properties": {
        "address": "3810 Fremont Ave Kansas City MO 64129",
        "case_number": "CPDC-2023-00094",
        "category": "Pre-Demolition Inspection - Commercial",
        "date": "2023-05-12T12:10:43.697",
        "detail_url": "https://compasskc.kcmo.org/EnerGov_Prod/SelfService#/permit/8fc248c3-2083-49a5-8e0b-d9ea8ba1d231",
        "external_id": "8fc248c3-2083-49a5-8e0b-d9ea8ba1d231",
        "geometry_source": "KCMO parcels",
        "has_parcel_polygon": true,
        "match_method": "parcel_id",
        "match_status": "matched",
        "parcel_address": "3810 Fremont Ave",
        "parcel_id": "32666",
        "record_id": "case:8fc248c3-2083-49a5-8e0b-d9ea8ba1d231",
        "record_type": "Pre-Demolition Inspection - Commercial",
        "status": "Issued",
        "year": "2023"
      },
      "type": "Feature"
    },
    {
      "geometry": {
        "coordinates": [
          [
            [
              -94.53325950116282,
              39.07381148082444
            ],
            [
              -94.53290540489733,
              39.07380078096853
            ],
            [
              -94.5329045452249,
              39.0739106547942
            ],
            [
              -94.53325679418342,
              39.07392126422809
            ],
            [
              -94.53325950116282,
              39.07381148082444
            ]
          ]
        ],
        "type": "Polygon"
      },
      "properties": {
        "address": "2821 Spruce Ave Kansas City MO 64128",
        "case_number": "CPDR-2023-00110",
        "category": "Complete Building or Structure Demolition - Residential",
        "date": "2023-05-12T12:10:43.697",
        "detail_url": "https://compasskc.kcmo.org/EnerGov_Prod/SelfService#/permit/a009dcea-0895-463d-808b-8830806aa8d6",
        "external_id": "a009dcea-0895-463d-808b-8830806aa8d6",
        "geometry_source": "KCMO parcels",
        "has_parcel_polygon": true,
        "match_method": "parcel_id",
        "match_status": "matched",
        "parcel_address": "2821 Spruce Ave",
        "parcel_id": "22394",
        "record_id": "case:a009dcea-0895-463d-808b-8830806aa8d6",
        "record_type": "Complete Building or Structure Demolition - Residential",
        "status": "Closed",
        "year": "2023"
      },
      "type": "Feature"
    },
    {
      "geometry": {
        "coordinates": [
          [
            [
              -94.59821490181916,
              39.04682885138882
            ],
            [
              -94.59775883869486,
              39.04681227920948
            ],
            [
              -94.59775400330253,
              39.04690133571015
            ],
            [
              -94.59821018379309,
              39.04691802221356
            ],
            [
              -94.59821490181916,
              39.04682885138882
            ]
          ]
        ],
        "type": "Polygon"
      },
      "properties": {
        "address": "4433 Belleview Ave Kansas City MO 64111",
        "case_number": "CPDR-2023-00108",
        "category": "Complete Building or Structure Demolition - Residential",
        "date": "2023-05-12T16:15:27.523",
        "detail_url": "https://compasskc.kcmo.org/EnerGov_Prod/SelfService#/permit/bff5cc44-5ceb-41ee-a015-55e9990d2f12",
        "external_id": "bff5cc44-5ceb-41ee-a015-55e9990d2f12",
        "geometry_source": "KCMO parcels",
        "has_parcel_polygon": true,
        "match_method": "parcel_id",
        "match_status": "matched",
        "parcel_address": "4433 Belleview Ave",
        "parcel_id": "140684",
        "record_id": "case:bff5cc44-5ceb-41ee-a015-55e9990d2f12",
        "record_type": "Complete Building or Structure Demolition - Residential",
        "status": "Closed",
        "year": "2023"
      },
      "type": "Feature"
    },
    {
      "geometry": {
        "coordinates": [
          [
            [
              -94.48812239587667,
              39.10291262061662
            ],
            [
              -94.48772173536304,
              39.102888302704336
            ],
            [
              -94.4876777607239,
              39.103986204633124
            ],
            [
              -94.48807660747245,
              39.10400615229726
            ],
            [
              -94.48812239587667,
              39.10291262061662
            ]
          ]
        ],
        "type": "Polygon"
      },
      "properties": {
        "address": "8101 Independence Ave Kansas City MO 64125",
        "case_number": "CPDR-2023-00109",
        "category": "Complete Building or Structure Demolition - Residential",
        "date": "2023-05-12T16:15:30.523",
        "detail_url": "https://compasskc.kcmo.org/EnerGov_Prod/SelfService#/permit/0f8f6a20-2fff-44d8-adcd-7ba26790b678",
        "external_id": "0f8f6a20-2fff-44d8-adcd-7ba26790b678",
        "geometry_source": "KCMO parcels",
        "has_parcel_polygon": true,
        "match_method": "parcel_id",
        "match_status": "matched",
        "parcel_address": "8101 Independence Ave",
        "parcel_id": "46438",
        "record_id": "case:0f8f6a20-2fff-44d8-adcd-7ba26790b678",
        "record_type": "Complete Building or Structure Demolition - Residential",
        "status": "Closed",
        "year": "2023"
      },
      "type": "Feature"
    },
    {
      "geometry": {
        "coordinates": [
          [
            [
              -94.59846074187557,
              38.98448388443524
            ],
            [
              -94.59788824184864,
              38.98445992960526
            ],
            [
              -94.59785166482916,
              38.98453176073261
            ],
            [
              -94.5978156949332,
              38.984617687265605
            ],
            [
              -94.59840426196193,
              38.984641766761094
            ],
            [
              -94.59846074187557,
              38.98448388443524
            ]
          ]
        ],
        "type": "Polygon"
      },
      "properties": {
        "address": "7914 Jefferson St Kansas City MO 64114",
        "case_number": "CPDR-2023-00111",
        "category": "Pre-Demolition Inspection - Residential",
        "date": "2023-05-13T21:37:19.497",
        "detail_url": "https://compasskc.kcmo.org/EnerGov_Prod/SelfService#/permit/9f40b6de-a1ee-4328-a987-8eff64e428b1",
        "external_id": "9f40b6de-a1ee-4328-a987-8eff64e428b1",
        "geometry_source": "KCMO parcels",
        "has_parcel_polygon": true,
        "match_method": "parcel_id",
        "match_status": "matched",
        "parcel_address": "7914 Jefferson St",
        "parcel_id": "120786",
        "record_id": "case:9f40b6de-a1ee-4328-a987-8eff64e428b1",
        "record_type": "Pre-Demolition Inspection - Residential",
        "status": "Voided-City",
        "year": "2023"
      },
      "type": "Feature"
    },
    {
      "geometry": {
        "coordinates": [
          [
            [
              -94.48893524056452,
              39.10422149779614
            ],
            [
              -94.48878288879035,
              39.10421535178738
            ],
            [
              -94.48876038758043,
              39.10462260278225
            ],
            [
              -94.48891285844334,
              39.10462865730863
            ],
            [
              -94.48893524056452,
              39.10422149779614
            ]
          ]
        ],
        "type": "Polygon"
      },
      "properties": {
        "address": "8002 Independence Ave Kansas City MO 64125",
        "case_number": "CPDR-2023-00102",
        "category": "Complete Building or Structure Demolition - Residential",
        "date": "2023-05-16T11:03:19.597",
        "detail_url": "https://compasskc.kcmo.org/EnerGov_Prod/SelfService#/permit/292b2e1b-da46-4845-8be4-16a2c8dd8b4d",
        "external_id": "292b2e1b-da46-4845-8be4-16a2c8dd8b4d",
        "geometry_source": "KCMO parcels",
        "has_parcel_polygon": true,
        "match_method": "parcel_id",
        "match_status": "matched",
        "parcel_address": "8002 Independence Ave",
        "parcel_id": "46715",
        "record_id": "case:292b2e1b-da46-4845-8be4-16a2c8dd8b4d",
        "record_type": "Complete Building or Structure Demolition - Residential",
        "status": "Closed",
        "year": "2023"
      },
      "type": "Feature"
    },
    {
      "geometry": {
        "coordinates": [
          [
            [
              -94.51965461404984,
              39.18432696522313
            ],
            [
              -94.51929023329382,
              39.18399359059221
            ],
            [
              -94.51910313837081,
              39.18411811289663
            ],
            [
              -94.5194670204437,
              39.184451054033914
            ],
            [
              -94.51965461404984,
              39.18432696522313
            ]
          ]
        ],
        "type": "Polygon"
      },
      "properties": {
        "address": "5114 NE Barnes Ave Kansas City MO 64155",
        "case_number": "CPDR-2023-00062",
        "category": "Partial Building Demolition - Residential",
        "date": "2023-05-16T12:11:50.607",
        "detail_url": "https://compasskc.kcmo.org/EnerGov_Prod/SelfService#/permit/96b6862c-07b4-46d0-9742-b0b202ec6239",
        "external_id": "96b6862c-07b4-46d0-9742-b0b202ec6239",
        "geometry_source": "KCMO parcels",
        "has_parcel_polygon": true,
        "match_method": "parcel_id",
        "match_status": "matched",
        "parcel_address": "5114 NE Barnes Ave",
        "parcel_id": "81469",
        "record_id": "case:96b6862c-07b4-46d0-9742-b0b202ec6239",
        "record_type": "Partial Building Demolition - Residential",
        "status": "Issued",
        "year": "2023"
      },
      "type": "Feature"
    },
    {
      "geometry": {
        "coordinates": [
          [
            [
              -94.48878288879035,
              39.10421535178738
            ],
            [
              -94.48864815813717,
              39.10420989314496
            ],
            [
              -94.48862662522635,
              39.10461725918401
            ],
            [
              -94.48876038758043,
              39.10462260278225
            ],
            [
              -94.48878288879035,
              39.10421535178738
            ]
          ]
        ],
        "type": "Polygon"
      },
      "properties": {
        "address": "8006 Independence Ave Kansas City MO 64125",
        "case_number": "CPDR-2023-00112",
        "category": "Complete Building or Structure Demolition - Residential",
        "date": "2023-05-16T12:22:53.73",
        "detail_url": "https://compasskc.kcmo.org/EnerGov_Prod/SelfService#/permit/5d31298a-52c2-4adf-9ab9-dd8a62855a0b",
        "external_id": "5d31298a-52c2-4adf-9ab9-dd8a62855a0b",
        "geometry_source": "KCMO parcels",
        "has_parcel_polygon": true,
        "match_method": "parcel_id",
        "match_status": "matched",
        "parcel_address": "8006 Independence Ave",
        "parcel_id": "46714",
        "record_id": "case:5d31298a-52c2-4adf-9ab9-dd8a62855a0b",
        "record_type": "Complete Building or Structure Demolition - Residential",
        "status": "Closed",
        "year": "2023"
      },
      "type": "Feature"
    },
    {
      "geometry": {
        "coordinates": [
          [
            [
              -94.54444409354693,
              39.107088394434754
            ],
            [
              -94.54409446590076,
              39.107075919372384
            ],
            [
              -94.54407756524898,
              39.10742886057876
            ],
            [
              -94.54442634240012,
              39.10744158713007
            ],
            [
              -94.54444409354693,
              39.107088394434754
            ]
          ]
        ],
        "type": "Polygon"
      },
      "properties": {
        "address": "509 Benton Blvd Kansas City MO 64124",
        "case_number": "CPDC-2023-00097",
        "category": "Pre-Demolition Inspection - Commercial",
        "date": "2023-05-17T11:24:27.847",
        "detail_url": "https://compasskc.kcmo.org/EnerGov_Prod/SelfService#/permit/0e6e0f41-15a7-45fb-a064-511c2af2b014",
        "external_id": "0e6e0f41-15a7-45fb-a064-511c2af2b014",
        "geometry_source": "KCMO parcels",
        "has_parcel_polygon": true,
        "match_method": "parcel_id",
        "match_status": "matched",
        "parcel_address": "511 Benton Blvd",
        "parcel_id": "41159",
        "record_id": "case:0e6e0f41-15a7-45fb-a064-511c2af2b014",
        "record_type": "Pre-Demolition Inspection - Commercial",
        "status": "Issued",
        "year": "2023"
      },
      "type": "Feature"
    },
    {
      "geometry": {
        "coordinates": [
          [
            [
              -94.48134737933528,
              39.03009551555296
            ],
            [
              -94.4813444097361,
              39.030302371045295
            ],
            [
              -94.4814843960675,
              39.03030074820806
            ],
            [
              -94.48149752233996,
              39.030989682469425
            ],
            [
              -94.48249781281548,
              39.03101059331517
            ],
            [
              -94.48281954021867,
              39.031011739431634
            ],
            [
              -94.48325887362257,
              39.03102624520593
            ],
            [
              -94.48329838046213,
              39.03101622557441
            ],
            [
              -94.48331995685662,
              39.03100135088608
            ],
            [
              -94.48333124569034,
              39.03098726068528
            ],
            [
              -94.48391196746039,
              39.02991660160956
            ],
            [
              -94.48347052011476,
              39.02979386128121
            ],
            [
              -94.4815182393498,
              39.02973379805279
            ],
            [
              -94.48147966719101,
              39.030109566669736
            ],
            [
              -94.48134737933528,
              39.03009551555296
            ]
          ]
        ],
        "type": "Polygon"
      },
      "properties": {
        "address": "8701 Sni-A-Bar Rd Kansas City MO 64129",
        "case_number": "CPDC-2023-00095",
        "category": "Pre-Demolition Inspection - Commercial",
        "date": "2023-05-17T11:32:52.16",
        "detail_url": "https://compasskc.kcmo.org/EnerGov_Prod/SelfService#/permit/317bedb5-98e0-4e1a-90ed-a6bf840e3c29",
        "external_id": "317bedb5-98e0-4e1a-90ed-a6bf840e3c29",
        "geometry_source": "KCMO parcels",
        "has_parcel_polygon": true,
        "match_method": "parcel_id",
        "match_status": "matched",
        "parcel_address": "8701 Sni-A-Bar Rd",
        "parcel_id": "260400",
        "record_id": "case:317bedb5-98e0-4e1a-90ed-a6bf840e3c29",
        "record_type": "Pre-Demolition Inspection - Commercial",
        "status": "Cancelled",
        "year": "2023"
      },
      "type": "Feature"
    },
    {
      "geometry": {
        "coordinates": [
          [
            [
              -94.58731672724397,
              39.06805276311775
            ],
            [
              -94.58612427806776,
              39.0683211940551
            ],
            [
              -94.58610520463007,
              39.06868762204456
            ],
            [
              -94.58649336546175,
              39.068701268644766
            ],
            [
              -94.5864787698906,
              39.0689828518761
            ],
            [
              -94.58726892063704,
              39.069010908894725
            ],
            [
              -94.58731672724397,
              39.06805276311775
            ]
          ]
        ],
        "type": "Polygon"
      },
      "properties": {
        "address": "20 W Linwood Blvd Kansas City MO 64111",
        "case_number": "CPDC-2023-00098",
        "category": "Complete Building Demolition - Commercial",
        "date": "2023-05-17T15:59:46.217",
        "detail_url": "https://compasskc.kcmo.org/EnerGov_Prod/SelfService#/permit/57c42e57-f11a-4db8-abfc-b932e3839022",
        "external_id": "57c42e57-f11a-4db8-abfc-b932e3839022",
        "geometry_source": "KCMO parcels",
        "has_parcel_polygon": true,
        "match_method": "parcel_id",
        "match_status": "matched",
        "parcel_address": "20 W Linwood Blvd",
        "parcel_id": "127764",
        "record_id": "case:57c42e57-f11a-4db8-abfc-b932e3839022",
        "record_type": "Complete Building Demolition - Commercial",
        "status": "Closed",
        "year": "2023"
      },
      "type": "Feature"
    },
    {
      "geometry": {
        "coordinates": [
          [
            [
              -94.47908126486408,
              39.03488029942766
            ],
            [
              -94.47909110072492,
              39.03485385024097
            ],
            [
              -94.47908333420683,
              39.03482698604106
            ],
            [
              -94.47905987102735,
              39.03480638897606
            ],
            [
              -94.47902721963037,
              39.034797300516594
            ],
            [
              -94.47859581876132,
              39.03477983148554
            ],
            [
              -94.47853873898883,
              39.03484063913509
            ],
            [
              -94.47896187293725,
              39.03503856779252
            ],
            [
              -94.47908126486408,
              39.03488029942766
            ]
          ]
        ],
        "type": "Polygon"
      },
      "properties": {
        "address": "4839 Farley Ave Kansas City MO 64129",
        "case_number": "CPDR-2023-00115",
        "category": "Complete Building or Structure Demolition - Residential",
        "date": "2023-05-18T08:53:53.34",
        "detail_url": "https://compasskc.kcmo.org/EnerGov_Prod/SelfService#/permit/9e705dbc-95cb-42b5-9720-16cf05ce64ff",
        "external_id": "9e705dbc-95cb-42b5-9720-16cf05ce64ff",
        "geometry_source": "KCMO parcels",
        "has_parcel_polygon": true,
        "match_method": "parcel_id",
        "match_status": "matched",
        "parcel_address": "4839 Farley Ave",
        "parcel_id": "50050",
        "record_id": "case:9e705dbc-95cb-42b5-9720-16cf05ce64ff",
        "record_type": "Complete Building or Structure Demolition - Residential",
        "status": "Issued",
        "year": "2023"
      },
      "type": "Feature"
    },
    {
      "geometry": {
        "coordinates": [
          [
            [
              -94.59129651294008,
              38.88099614768275
            ],
            [
              -94.59077179274578,
              38.880965757583226
            ],
            [
              -94.59075000707573,
              38.881236852795006
            ],
            [
              -94.59127534474356,
              38.88126838544086
            ],
            [
              -94.59129651294008,
              38.88099614768275
            ]
          ]
        ],
        "type": "Polygon"
      },
      "properties": {
        "address": "13513 Oak St Kansas City MO 64145",
        "case_number": "CPDR-2023-00116",
        "category": "Complete Building or Structure Demolition - Residential",
        "date": "2023-05-18T12:38:11.653",
        "detail_url": "https://compasskc.kcmo.org/EnerGov_Prod/SelfService#/permit/c333f271-de23-4115-a953-6360699a4586",
        "external_id": "c333f271-de23-4115-a953-6360699a4586",
        "geometry_source": "KCMO parcels",
        "has_parcel_polygon": true,
        "match_method": "parcel_id",
        "match_status": "matched",
        "parcel_address": "13513 Oak St",
        "parcel_id": "159776",
        "record_id": "case:c333f271-de23-4115-a953-6360699a4586",
        "record_type": "Complete Building or Structure Demolition - Residential",
        "status": "Closed",
        "year": "2023"
      },
      "type": "Feature"
    },
    {
      "geometry": {
        "coordinates": [
          [
            [
              -94.48584076035337,
              38.92958399225278
            ],
            [
              -94.48674716780434,
              38.92962331676519
            ],
            [
              -94.48693367294518,
              38.92740084301608
            ],
            [
              -94.4859758435488,
              38.927359449300255
            ],
            [
              -94.48590672775478,
              38.92840689750878
            ],
            [
              -94.48584076035337,
              38.92958399225278
            ]
          ]
        ],
        "type": "Polygon"
      },
      "properties": {
        "address": "10702 West Longview Pkwy Kansas City MO 64134",
        "case_number": "CPDR-2023-00117",
        "category": "Complete Building or Structure Demolition - Residential",
        "date": "2023-05-18T12:38:28.037",
        "detail_url": "https://compasskc.kcmo.org/EnerGov_Prod/SelfService#/permit/5e5d3292-fce7-419f-97d0-f0317a15b193",
        "external_id": "5e5d3292-fce7-419f-97d0-f0317a15b193",
        "geometry_source": "KCMO parcels",
        "has_parcel_polygon": true,
        "match_method": "parcel_id",
        "match_status": "matched",
        "parcel_address": "8755 E 107th St",
        "parcel_id": "71177",
        "record_id": "case:5e5d3292-fce7-419f-97d0-f0317a15b193",
        "record_type": "Complete Building or Structure Demolition - Residential",
        "status": "Closed",
        "year": "2023"
      },
      "type": "Feature"
    },
    {
      "geometry": {
        "coordinates": [
          [
            [
              -94.53908396782423,
              39.10509635575298
            ],
            [
              -94.53891557664677,
              39.10509066960351
            ],
            [
              -94.53890314567487,
              39.10534160551447
            ],
            [
              -94.53907071437133,
              39.10534715524515
            ],
            [
              -94.53908396782423,
              39.10509635575298
            ]
          ]
        ],
        "type": "Polygon"
      },
      "properties": {
        "address": "3534 E 6th St Kansas City MO 64124",
        "case_number": "CPDR-2023-00088",
        "category": "Complete Building or Structure Demolition - Residential",
        "date": "2023-05-19T11:22:22.857",
        "detail_url": "https://compasskc.kcmo.org/EnerGov_Prod/SelfService#/permit/c448648a-fe64-43d9-a27f-34f6514f2ac9",
        "external_id": "c448648a-fe64-43d9-a27f-34f6514f2ac9",
        "geometry_source": "KCMO parcels",
        "has_parcel_polygon": true,
        "match_method": "parcel_id",
        "match_status": "matched",
        "parcel_address": "3536 E 6th St",
        "parcel_id": "9637",
        "record_id": "case:c448648a-fe64-43d9-a27f-34f6514f2ac9",
        "record_type": "Complete Building or Structure Demolition - Residential",
        "status": "Closed",
        "year": "2023"
      },
      "type": "Feature"
    },
    {
      "geometry": {
        "coordinates": [
          [
            [
              -94.49267272415793,
              38.91933987013233
            ],
            [
              -94.4924259635102,
              38.91928502996507
            ],
            [
              -94.49209209493543,
              38.9192267288872
            ],
            [
              -94.49183885878612,
              38.919194242171976
            ],
            [
              -94.49158392291034,
              38.91917148052606
            ],
            [
              -94.48864629068531,
              38.91905211118223
            ],
            [
              -94.48851877483207,
              38.92061945190594
            ],
            [
              -94.48808321754586,
              38.92066887784157
            ],
            [
              -94.48807335550872,
              38.92079543385253
            ],
            [
              -94.488871942728,
              38.9207204622932
            ],
            [
              -94.48915969542075,
              38.920698316720966
            ],
            [
              -94.48944445822961,
              38.92068527811005
            ],
            [
              -94.48982476716405,
              38.92068155875722
            ],
            [
              -94.49010990770755,
              38.92068906548056
            ],
            [
              -94.4914223474717,
              38.920743970246285
            ],
            [
              -94.49155175057398,
              38.92075569495936
            ],
            [
              -94.49174453746765,
              38.92078076388428
            ],
            [
              -94.49187186067326,
              38.92080234997825
            ],
            [
              -94.4920610734513,
              38.920842200086945
            ],
            [
              -94.49267272415793,
              38.91933987013233
            ]
          ]
        ],
        "type": "Polygon"
      },
      "properties": {
        "address": "8650 Ruskin Way Kansas City MO 64134",
        "case_number": "CPDC-2023-00099",
        "category": "Pre-Demolition Inspection - Commercial",
        "date": "2023-05-23T10:56:10.36",
        "detail_url": "https://compasskc.kcmo.org/EnerGov_Prod/SelfService#/permit/92e12994-c5f3-4509-9e86-1fe0b5888309",
        "external_id": "92e12994-c5f3-4509-9e86-1fe0b5888309",
        "geometry_source": "KCMO parcels",
        "has_parcel_polygon": true,
        "match_method": "parcel_id",
        "match_status": "matched",
        "parcel_address": "8650 Ruskin Way",
        "parcel_id": "72739",
        "record_id": "case:92e12994-c5f3-4509-9e86-1fe0b5888309",
        "record_type": "Pre-Demolition Inspection - Commercial",
        "status": "Issued",
        "year": "2023"
      },
      "type": "Feature"
    },
    {
      "geometry": {
        "coordinates": [
          [
            [
              -94.56638422226013,
              39.10630013809972
            ],
            [
              -94.5659880178055,
              39.10628537618538
            ],
            [
              -94.56598127561514,
              39.10642371650718
            ],
            [
              -94.56637745078508,
              39.106438524793866
            ],
            [
              -94.56638422226013,
              39.10630013809972
            ]
          ]
        ],
        "type": "Polygon"
      },
      "properties": {
        "address": "612 Virginia Ave Kansas City MO 64106",
        "case_number": "CPDC-2023-00102",
        "category": "Complete Building Demolition - Commercial",
        "date": "2023-05-23T14:00:40.73",
        "detail_url": "https://compasskc.kcmo.org/EnerGov_Prod/SelfService#/permit/0c38a795-dba7-48c2-bd4e-7fae44273e54",
        "external_id": "0c38a795-dba7-48c2-bd4e-7fae44273e54",
        "geometry_source": "KCMO parcels",
        "has_parcel_polygon": true,
        "match_method": "parcel_id",
        "match_status": "matched",
        "parcel_address": "612 Virginia Ave",
        "parcel_id": "11964",
        "record_id": "case:0c38a795-dba7-48c2-bd4e-7fae44273e54",
        "record_type": "Complete Building Demolition - Commercial",
        "status": "Closed",
        "year": "2023"
      },
      "type": "Feature"
    },
    {
      "geometry": {
        "coordinates": [
          [
            [
              -94.49343719077832,
              38.9809708802535
            ],
            [
              -94.49277346675417,
              38.980952559557494
            ],
            [
              -94.49274306640744,
              38.981531153594354
            ],
            [
              -94.49341019721271,
              38.981548857434824
            ],
            [
              -94.49343719077832,
              38.9809708802535
            ]
          ]
        ],
        "type": "Polygon"
      },
      "properties": {
        "address": "7844 James A Reed Rd Kansas City MO 64138",
        "case_number": "CPDR-2023-00119",
        "category": "Complete Building or Structure Demolition - Residential",
        "date": "2023-05-24T09:56:20.07",
        "detail_url": "https://compasskc.kcmo.org/EnerGov_Prod/SelfService#/permit/cf8cbc5d-6941-4fd8-a827-66fe82ad8114",
        "external_id": "cf8cbc5d-6941-4fd8-a827-66fe82ad8114",
        "geometry_source": "KCMO parcels",
        "has_parcel_polygon": true,
        "match_method": "parcel_id",
        "match_status": "matched",
        "parcel_address": "7844 James A Reed Rd",
        "parcel_id": "53700",
        "record_id": "case:cf8cbc5d-6941-4fd8-a827-66fe82ad8114",
        "record_type": "Complete Building or Structure Demolition - Residential",
        "status": "Voided-City",
        "year": "2023"
      },
      "type": "Feature"
    },
    {
      "geometry": {
        "coordinates": [
          [
            [
              -94.51036441281278,
              39.05536756495991
            ],
            [
              -94.50989599028803,
              39.05535939083906
            ],
            [
              -94.50988949491123,
              39.05549871357554
            ],
            [
              -94.51035783027068,
              39.05550656682581
            ],
            [
              -94.51036441281278,
              39.05536756495991
            ]
          ]
        ],
        "type": "Polygon"
      },
      "properties": {
        "address": "3810 Fremont Ave Kansas City MO 64129",
        "case_number": "CPDC-2023-00105",
        "category": "Complete Building Demolition - Commercial",
        "date": "2023-05-24T14:58:59.697",
        "detail_url": "https://compasskc.kcmo.org/EnerGov_Prod/SelfService#/permit/c643014d-6e97-4985-83b0-ccb4c25e1710",
        "external_id": "c643014d-6e97-4985-83b0-ccb4c25e1710",
        "geometry_source": "KCMO parcels",
        "has_parcel_polygon": true,
        "match_method": "parcel_id",
        "match_status": "matched",
        "parcel_address": "3810 Fremont Ave",
        "parcel_id": "32666",
        "record_id": "case:c643014d-6e97-4985-83b0-ccb4c25e1710",
        "record_type": "Complete Building Demolition - Commercial",
        "status": "Closed",
        "year": "2023"
      },
      "type": "Feature"
    },
    {
      "geometry": {
        "coordinates": [
          [
            [
              -94.46797079090872,
              39.04717561101127
            ],
            [
              -94.46634181271068,
              39.047103970386246
            ],
            [
              -94.46630710325894,
              39.04790099305623
            ],
            [
              -94.46669699842894,
              39.04799011173019
            ],
            [
              -94.46709478050307,
              39.048096620235036
            ],
            [
              -94.46748633701021,
              39.0482163061869
            ],
            [
              -94.46791849260977,
              39.0483664558977
            ],
            [
              -94.46797079090872,
              39.04717561101127
            ]
          ]
        ],
        "type": "Polygon"
      },
      "properties": {
        "address": "4136 Arlington Ave Kansas City MO 64133",
        "case_number": "CPDR-2023-00120",
        "category": "Partial Building Demolition - Residential",
        "date": "2023-05-25T15:32:09.13",
        "detail_url": "https://compasskc.kcmo.org/EnerGov_Prod/SelfService#/permit/09e8c965-bc69-42f0-840e-706ebee09062",
        "external_id": "09e8c965-bc69-42f0-840e-706ebee09062",
        "geometry_source": "KCMO parcels",
        "has_parcel_polygon": true,
        "match_method": "address_geocode_point_in_polygon",
        "match_status": "matched",
        "parcel_address": "4120 Arlington Ave",
        "parcel_id": "48375",
        "record_id": "case:09e8c965-bc69-42f0-840e-706ebee09062",
        "record_type": "Partial Building Demolition - Residential",
        "status": "Voided-City",
        "year": "2023"
      },
      "type": "Feature"
    },
    {
      "geometry": {
        "coordinates": [
          [
            [
              -94.54444409354693,
              39.107088394434754
            ],
            [
              -94.54409446590076,
              39.107075919372384
            ],
            [
              -94.54407756524898,
              39.10742886057876
            ],
            [
              -94.54442634240012,
              39.10744158713007
            ],
            [
              -94.54444409354693,
              39.107088394434754
            ]
          ]
        ],
        "type": "Polygon"
      },
      "properties": {
        "address": "509 Benton Blvd Kansas City MO 64124",
        "case_number": "CPDC-2023-00106",
        "category": "Complete Building Demolition - Commercial",
        "date": "2023-05-31T10:04:09.31",
        "detail_url": "https://compasskc.kcmo.org/EnerGov_Prod/SelfService#/permit/32b0f1bb-05bb-4b06-b843-ee5337e95d94",
        "external_id": "32b0f1bb-05bb-4b06-b843-ee5337e95d94",
        "geometry_source": "KCMO parcels",
        "has_parcel_polygon": true,
        "match_method": "parcel_id",
        "match_status": "matched",
        "parcel_address": "511 Benton Blvd",
        "parcel_id": "41159",
        "record_id": "case:32b0f1bb-05bb-4b06-b843-ee5337e95d94",
        "record_type": "Complete Building Demolition - Commercial",
        "status": "Closed",
        "year": "2023"
      },
      "type": "Feature"
    },
    {
      "geometry": {
        "coordinates": [
          [
            [
              -94.51814534015762,
              39.05279111987965
            ],
            [
              -94.51795517340695,
              39.05251616689193
            ],
            [
              -94.51779731518106,
              39.0525803256221
            ],
            [
              -94.51795455756522,
              39.05286253774788
            ],
            [
              -94.51814534015762,
              39.05279111987965
            ]
          ]
        ],
        "type": "Polygon"
      },
      "properties": {
        "address": "5633 E 39th Ter Kansas City MO 64130",
        "case_number": "CPDR-2023-00121",
        "category": "Complete Building or Structure Demolition - Residential",
        "date": "2023-06-01T09:13:01.663",
        "detail_url": "https://compasskc.kcmo.org/EnerGov_Prod/SelfService#/permit/b9fbb078-a05c-4d6b-b516-5bbf9283f7ef",
        "external_id": "b9fbb078-a05c-4d6b-b516-5bbf9283f7ef",
        "geometry_source": "KCMO parcels",
        "has_parcel_polygon": true,
        "match_method": "parcel_id",
        "match_status": "matched",
        "parcel_address": "5633 E 39th Ter",
        "parcel_id": "31972",
        "record_id": "case:b9fbb078-a05c-4d6b-b516-5bbf9283f7ef",
        "record_type": "Complete Building or Structure Demolition - Residential",
        "status": "Issued",
        "year": "2023"
      },
      "type": "Feature"
    },
    {
      "geometry": {
        "coordinates": [
          [
            [
              -94.58632900069867,
              38.983401442416714
            ],
            [
              -94.58618739706509,
              38.98339575815945
            ],
            [
              -94.58616795725167,
              38.983780724353686
            ],
            [
              -94.58631026600516,
              38.98378643156552
            ],
            [
              -94.58632900069867,
              38.983401442416714
            ]
          ]
        ],
        "type": "Polygon"
      },
      "properties": {
        "address": "305 E 79th Ter Kansas City MO 64114",
        "case_number": "CPDR-2023-00123",
        "category": "Complete Building or Structure Demolition - Residential",
        "date": "2023-06-01T15:33:26.003",
        "detail_url": "https://compasskc.kcmo.org/EnerGov_Prod/SelfService#/permit/e7326e59-d81c-4adb-aa85-5f2c95280744",
        "external_id": "e7326e59-d81c-4adb-aa85-5f2c95280744",
        "geometry_source": "KCMO parcels",
        "has_parcel_polygon": true,
        "match_method": "parcel_id",
        "match_status": "matched",
        "parcel_address": "305 E 79th Ter",
        "parcel_id": "118651",
        "record_id": "case:e7326e59-d81c-4adb-aa85-5f2c95280744",
        "record_type": "Complete Building or Structure Demolition - Residential",
        "status": "Voided-City",
        "year": "2023"
      },
      "type": "Feature"
    },
    {
      "geometry": {
        "coordinates": [
          [
            [
              -94.58143493500074,
              38.96649945147066
            ],
            [
              -94.5792100227526,
              38.96640662062463
            ],
            [
              -94.57920814659957,
              38.96643261553016
            ],
            [
              -94.57714231124304,
              38.96634975068562
            ],
            [
              -94.57713392724492,
              38.96650912331834
            ],
            [
              -94.57713374154747,
              38.96714869912197
            ],
            [
              -94.57712079720257,
              38.967592213625295
            ],
            [
              -94.57708508663067,
              38.967878573823754
            ],
            [
              -94.57701769568992,
              38.969495563946765
            ],
            [
              -94.57694325106486,
              38.96979803333335
            ],
            [
              -94.57694004598365,
              38.96986851069188
            ],
            [
              -94.58125787263775,
              38.97003412594729
            ],
            [
              -94.58143493500074,
              38.96649945147066
            ]
          ]
        ],
        "type": "Polygon"
      },
      "properties": {
        "address": "8701 Holmes Rd Kansas City MO 64131",
        "case_number": "CPDR-2023-00124",
        "category": "Complete Building or Structure Demolition - Residential",
        "date": "2023-06-01T16:24:38.347",
        "detail_url": "https://compasskc.kcmo.org/EnerGov_Prod/SelfService#/permit/c9f3a353-d2df-45cc-8291-1e7e042d3e16",
        "external_id": "c9f3a353-d2df-45cc-8291-1e7e042d3e16",
        "geometry_source": "KCMO parcels",
        "has_parcel_polygon": true,
        "match_method": "parcel_id",
        "match_status": "matched",
        "parcel_address": "8701 Holmes Rd",
        "parcel_id": "150306",
        "record_id": "case:c9f3a353-d2df-45cc-8291-1e7e042d3e16",
        "record_type": "Complete Building or Structure Demolition - Residential",
        "status": "Voided-City",
        "year": "2023"
      },
      "type": "Feature"
    },
    {
      "geometry": {
        "coordinates": [
          [
            [
              -94.58641462898211,
              39.072875930201086
            ],
            [
              -94.58650380462403,
              39.07287996947277
            ],
            [
              -94.58652165214252,
              39.07261495314278
            ],
            [
              -94.58709187149603,
              39.07263563164088
            ],
            [
              -94.58708829942479,
              39.072695505343695
            ],
            [
              -94.58728167857805,
              39.072702517309644
            ],
            [
              -94.58728195972786,
              39.072697827108065
            ],
            [
              -94.58752493798802,
              39.07270331142546
            ],
            [
              -94.58761705859663,
              39.07121853181019
            ],
            [
              -94.58717598806551,
              39.071202319542195
            ],
            [
              -94.58716534210116,
              39.07137667863556
            ],
            [
              -94.58712662337098,
              39.07137512936614
            ],
            [
              -94.5871183382998,
              39.071511573199636
            ],
            [
              -94.5865876196664,
              39.07149380225181
            ],
            [
              -94.58654139864939,
              39.07224597362461
            ],
            [
              -94.58645348357076,
              39.07224356770738
            ],
            [
              -94.58641462898211,
              39.072875930201086
            ]
          ]
        ],
        "type": "Polygon"
      },
      "properties": {
        "address": "3030 Baltimore Ave Kansas City MO 64108",
        "case_number": "CPDC-2023-00112",
        "category": "Pre-Demolition Inspection - Commercial",
        "date": "2023-06-02T07:45:16.197",
        "detail_url": "https://compasskc.kcmo.org/EnerGov_Prod/SelfService#/permit/f8a16657-1725-43f0-b131-7047d1988e5b",
        "external_id": "f8a16657-1725-43f0-b131-7047d1988e5b",
        "geometry_source": "KCMO parcels",
        "has_parcel_polygon": true,
        "match_method": "parcel_id",
        "match_status": "matched",
        "parcel_address": "3030 Baltimore Ave",
        "parcel_id": "262038",
        "record_id": "case:f8a16657-1725-43f0-b131-7047d1988e5b",
        "record_type": "Pre-Demolition Inspection - Commercial",
        "status": "Voided-City",
        "year": "2023"
      },
      "type": "Feature"
    },
    {
      "geometry": {
        "coordinates": [
          [
            [
              -94.53183918641558,
              39.07796753176695
            ],
            [
              -94.5314084783679,
              39.07795472092803
            ],
            [
              -94.53140333272466,
              39.078064778292976
            ],
            [
              -94.53183377651871,
              39.07807761267551
            ],
            [
              -94.53183918641558,
              39.07796753176695
            ]
          ]
        ],
        "type": "Polygon"
      },
      "properties": {
        "address": "2605 Kensington Ave Kansas City MO 64127",
        "case_number": "CPDR-2023-00122",
        "category": "Complete Building or Structure Demolition - Residential",
        "date": "2023-06-05T00:00:00",
        "detail_url": "https://compasskc.kcmo.org/EnerGov_Prod/SelfService#/permit/4748f018-333d-46b3-b487-6847b533808a",
        "external_id": "4748f018-333d-46b3-b487-6847b533808a",
        "geometry_source": "KCMO parcels",
        "has_parcel_polygon": true,
        "match_method": "parcel_id",
        "match_status": "matched",
        "parcel_address": "2605 Kensington Ave",
        "parcel_id": "19596",
        "record_id": "case:4748f018-333d-46b3-b487-6847b533808a",
        "record_type": "Complete Building or Structure Demolition - Residential",
        "status": "Closed",
        "year": "2023"
      },
      "type": "Feature"
    },
    {
      "geometry": {
        "coordinates": [
          [
            [
              -94.49267272415793,
              38.91933987013233
            ],
            [
              -94.4924259635102,
              38.91928502996507
            ],
            [
              -94.49209209493543,
              38.9192267288872
            ],
            [
              -94.49183885878612,
              38.919194242171976
            ],
            [
              -94.49158392291034,
              38.91917148052606
            ],
            [
              -94.48864629068531,
              38.91905211118223
            ],
            [
              -94.48851877483207,
              38.92061945190594
            ],
            [
              -94.48808321754586,
              38.92066887784157
            ],
            [
              -94.48807335550872,
              38.92079543385253
            ],
            [
              -94.488871942728,
              38.9207204622932
            ],
            [
              -94.48915969542075,
              38.920698316720966
            ],
            [
              -94.48944445822961,
              38.92068527811005
            ],
            [
              -94.48982476716405,
              38.92068155875722
            ],
            [
              -94.49010990770755,
              38.92068906548056
            ],
            [
              -94.4914223474717,
              38.920743970246285
            ],
            [
              -94.49155175057398,
              38.92075569495936
            ],
            [
              -94.49174453746765,
              38.92078076388428
            ],
            [
              -94.49187186067326,
              38.92080234997825
            ],
            [
              -94.4920610734513,
              38.920842200086945
            ],
            [
              -94.49267272415793,
              38.91933987013233
            ]
          ]
        ],
        "type": "Polygon"
      },
      "properties": {
        "address": "8650 Ruskin Way Kansas City MO 64134",
        "case_number": "CPDC-2023-00100",
        "category": "Complete Building Demolition - Commercial",
        "date": "2023-06-05T09:36:10.663",
        "detail_url": "https://compasskc.kcmo.org/EnerGov_Prod/SelfService#/permit/928db2a1-e688-47ad-a3b6-c1e0dc530f28",
        "external_id": "928db2a1-e688-47ad-a3b6-c1e0dc530f28",
        "geometry_source": "KCMO parcels",
        "has_parcel_polygon": true,
        "match_method": "parcel_id",
        "match_status": "matched",
        "parcel_address": "8650 Ruskin Way",
        "parcel_id": "72739",
        "record_id": "case:928db2a1-e688-47ad-a3b6-c1e0dc530f28",
        "record_type": "Complete Building Demolition - Commercial",
        "status": "Closed",
        "year": "2023"
      },
      "type": "Feature"
    },
    {
      "geometry": {
        "coordinates": [
          [
            [
              -94.52852696718584,
              39.070392809513564
            ],
            [
              -94.52814156716508,
              39.07038073056037
            ],
            [
              -94.52813579971394,
              39.07049042255422
            ],
            [
              -94.52852131626248,
              39.07050247861685
            ],
            [
              -94.52852696718584,
              39.070392809513564
            ]
          ]
        ],
        "type": "Polygon"
      },
      "properties": {
        "address": "3007 lister Ave Kansas City MO 64128",
        "case_number": "CPDR-2023-00125",
        "category": "Complete Building or Structure Demolition - Residential",
        "date": "2023-06-05T11:11:56.187",
        "detail_url": "https://compasskc.kcmo.org/EnerGov_Prod/SelfService#/permit/8e0dc2a7-4f2a-4d0d-9b25-9731c18aeaca",
        "external_id": "8e0dc2a7-4f2a-4d0d-9b25-9731c18aeaca",
        "geometry_source": "KCMO parcels",
        "has_parcel_polygon": true,
        "match_method": "parcel_id",
        "match_status": "matched",
        "parcel_address": "3007 Lister Ave",
        "parcel_id": "22690",
        "record_id": "case:8e0dc2a7-4f2a-4d0d-9b25-9731c18aeaca",
        "record_type": "Complete Building or Structure Demolition - Residential",
        "status": "Voided-City",
        "year": "2023"
      },
      "type": "Feature"
    },
    {
      "geometry": {
        "coordinates": [
          [
            [
              -94.59642405112469,
              39.03748708420549
            ],
            [
              -94.59616398275502,
              39.03747883295343
            ],
            [
              -94.59615319771197,
              39.037509546912645
            ],
            [
              -94.5961411878031,
              39.037566804906604
            ],
            [
              -94.59613927134808,
              39.03762478734206
            ],
            [
              -94.5961474762514,
              39.03768241764859
            ],
            [
              -94.596164037091,
              39.03773537335534
            ],
            [
              -94.59619143545976,
              39.03777681101372
            ],
            [
              -94.59622407334845,
              39.03780767335266
            ],
            [
              -94.59626383296188,
              39.03783292397685
            ],
            [
              -94.59631711065666,
              39.0378540225493
            ],
            [
              -94.59635828506534,
              39.037862980177394
            ],
            [
              -94.59640722696635,
              39.03786657723338
            ],
            [
              -94.59642405112469,
              39.03748708420549
            ]
          ]
        ],
        "type": "Polygon"
      },
      "properties": {
        "address": "4938 Summit St Kansas City MO 64112",
        "case_number": "CPDR-2023-00127",
        "category": "Complete Building or Structure Demolition - Residential",
        "date": "2023-06-07T15:43:45.677",
        "detail_url": "https://compasskc.kcmo.org/EnerGov_Prod/SelfService#/permit/1013c05b-94d9-46f5-9a03-39828d4f6f5c",
        "external_id": "1013c05b-94d9-46f5-9a03-39828d4f6f5c",
        "geometry_source": "KCMO parcels",
        "has_parcel_polygon": true,
        "match_method": "parcel_id",
        "match_status": "matched",
        "parcel_address": "4938 Summit St",
        "parcel_id": "142572",
        "record_id": "case:1013c05b-94d9-46f5-9a03-39828d4f6f5c",
        "record_type": "Complete Building or Structure Demolition - Residential",
        "status": "Closed",
        "year": "2023"
      },
      "type": "Feature"
    },
    {
      "geometry": {
        "coordinates": [
          [
            [
              -94.50731126110817,
              39.0557060664949
            ],
            [
              -94.50677786446167,
              39.0556834020322
            ],
            [
              -94.5062102319605,
              39.05748353934477
            ],
            [
              -94.50722440501404,
              39.05752429982277
            ],
            [
              -94.50731126110817,
              39.0557060664949
            ]
          ]
        ],
        "type": "Polygon"
      },
      "properties": {
        "address": "6601 Stadium Dr Kansas City MO 64129",
        "case_number": "CPDC-2023-00114",
        "category": "Pre-Demolition Inspection - Commercial",
        "date": "2023-06-08T11:49:22.6",
        "detail_url": "https://compasskc.kcmo.org/EnerGov_Prod/SelfService#/permit/0ac8a549-f3a1-47e5-8521-45af42042171",
        "external_id": "0ac8a549-f3a1-47e5-8521-45af42042171",
        "geometry_source": "KCMO parcels",
        "has_parcel_polygon": true,
        "match_method": "parcel_id",
        "match_status": "matched",
        "parcel_address": "6601 Stadium Dr",
        "parcel_id": "32340",
        "record_id": "case:0ac8a549-f3a1-47e5-8521-45af42042171",
        "record_type": "Pre-Demolition Inspection - Commercial",
        "status": "Issued",
        "year": "2023"
      },
      "type": "Feature"
    },
    {
      "geometry": {
        "coordinates": [
          [
            [
              -94.52493327868565,
              39.07711825307842
            ],
            [
              -94.52491524070236,
              39.07744985038895
            ],
            [
              -94.52531888967536,
              39.07746151959469
            ],
            [
              -94.52533380617326,
              39.07712815936437
            ],
            [
              -94.52493327868565,
              39.07711825307842
            ]
          ]
        ],
        "type": "Polygon"
      },
      "properties": {
        "address": "2614 Brighton Ave Kansas City MO 64127",
        "case_number": "CPDR-2023-00126",
        "category": "Complete Building or Structure Demolition - Residential",
        "date": "2023-06-08T13:02:21.183",
        "detail_url": "https://compasskc.kcmo.org/EnerGov_Prod/SelfService#/permit/549ea7ea-ab08-4e49-aa1f-37f5237022b8",
        "external_id": "549ea7ea-ab08-4e49-aa1f-37f5237022b8",
        "geometry_source": "KCMO parcels",
        "has_parcel_polygon": true,
        "match_method": "parcel_id",
        "match_status": "matched",
        "parcel_id": "290615",
        "record_id": "case:549ea7ea-ab08-4e49-aa1f-37f5237022b8",
        "record_type": "Complete Building or Structure Demolition - Residential",
        "status": "Closed",
        "year": "2023"
      },
      "type": "Feature"
    },
    {
      "geometry": {
        "coordinates": [
          [
            [
              -94.58641462898211,
              39.072875930201086
            ],
            [
              -94.58650380462403,
              39.07287996947277
            ],
            [
              -94.58652165214252,
              39.07261495314278
            ],
            [
              -94.58709187149603,
              39.07263563164088
            ],
            [
              -94.58708829942479,
              39.072695505343695
            ],
            [
              -94.58728167857805,
              39.072702517309644
            ],
            [
              -94.58728195972786,
              39.072697827108065
            ],
            [
              -94.58752493798802,
              39.07270331142546
            ],
            [
              -94.58761705859663,
              39.07121853181019
            ],
            [
              -94.58717598806551,
              39.071202319542195
            ],
            [
              -94.58716534210116,
              39.07137667863556
            ],
            [
              -94.58712662337098,
              39.07137512936614
            ],
            [
              -94.5871183382998,
              39.071511573199636
            ],
            [
              -94.5865876196664,
              39.07149380225181
            ],
            [
              -94.58654139864939,
              39.07224597362461
            ],
            [
              -94.58645348357076,
              39.07224356770738
            ],
            [
              -94.58641462898211,
              39.072875930201086
            ]
          ]
        ],
        "type": "Polygon"
      },
      "properties": {
        "address": "3030 Baltimore Ave Kansas City MO 64108",
        "case_number": "CPDC-2023-00118",
        "category": "Pre-Demolition Inspection - Commercial",
        "date": "2023-06-14T08:46:11.19",
        "detail_url": "https://compasskc.kcmo.org/EnerGov_Prod/SelfService#/permit/a3e76031-44dd-47b9-8b80-26579fd3cebe",
        "external_id": "a3e76031-44dd-47b9-8b80-26579fd3cebe",
        "geometry_source": "KCMO parcels",
        "has_parcel_polygon": true,
        "match_method": "parcel_id",
        "match_status": "matched",
        "parcel_address": "3030 Baltimore Ave",
        "parcel_id": "262038",
        "record_id": "case:a3e76031-44dd-47b9-8b80-26579fd3cebe",
        "record_type": "Pre-Demolition Inspection - Commercial",
        "status": "Issued",
        "year": "2023"
      },
      "type": "Feature"
    },
    {
      "geometry": {
        "coordinates": [
          [
            [
              -94.55523684901249,
              39.103167959581995
            ],
            [
              -94.5547537427008,
              39.10315452769475
            ],
            [
              -94.5547501931504,
              39.103235252398235
            ],
            [
              -94.55523312664067,
              39.10325136142117
            ],
            [
              -94.55523684901249,
              39.103167959581995
            ]
          ]
        ],
        "type": "Polygon"
      },
      "properties": {
        "address": "814 Park Ave Kansas City MO 64124",
        "case_number": "CPDR-2023-00129",
        "category": "Complete Building or Structure Demolition - Residential",
        "date": "2023-06-15T00:00:00",
        "detail_url": "https://compasskc.kcmo.org/EnerGov_Prod/SelfService#/permit/cbb510ae-b9eb-4906-aa62-f0bb161ab6fc",
        "external_id": "cbb510ae-b9eb-4906-aa62-f0bb161ab6fc",
        "geometry_source": "KCMO parcels",
        "has_parcel_polygon": true,
        "match_method": "parcel_id",
        "match_status": "matched",
        "parcel_address": "814 Park Ave",
        "parcel_id": "11718",
        "record_id": "case:cbb510ae-b9eb-4906-aa62-f0bb161ab6fc",
        "record_type": "Complete Building or Structure Demolition - Residential",
        "status": "Closed",
        "year": "2023"
      },
      "type": "Feature"
    },
    {
      "geometry": {
        "coordinates": [
          [
            [
              -94.54965363118956,
              38.95656329875484
            ],
            [
              -94.55035738647852,
              38.95659217026822
            ],
            [
              -94.55036963198489,
              38.95631733820825
            ],
            [
              -94.54966639229566,
              38.95628853461904
            ],
            [
              -94.54965363118956,
              38.95656329875484
            ]
          ]
        ],
        "type": "Polygon"
      },
      "properties": {
        "address": "9320 Indiana Ave Kansas City MO 64132",
        "case_number": "CPDR-2023-00133",
        "category": "Complete Building or Structure Demolition - Residential",
        "date": "2023-06-16T13:46:36.427",
        "detail_url": "https://compasskc.kcmo.org/EnerGov_Prod/SelfService#/permit/806a7e8e-ef21-414d-a804-5a76eeb9c26c",
        "external_id": "806a7e8e-ef21-414d-a804-5a76eeb9c26c",
        "geometry_source": "KCMO parcels",
        "has_parcel_polygon": true,
        "match_method": "parcel_id",
        "match_status": "matched",
        "parcel_address": "9320 Indiana Ave",
        "parcel_id": "55982",
        "record_id": "case:806a7e8e-ef21-414d-a804-5a76eeb9c26c",
        "record_type": "Complete Building or Structure Demolition - Residential",
        "status": "Closed",
        "year": "2023"
      },
      "type": "Feature"
    },
    {
      "geometry": {
        "coordinates": [
          [
            [
              -94.55898892559924,
              39.02036914136159
            ],
            [
              -94.55850153917562,
              39.02035211048529
            ],
            [
              -94.5584953116372,
              39.02044766525586
            ],
            [
              -94.55898287543697,
              39.02046469492399
            ],
            [
              -94.55898892559924,
              39.02036914136159
            ]
          ]
        ],
        "type": "Polygon"
      },
      "properties": {
        "address": "5821 Park Ave Kansas City MO 64130",
        "case_number": "CPDR-2023-00132",
        "category": "Complete Building or Structure Demolition - Residential",
        "date": "2023-06-16T13:46:38.89",
        "detail_url": "https://compasskc.kcmo.org/EnerGov_Prod/SelfService#/permit/e150b5eb-16ba-4782-9ded-a755d1550f1e",
        "external_id": "e150b5eb-16ba-4782-9ded-a755d1550f1e",
        "geometry_source": "KCMO parcels",
        "has_parcel_polygon": true,
        "match_method": "parcel_id",
        "match_status": "matched",
        "parcel_address": "5821 Park Ave",
        "parcel_id": "148256",
        "record_id": "case:e150b5eb-16ba-4782-9ded-a755d1550f1e",
        "record_type": "Complete Building or Structure Demolition - Residential",
        "status": "Issued",
        "year": "2023"
      },
      "type": "Feature"
    },
    {
      "geometry": {
        "coordinates": [
          [
            [
              -94.55720988495152,
              38.98028348915186
            ],
            [
              -94.55673449530772,
              38.98025981042905
            ],
            [
              -94.55672883690693,
              38.980369254352325
            ],
            [
              -94.55720425580317,
              38.980391948049174
            ],
            [
              -94.55720988495152,
              38.98028348915186
            ]
          ]
        ],
        "type": "Polygon"
      },
      "properties": {
        "address": "8036 Montgall Ave Kansas City MO 64132",
        "case_number": "CPDR-2023-00130",
        "category": "Complete Building or Structure Demolition - Residential",
        "date": "2023-06-20T00:00:00",
        "detail_url": "https://compasskc.kcmo.org/EnerGov_Prod/SelfService#/permit/17b69dcc-240c-4fec-893a-e9ff5929bf04",
        "external_id": "17b69dcc-240c-4fec-893a-e9ff5929bf04",
        "geometry_source": "KCMO parcels",
        "has_parcel_polygon": true,
        "match_method": "parcel_id",
        "match_status": "matched",
        "parcel_address": "8036 Montgall Ave",
        "parcel_id": "4838",
        "record_id": "case:17b69dcc-240c-4fec-893a-e9ff5929bf04",
        "record_type": "Complete Building or Structure Demolition - Residential",
        "status": "Closed",
        "year": "2023"
      },
      "type": "Feature"
    },
    {
      "geometry": {
        "coordinates": [
          [
            [
              -94.55721776732469,
              38.9801318060583
            ],
            [
              -94.55674226119095,
              38.980109660461295
            ],
            [
              -94.55673449530772,
              38.98025981042905
            ],
            [
              -94.55720988495152,
              38.98028348915186
            ],
            [
              -94.55721776732469,
              38.9801318060583
            ]
          ]
        ],
        "type": "Polygon"
      },
      "properties": {
        "address": "8040 Montgall Ave Kansas City MO 64132",
        "case_number": "CPDR-2023-00131",
        "category": "Complete Building or Structure Demolition - Residential",
        "date": "2023-06-20T00:00:00",
        "detail_url": "https://compasskc.kcmo.org/EnerGov_Prod/SelfService#/permit/d811585a-ebb3-437e-9fb7-a9132a177bf6",
        "external_id": "d811585a-ebb3-437e-9fb7-a9132a177bf6",
        "geometry_source": "KCMO parcels",
        "has_parcel_polygon": true,
        "match_method": "parcel_id",
        "match_status": "matched",
        "parcel_address": "8040 Montgall Ave",
        "parcel_id": "4837",
        "record_id": "case:d811585a-ebb3-437e-9fb7-a9132a177bf6",
        "record_type": "Complete Building or Structure Demolition - Residential",
        "status": "Closed",
        "year": "2023"
      },
      "type": "Feature"
    },
    {
      "geometry": {
        "coordinates": [
          [
            [
              -94.54926730593182,
              38.960929776601056
            ],
            [
              -94.54701726917048,
              38.96085224494468
            ],
            [
              -94.54685911300099,
              38.9610050860147
            ],
            [
              -94.54552907804442,
              38.961288561835715
            ],
            [
              -94.54924200539915,
              38.96146884637087
            ],
            [
              -94.54926730593182,
              38.960929776601056
            ]
          ]
        ],
        "type": "Polygon"
      },
      "properties": {
        "address": "9101 Indiana Ave Kansas City MO 64132",
        "case_number": "CPDR-2023-00100",
        "category": "Pre-Demolition Inspection - Residential",
        "date": "2023-06-20T08:29:13.51",
        "detail_url": "https://compasskc.kcmo.org/EnerGov_Prod/SelfService#/permit/796f50a0-d752-48d6-947d-708d9f3cfb2d",
        "external_id": "796f50a0-d752-48d6-947d-708d9f3cfb2d",
        "geometry_source": "KCMO parcels",
        "has_parcel_polygon": true,
        "match_method": "parcel_id",
        "match_status": "matched",
        "parcel_address": "9101 Indiana Ave",
        "parcel_id": "55866",
        "record_id": "case:796f50a0-d752-48d6-947d-708d9f3cfb2d",
        "record_type": "Pre-Demolition Inspection - Residential",
        "status": "Issued",
        "year": "2023"
      },
      "type": "Feature"
    },
    {
      "geometry": {
        "coordinates": [
          [
            [
              -94.58143493500074,
              38.96649945147066
            ],
            [
              -94.5792100227526,
              38.96640662062463
            ],
            [
              -94.57920814659957,
              38.96643261553016
            ],
            [
              -94.57714231124304,
              38.96634975068562
            ],
            [
              -94.57713392724492,
              38.96650912331834
            ],
            [
              -94.57713374154747,
              38.96714869912197
            ],
            [
              -94.57712079720257,
              38.967592213625295
            ],
            [
              -94.57708508663067,
              38.967878573823754
            ],
            [
              -94.57701769568992,
              38.969495563946765
            ],
            [
              -94.57694325106486,
              38.96979803333335
            ],
            [
              -94.57694004598365,
              38.96986851069188
            ],
            [
              -94.58125787263775,
              38.97003412594729
            ],
            [
              -94.58143493500074,
              38.96649945147066
            ]
          ]
        ],
        "type": "Polygon"
      },
      "properties": {
        "address": "8701 Holmes Rd Kansas City MO 64131",
        "case_number": "CPDC-2023-00116",
        "category": "Pre-Demolition Inspection - Commercial",
        "date": "2023-06-21T11:31:26.667",
        "detail_url": "https://compasskc.kcmo.org/EnerGov_Prod/SelfService#/permit/846cfc1f-ab6d-4c04-8bbd-f5b18a861703",
        "external_id": "846cfc1f-ab6d-4c04-8bbd-f5b18a861703",
        "geometry_source": "KCMO parcels",
        "has_parcel_polygon": true,
        "match_method": "parcel_id",
        "match_status": "matched",
        "parcel_address": "8701 Holmes Rd",
        "parcel_id": "150306",
        "record_id": "case:846cfc1f-ab6d-4c04-8bbd-f5b18a861703",
        "record_type": "Pre-Demolition Inspection - Commercial",
        "status": "Issued",
        "year": "2023"
      },
      "type": "Feature"
    },
    {
      "geometry": {
        "coordinates": [
          [
            [
              -94.53382755421168,
              39.180980753116074
            ],
            [
              -94.53357751140436,
              39.180338321605106
            ],
            [
              -94.53278056324588,
              39.17900631610977
            ],
            [
              -94.5327572113253,
              39.17860369600448
            ],
            [
              -94.53201981014688,
              39.178596968775594
            ],
            [
              -94.53200892385865,
              39.18097506628607
            ],
            [
              -94.53382755421168,
              39.180980753116074
            ]
          ]
        ],
        "type": "Polygon"
      },
      "properties": {
        "address": "4624 N Norton Ave Kansas City MO 64117",
        "case_number": "CPDC-2023-00120",
        "category": "Pre-Demolition Inspection - Commercial",
        "date": "2023-06-22T07:34:09.65",
        "detail_url": "https://compasskc.kcmo.org/EnerGov_Prod/SelfService#/permit/bbc085fa-96ff-43a5-bd08-fddd2576b90c",
        "external_id": "bbc085fa-96ff-43a5-bd08-fddd2576b90c",
        "geometry_source": "KCMO parcels",
        "has_parcel_polygon": true,
        "match_method": "parcel_id",
        "match_status": "matched",
        "parcel_address": "4624 N Norton Ave",
        "parcel_id": "76756",
        "record_id": "case:bbc085fa-96ff-43a5-bd08-fddd2576b90c",
        "record_type": "Pre-Demolition Inspection - Commercial",
        "status": "Closed",
        "year": "2023"
      },
      "type": "Feature"
    },
    {
      "geometry": {
        "coordinates": [
          [
            [
              -94.53382755421168,
              39.180980753116074
            ],
            [
              -94.53357751140436,
              39.180338321605106
            ],
            [
              -94.53278056324588,
              39.17900631610977
            ],
            [
              -94.5327572113253,
              39.17860369600448
            ],
            [
              -94.53201981014688,
              39.178596968775594
            ],
            [
              -94.53200892385865,
              39.18097506628607
            ],
            [
              -94.53382755421168,
              39.180980753116074
            ]
          ]
        ],
        "type": "Polygon"
      },
      "properties": {
        "address": "4624 N Norton Ave Kansas City MO 64117",
        "case_number": "CPDC-2023-00122",
        "category": "Complete Building Demolition - Commercial",
        "date": "2023-06-23T13:38:54.737",
        "detail_url": "https://compasskc.kcmo.org/EnerGov_Prod/SelfService#/permit/026c3076-ba17-4135-811f-43cf55eb2a77",
        "external_id": "026c3076-ba17-4135-811f-43cf55eb2a77",
        "geometry_source": "KCMO parcels",
        "has_parcel_polygon": true,
        "match_method": "parcel_id",
        "match_status": "matched",
        "parcel_address": "4624 N Norton Ave",
        "parcel_id": "76756",
        "record_id": "case:026c3076-ba17-4135-811f-43cf55eb2a77",
        "record_type": "Complete Building Demolition - Commercial",
        "status": "Issued",
        "year": "2023"
      },
      "type": "Feature"
    },
    {
      "geometry": {
        "coordinates": [
          [
            [
              -94.58969679744239,
              38.96344305241509
            ],
            [
              -94.58920084871178,
              38.96342210836573
            ],
            [
              -94.58919310559286,
              38.96362726620332
            ],
            [
              -94.58969093012074,
              38.96364830208371
            ],
            [
              -94.58969679744239,
              38.96344305241509
            ]
          ]
        ],
        "type": "Polygon"
      },
      "properties": {
        "address": "9043 Walnut St Kansas City MO 64114",
        "case_number": "CPDR-2023-00136",
        "category": "Partial Building Demolition - Residential",
        "date": "2023-06-26T08:40:52.827",
        "detail_url": "https://compasskc.kcmo.org/EnerGov_Prod/SelfService#/permit/2d44f69e-3ec3-48a9-b89d-9ef51d8f1d7c",
        "external_id": "2d44f69e-3ec3-48a9-b89d-9ef51d8f1d7c",
        "geometry_source": "KCMO parcels",
        "has_parcel_polygon": true,
        "match_method": "parcel_id",
        "match_status": "matched",
        "parcel_address": "9043 Walnut St",
        "parcel_id": "150290",
        "record_id": "case:2d44f69e-3ec3-48a9-b89d-9ef51d8f1d7c",
        "record_type": "Partial Building Demolition - Residential",
        "status": "Issued",
        "year": "2023"
      },
      "type": "Feature"
    },
    {
      "geometry": {
        "coordinates": [
          [
            [
              -94.49949263336615,
              38.96509346089241
            ],
            [
              -94.49943765173838,
              38.96499562109426
            ],
            [
              -94.49937009614433,
              38.9648959718684
            ],
            [
              -94.49929808574176,
              38.96480572904695
            ],
            [
              -94.49923592216068,
              38.96474356036508
            ],
            [
              -94.4987365014653,
              38.96498238911315
            ],
            [
              -94.49874555690268,
              38.964994082089
            ],
            [
              -94.49835812134886,
              38.96517998723046
            ],
            [
              -94.49853443749433,
              38.96547032885611
            ],
            [
              -94.49949263336615,
              38.96509346089241
            ]
          ]
        ],
        "type": "Polygon"
      },
      "properties": {
        "address": "8735 Blue Ridge Blvd Kansas City MO 64138",
        "case_number": "CPDC-2023-00127",
        "category": "Pre-Demolition Inspection - Commercial",
        "date": "2023-06-27T12:02:31.253",
        "detail_url": "https://compasskc.kcmo.org/EnerGov_Prod/SelfService#/permit/d37ca267-01ff-4600-8a97-3a2b8fc707c9",
        "external_id": "d37ca267-01ff-4600-8a97-3a2b8fc707c9",
        "geometry_source": "KCMO parcels",
        "has_parcel_polygon": true,
        "match_method": "parcel_id",
        "match_status": "matched",
        "parcel_address": "8735 Blue Ridge Blvd",
        "parcel_id": "66088",
        "record_id": "case:d37ca267-01ff-4600-8a97-3a2b8fc707c9",
        "record_type": "Pre-Demolition Inspection - Commercial",
        "status": "Issued",
        "year": "2023"
      },
      "type": "Feature"
    },
    {
      "geometry": {
        "coordinates": [
          [
            [
              -94.58143493500074,
              38.96649945147066
            ],
            [
              -94.5792100227526,
              38.96640662062463
            ],
            [
              -94.57920814659957,
              38.96643261553016
            ],
            [
              -94.57714231124304,
              38.96634975068562
            ],
            [
              -94.57713392724492,
              38.96650912331834
            ],
            [
              -94.57713374154747,
              38.96714869912197
            ],
            [
              -94.57712079720257,
              38.967592213625295
            ],
            [
              -94.57708508663067,
              38.967878573823754
            ],
            [
              -94.57701769568992,
              38.969495563946765
            ],
            [
              -94.57694325106486,
              38.96979803333335
            ],
            [
              -94.57694004598365,
              38.96986851069188
            ],
            [
              -94.58125787263775,
              38.97003412594729
            ],
            [
              -94.58143493500074,
              38.96649945147066
            ]
          ]
        ],
        "type": "Polygon"
      },
      "properties": {
        "address": "8701 Holmes Rd Kansas City MO 64131",
        "case_number": "CPDC-2023-00121",
        "category": "Complete Building Demolition - Commercial",
        "date": "2023-06-28T14:20:10.13",
        "detail_url": "https://compasskc.kcmo.org/EnerGov_Prod/SelfService#/permit/8dd08560-b4d1-4ead-bb68-2833fcbd97a2",
        "external_id": "8dd08560-b4d1-4ead-bb68-2833fcbd97a2",
        "geometry_source": "KCMO parcels",
        "has_parcel_polygon": true,
        "match_method": "parcel_id",
        "match_status": "matched",
        "parcel_address": "8701 Holmes Rd",
        "parcel_id": "150306",
        "record_id": "case:8dd08560-b4d1-4ead-bb68-2833fcbd97a2",
        "record_type": "Complete Building Demolition - Commercial",
        "status": "Closed",
        "year": "2023"
      },
      "type": "Feature"
    },
    {
      "geometry": {
        "coordinates": [
          [
            [
              -94.47568842255241,
              39.05291085409997
            ],
            [
              -94.4748119663353,
              39.05260649026695
            ],
            [
              -94.47448010649548,
              39.05252217015087
            ],
            [
              -94.47429445742412,
              39.05255823540991
            ],
            [
              -94.47379324545798,
              39.053043015457355
            ],
            [
              -94.4736387089838,
              39.053452662742146
            ],
            [
              -94.47419025357249,
              39.05368793286804
            ],
            [
              -94.4743072048385,
              39.05374257534097
            ],
            [
              -94.47451513433109,
              39.05385594936559
            ],
            [
              -94.47459995035398,
              39.05391573271386
            ],
            [
              -94.47469412156393,
              39.05399272501989
            ],
            [
              -94.47486931693082,
              39.05406849802472
            ],
            [
              -94.47568842255241,
              39.05291085409997
            ]
          ]
        ],
        "type": "Polygon"
      },
      "properties": {
        "address": "3832 Blue Ridge Ctof Kansas City MO 64129",
        "case_number": "CPDC-2023-00126",
        "category": "Pre-Demolition Inspection - Commercial",
        "date": "2023-06-29T09:18:45.617",
        "detail_url": "https://compasskc.kcmo.org/EnerGov_Prod/SelfService#/permit/31a917f3-c566-40f4-b616-ca6123f78931",
        "external_id": "31a917f3-c566-40f4-b616-ca6123f78931",
        "geometry_source": "KCMO parcels",
        "has_parcel_polygon": true,
        "match_method": "parcel_id",
        "match_status": "matched",
        "parcel_address": "3822 Blue Ridge Ctof",
        "parcel_id": "48266",
        "record_id": "case:31a917f3-c566-40f4-b616-ca6123f78931",
        "record_type": "Pre-Demolition Inspection - Commercial",
        "status": "Issued",
        "year": "2023"
      },
      "type": "Feature"
    },
    {
      "geometry": {
        "coordinates": [
          [
            [
              -94.54261660607587,
              39.10282716297552
            ],
            [
              -94.5424946201782,
              39.102823088977296
            ],
            [
              -94.54247732787918,
              39.10312347171517
            ],
            [
              -94.54260119471252,
              39.10312800265753
            ],
            [
              -94.54261660607587,
              39.10282716297552
            ]
          ]
        ],
        "type": "Polygon"
      },
      "properties": {
        "address": "3233 E 8th St Kansas City MO 64124",
        "case_number": "CPDR-2023-00139",
        "category": "Complete Building or Structure Demolition - Residential",
        "date": "2023-06-29T12:19:08.917",
        "detail_url": "https://compasskc.kcmo.org/EnerGov_Prod/SelfService#/permit/682a1dfb-4ddf-4b29-b4c4-622bf671125b",
        "external_id": "682a1dfb-4ddf-4b29-b4c4-622bf671125b",
        "geometry_source": "KCMO parcels",
        "has_parcel_polygon": true,
        "match_method": "parcel_id",
        "match_status": "matched",
        "parcel_address": "3233 E 8th St",
        "parcel_id": "10333",
        "record_id": "case:682a1dfb-4ddf-4b29-b4c4-622bf671125b",
        "record_type": "Complete Building or Structure Demolition - Residential",
        "status": "Closed",
        "year": "2023"
      },
      "type": "Feature"
    },
    {
      "geometry": {
        "coordinates": [
          [
            [
              -94.48584076035337,
              38.92958399225278
            ],
            [
              -94.48674716780434,
              38.92962331676519
            ],
            [
              -94.48693367294518,
              38.92740084301608
            ],
            [
              -94.4859758435488,
              38.927359449300255
            ],
            [
              -94.48590672775478,
              38.92840689750878
            ],
            [
              -94.48584076035337,
              38.92958399225278
            ]
          ]
        ],
        "type": "Polygon"
      },
      "properties": {
        "address": "8755 E 107th St Kansas City MO 64134",
        "case_number": "CPDR-2023-00138",
        "category": "Complete Building or Structure Demolition - Residential",
        "date": "2023-06-29T13:55:26.607",
        "detail_url": "https://compasskc.kcmo.org/EnerGov_Prod/SelfService#/permit/cf3708ac-7792-4941-8a94-a7ce3d060391",
        "external_id": "cf3708ac-7792-4941-8a94-a7ce3d060391",
        "geometry_source": "KCMO parcels",
        "has_parcel_polygon": true,
        "match_method": "parcel_id",
        "match_status": "matched",
        "parcel_address": "8755 E 107th St",
        "parcel_id": "71177",
        "record_id": "case:cf3708ac-7792-4941-8a94-a7ce3d060391",
        "record_type": "Complete Building or Structure Demolition - Residential",
        "status": "Closed",
        "year": "2023"
      },
      "type": "Feature"
    },
    {
      "geometry": {
        "coordinates": [
          [
            [
              -94.48493683836138,
              39.07060585246825
            ],
            [
              -94.48444704018543,
              39.070586110674334
            ],
            [
              -94.48444189839414,
              39.07073986845502
            ],
            [
              -94.48493122872746,
              39.07075961020965
            ],
            [
              -94.48493683836138,
              39.07060585246825
            ]
          ]
        ],
        "type": "Polygon"
      },
      "properties": {
        "address": "2905 Wallace Ave Kansas City MO 64129",
        "case_number": "CPDR-2023-00140",
        "category": "Complete Building or Structure Demolition - Residential",
        "date": "2023-07-03T10:32:10.327",
        "detail_url": "https://compasskc.kcmo.org/EnerGov_Prod/SelfService#/permit/13875f76-8792-4978-aa25-693cce29bd27",
        "external_id": "13875f76-8792-4978-aa25-693cce29bd27",
        "geometry_source": "KCMO parcels",
        "has_parcel_polygon": true,
        "match_method": "parcel_id",
        "match_status": "matched",
        "parcel_address": "2905 Wallace Ave",
        "parcel_id": "47646",
        "record_id": "case:13875f76-8792-4978-aa25-693cce29bd27",
        "record_type": "Complete Building or Structure Demolition - Residential",
        "status": "Closed",
        "year": "2023"
      },
      "type": "Feature"
    },
    {
      "geometry": {
        "coordinates": [
          [
            [
              -94.58641462898211,
              39.072875930201086
            ],
            [
              -94.58650380462403,
              39.07287996947277
            ],
            [
              -94.58652165214252,
              39.07261495314278
            ],
            [
              -94.58709187149603,
              39.07263563164088
            ],
            [
              -94.58708829942479,
              39.072695505343695
            ],
            [
              -94.58728167857805,
              39.072702517309644
            ],
            [
              -94.58728195972786,
              39.072697827108065
            ],
            [
              -94.58752493798802,
              39.07270331142546
            ],
            [
              -94.58761705859663,
              39.07121853181019
            ],
            [
              -94.58717598806551,
              39.071202319542195
            ],
            [
              -94.58716534210116,
              39.07137667863556
            ],
            [
              -94.58712662337098,
              39.07137512936614
            ],
            [
              -94.5871183382998,
              39.071511573199636
            ],
            [
              -94.5865876196664,
              39.07149380225181
            ],
            [
              -94.58654139864939,
              39.07224597362461
            ],
            [
              -94.58645348357076,
              39.07224356770738
            ],
            [
              -94.58641462898211,
              39.072875930201086
            ]
          ]
        ],
        "type": "Polygon"
      },
      "properties": {
        "address": "3030 Baltimore Ave Kansas City MO 64108",
        "case_number": "CPDC-2023-00125",
        "category": "Complete Building Demolition - Commercial",
        "date": "2023-07-05T14:30:10.747",
        "detail_url": "https://compasskc.kcmo.org/EnerGov_Prod/SelfService#/permit/fb2bcf1a-d67c-4978-91fc-4ead2c63ae5a",
        "external_id": "fb2bcf1a-d67c-4978-91fc-4ead2c63ae5a",
        "geometry_source": "KCMO parcels",
        "has_parcel_polygon": true,
        "match_method": "parcel_id",
        "match_status": "matched",
        "parcel_address": "3030 Baltimore Ave",
        "parcel_id": "262038",
        "record_id": "case:fb2bcf1a-d67c-4978-91fc-4ead2c63ae5a",
        "record_type": "Complete Building Demolition - Commercial",
        "status": "Issued",
        "year": "2023"
      },
      "type": "Feature"
    },
    {
      "geometry": {
        "coordinates": [
          [
            [
              -94.47568842255241,
              39.05291085409997
            ],
            [
              -94.4748119663353,
              39.05260649026695
            ],
            [
              -94.47448010649548,
              39.05252217015087
            ],
            [
              -94.47429445742412,
              39.05255823540991
            ],
            [
              -94.47379324545798,
              39.053043015457355
            ],
            [
              -94.4736387089838,
              39.053452662742146
            ],
            [
              -94.47419025357249,
              39.05368793286804
            ],
            [
              -94.4743072048385,
              39.05374257534097
            ],
            [
              -94.47451513433109,
              39.05385594936559
            ],
            [
              -94.47459995035398,
              39.05391573271386
            ],
            [
              -94.47469412156393,
              39.05399272501989
            ],
            [
              -94.47486931693082,
              39.05406849802472
            ],
            [
              -94.47568842255241,
              39.05291085409997
            ]
          ]
        ],
        "type": "Polygon"
      },
      "properties": {
        "address": "3832 Blue Ridge Ctof Kansas City MO 64129",
        "case_number": "CPDC-2023-00129",
        "category": "Complete Building Demolition - Commercial",
        "date": "2023-07-06T10:17:53.9",
        "detail_url": "https://compasskc.kcmo.org/EnerGov_Prod/SelfService#/permit/4079f695-6f71-44a5-8258-b21ffdb30808",
        "external_id": "4079f695-6f71-44a5-8258-b21ffdb30808",
        "geometry_source": "KCMO parcels",
        "has_parcel_polygon": true,
        "match_method": "parcel_id",
        "match_status": "matched",
        "parcel_address": "3822 Blue Ridge Ctof",
        "parcel_id": "48266",
        "record_id": "case:4079f695-6f71-44a5-8258-b21ffdb30808",
        "record_type": "Complete Building Demolition - Commercial",
        "status": "Closed",
        "year": "2023"
      },
      "type": "Feature"
    },
    {
      "geometry": {
        "coordinates": [
          [
            [
              -94.50731126110817,
              39.0557060664949
            ],
            [
              -94.50677786446167,
              39.0556834020322
            ],
            [
              -94.5062102319605,
              39.05748353934477
            ],
            [
              -94.50722440501404,
              39.05752429982277
            ],
            [
              -94.50731126110817,
              39.0557060664949
            ]
          ]
        ],
        "type": "Polygon"
      },
      "properties": {
        "address": "6601 Stadium Dr Kansas City MO 64129",
        "case_number": "CPDC-2023-00131",
        "category": "Complete Building Demolition - Commercial",
        "date": "2023-07-07T10:11:55.26",
        "detail_url": "https://compasskc.kcmo.org/EnerGov_Prod/SelfService#/permit/da504e45-4266-442c-9b15-720e9e75fdb0",
        "external_id": "da504e45-4266-442c-9b15-720e9e75fdb0",
        "geometry_source": "KCMO parcels",
        "has_parcel_polygon": true,
        "match_method": "parcel_id",
        "match_status": "matched",
        "parcel_address": "6601 Stadium Dr",
        "parcel_id": "32340",
        "record_id": "case:da504e45-4266-442c-9b15-720e9e75fdb0",
        "record_type": "Complete Building Demolition - Commercial",
        "status": "Issued",
        "year": "2023"
      },
      "type": "Feature"
    },
    {
      "geometry": {
        "coordinates": [
          [
            [
              -94.52198197432139,
              39.073772944160794
            ],
            [
              -94.52184116393421,
              39.0737692862376
            ],
            [
              -94.52182291185551,
              39.07417194533288
            ],
            [
              -94.52196369447186,
              39.074175764020616
            ],
            [
              -94.52198197432139,
              39.073772944160794
            ]
          ]
        ],
        "type": "Polygon"
      },
      "properties": {
        "address": "5223 E 28th St Kansas City MO 64128",
        "case_number": "CPDR-2023-00135",
        "category": "Complete Building or Structure Demolition - Residential",
        "date": "2023-07-10T10:57:16.923",
        "detail_url": "https://compasskc.kcmo.org/EnerGov_Prod/SelfService#/permit/357d800f-d355-4ff3-952a-2b63d5738b95",
        "external_id": "357d800f-d355-4ff3-952a-2b63d5738b95",
        "geometry_source": "KCMO parcels",
        "has_parcel_polygon": true,
        "match_method": "parcel_id",
        "match_status": "matched",
        "parcel_address": "5223 E 28th St",
        "parcel_id": "21806",
        "record_id": "case:357d800f-d355-4ff3-952a-2b63d5738b95",
        "record_type": "Complete Building or Structure Demolition - Residential",
        "status": "Closed",
        "year": "2023"
      },
      "type": "Feature"
    },
    {
      "geometry": {
        "coordinates": [
          [
            [
              -94.58440683854143,
              38.95973255082415
            ],
            [
              -94.58414377192595,
              38.95972155185234
            ],
            [
              -94.58412851074617,
              38.96010026968353
            ],
            [
              -94.58439155267035,
              38.9601121278969
            ],
            [
              -94.58440683854143,
              38.95973255082415
            ]
          ]
        ],
        "type": "Polygon"
      },
      "properties": {
        "address": "511 E 92nd Ter Kansas City MO 64131",
        "case_number": "CPDR-2023-00141",
        "category": "Complete Building or Structure Demolition - Residential",
        "date": "2023-07-11T09:13:30.577",
        "detail_url": "https://compasskc.kcmo.org/EnerGov_Prod/SelfService#/permit/17794e66-d6ba-4e4b-a1ad-e6474c89f58d",
        "external_id": "17794e66-d6ba-4e4b-a1ad-e6474c89f58d",
        "geometry_source": "KCMO parcels",
        "has_parcel_polygon": true,
        "match_method": "parcel_id",
        "match_status": "matched",
        "parcel_address": "511 E 92nd Ter",
        "parcel_id": "151343",
        "record_id": "case:17794e66-d6ba-4e4b-a1ad-e6474c89f58d",
        "record_type": "Complete Building or Structure Demolition - Residential",
        "status": "Closed",
        "year": "2023"
      },
      "type": "Feature"
    },
    {
      "geometry": {
        "coordinates": [
          [
            [
              -94.5755604834104,
              39.298083341007
            ],
            [
              -94.57555940508371,
              39.298226630572614
            ],
            [
              -94.57612034350186,
              39.29823105338405
            ],
            [
              -94.5761214206851,
              39.2980877638145
            ],
            [
              -94.5755604834104,
              39.298083341007
            ]
          ]
        ],
        "type": "Polygon"
      },
      "properties": {
        "address": "11212 N Oak Trfy Kansas City MO 64155",
        "case_number": "CPDC-2023-00136",
        "category": "Pre-Demolition Inspection - Commercial",
        "date": "2023-07-11T09:13:33.2",
        "detail_url": "https://compasskc.kcmo.org/EnerGov_Prod/SelfService#/permit/f7d083ef-4888-481b-9616-cf8c07ebd4ce",
        "external_id": "f7d083ef-4888-481b-9616-cf8c07ebd4ce",
        "geometry_source": "KCMO parcels",
        "has_parcel_polygon": true,
        "match_method": "parcel_id",
        "match_status": "matched",
        "parcel_address": "11218 N Oak Trfy",
        "parcel_id": "292994",
        "record_id": "case:f7d083ef-4888-481b-9616-cf8c07ebd4ce",
        "record_type": "Pre-Demolition Inspection - Commercial",
        "status": "Closed",
        "year": "2023"
      },
      "type": "Feature"
    },
    {
      "geometry": {
        "coordinates": [
          [
            [
              -94.48134737933528,
              39.03009551555296
            ],
            [
              -94.4813444097361,
              39.030302371045295
            ],
            [
              -94.4814843960675,
              39.03030074820806
            ],
            [
              -94.48149752233996,
              39.030989682469425
            ],
            [
              -94.48249781281548,
              39.03101059331517
            ],
            [
              -94.48281954021867,
              39.031011739431634
            ],
            [
              -94.48325887362257,
              39.03102624520593
            ],
            [
              -94.48329838046213,
              39.03101622557441
            ],
            [
              -94.48331995685662,
              39.03100135088608
            ],
            [
              -94.48333124569034,
              39.03098726068528
            ],
            [
              -94.48391196746039,
              39.02991660160956
            ],
            [
              -94.48347052011476,
              39.02979386128121
            ],
            [
              -94.4815182393498,
              39.02973379805279
            ],
            [
              -94.48147966719101,
              39.030109566669736
            ],
            [
              -94.48134737933528,
              39.03009551555296
            ]
          ]
        ],
        "type": "Polygon"
      },
      "properties": {
        "address": "8701 Sni-A-Bar Rd Kansas City MO 64129",
        "case_number": "CPDC-2023-00138",
        "category": "Partial Building Demolition - Commercial",
        "date": "2023-07-11T15:00:50.367",
        "detail_url": "https://compasskc.kcmo.org/EnerGov_Prod/SelfService#/permit/54a07a6d-7bf1-4df6-b935-3ca70f4eb23c",
        "external_id": "54a07a6d-7bf1-4df6-b935-3ca70f4eb23c",
        "geometry_source": "KCMO parcels",
        "has_parcel_polygon": true,
        "match_method": "parcel_id",
        "match_status": "matched",
        "parcel_address": "8701 Sni-A-Bar Rd",
        "parcel_id": "260400",
        "record_id": "case:54a07a6d-7bf1-4df6-b935-3ca70f4eb23c",
        "record_type": "Partial Building Demolition - Commercial",
        "status": "Voided-City",
        "year": "2023"
      },
      "type": "Feature"
    },
    {
      "geometry": {
        "coordinates": [
          [
            [
              -94.62195407216399,
              39.24338188589011
            ],
            [
              -94.62416311513572,
              39.24339565614145
            ],
            [
              -94.62417139978277,
              39.241900068150976
            ],
            [
              -94.62650322906117,
              39.24194052835354
            ],
            [
              -94.62652097932141,
              39.23991383311259
            ],
            [
              -94.6264716643733,
              39.23991285706362
            ],
            [
              -94.62647398211794,
              39.23977765584651
            ],
            [
              -94.62652214867143,
              39.23977858680974
            ],
            [
              -94.6265266156164,
              39.23926828691567
            ],
            [
              -94.62200790293763,
              39.239174197570925
            ],
            [
              -94.62195407216399,
              39.24338188589011
            ]
          ]
        ],
        "type": "Polygon"
      },
      "properties": {
        "address": "3811 NW Barry Rd Kansas City MO 64151",
        "case_number": "CPDR-2023-00143",
        "category": "Complete Building or Structure Demolition - Residential",
        "date": "2023-07-12T12:24:19.64",
        "detail_url": "https://compasskc.kcmo.org/EnerGov_Prod/SelfService#/permit/3a6ea757-6113-49a7-917e-b9f67ed30331",
        "external_id": "3a6ea757-6113-49a7-917e-b9f67ed30331",
        "geometry_source": "KCMO parcels",
        "has_parcel_polygon": true,
        "match_method": "parcel_id",
        "match_status": "matched",
        "parcel_address": "3811 NW Barry Rd",
        "parcel_id": "291768",
        "record_id": "case:3a6ea757-6113-49a7-917e-b9f67ed30331",
        "record_type": "Complete Building or Structure Demolition - Residential",
        "status": "Issued",
        "year": "2023"
      },
      "type": "Feature"
    },
    {
      "geometry": {
        "coordinates": [
          [
            [
              -94.55651653092345,
              39.103052975496986
            ],
            [
              -94.55687551356475,
              39.103065300645845
            ],
            [
              -94.55689036439168,
              39.10279563772036
            ],
            [
              -94.55652962115542,
              39.10278328486908
            ],
            [
              -94.55651653092345,
              39.103052975496986
            ]
          ]
        ],
        "type": "Polygon"
      },
      "properties": {
        "address": "2100 E 9th St Kansas City MO 64124",
        "case_number": "CPDC-2023-00141",
        "category": "Partial Building Demolition - Commercial",
        "date": "2023-07-13T15:39:12.907",
        "detail_url": "https://compasskc.kcmo.org/EnerGov_Prod/SelfService#/permit/7a66b754-ef3c-4196-83af-2b9608ff7107",
        "external_id": "7a66b754-ef3c-4196-83af-2b9608ff7107",
        "geometry_source": "KCMO parcels",
        "has_parcel_polygon": true,
        "match_method": "parcel_id",
        "match_status": "matched",
        "parcel_address": "2100 E 9th St",
        "parcel_id": "287742",
        "record_id": "case:7a66b754-ef3c-4196-83af-2b9608ff7107",
        "record_type": "Partial Building Demolition - Commercial",
        "status": "Issued",
        "year": "2023"
      },
      "type": "Feature"
    },
    {
      "geometry": {
        "coordinates": [
          [
            [
              -94.5755604834104,
              39.298083341007
            ],
            [
              -94.57555940508371,
              39.298226630572614
            ],
            [
              -94.57612034350186,
              39.29823105338405
            ],
            [
              -94.5761214206851,
              39.2980877638145
            ],
            [
              -94.5755604834104,
              39.298083341007
            ]
          ]
        ],
        "type": "Polygon"
      },
      "properties": {
        "address": "11212 N Oak Trfy Kansas City MO 64155",
        "case_number": "CPDC-2023-00140",
        "category": "Complete Building Demolition - Commercial",
        "date": "2023-07-18T19:30:10.933",
        "detail_url": "https://compasskc.kcmo.org/EnerGov_Prod/SelfService#/permit/4418861e-cd59-488a-a615-2db7ececa0bf",
        "external_id": "4418861e-cd59-488a-a615-2db7ececa0bf",
        "geometry_source": "KCMO parcels",
        "has_parcel_polygon": true,
        "match_method": "parcel_id",
        "match_status": "matched",
        "parcel_address": "11218 N Oak Trfy",
        "parcel_id": "292994",
        "record_id": "case:4418861e-cd59-488a-a615-2db7ececa0bf",
        "record_type": "Complete Building Demolition - Commercial",
        "status": "Issued",
        "year": "2023"
      },
      "type": "Feature"
    },
    {
      "geometry": {
        "coordinates": [
          [
            [
              -94.5783260053466,
              39.07124779597202
            ],
            [
              -94.57874691771308,
              39.071263974100205
            ],
            [
              -94.57876636942183,
              39.0708861411259
            ],
            [
              -94.57831388282901,
              39.070868736698
            ],
            [
              -94.57829611011061,
              39.07122818260247
            ],
            [
              -94.57832696019932,
              39.07122935283163
            ],
            [
              -94.5783260053466,
              39.07124779597202
            ]
          ],
          [
            [
              -94.57847273325952,
              39.071234859483546
            ],
            [
              -94.57864929550938,
              39.07124151325739
            ],
            [
              -94.57867660408611,
              39.07124255936602
            ],
            [
              -94.57847273325952,
              39.071234859483546
            ]
          ]
        ],
        "type": "Polygon"
      },
      "properties": {
        "address": "506 E 31st St Kansas City MO 64108",
        "case_number": "CPDC-2023-00137",
        "category": "Pre-Demolition Inspection - Commercial",
        "date": "2023-07-19T12:52:49.29",
        "detail_url": "https://compasskc.kcmo.org/EnerGov_Prod/SelfService#/permit/151b1d26-d7d4-4d88-9e70-a0a7ea55333f",
        "external_id": "151b1d26-d7d4-4d88-9e70-a0a7ea55333f",
        "geometry_source": "KCMO parcels",
        "has_parcel_polygon": true,
        "match_method": "parcel_id",
        "match_status": "matched",
        "parcel_address": "506 E 31st St",
        "parcel_id": "126960",
        "record_id": "case:151b1d26-d7d4-4d88-9e70-a0a7ea55333f",
        "record_type": "Pre-Demolition Inspection - Commercial",
        "status": "Issued",
        "year": "2023"
      },
      "type": "Feature"
    },
    {
      "geometry": {
        "coordinates": [
          [
            [
              -94.60833254931825,
              39.235446174476664
            ],
            [
              -94.60372565688576,
              39.235405934735724
            ],
            [
              -94.60371534316852,
              39.23757294513827
            ],
            [
              -94.60546692053661,
              39.23758224039857
            ],
            [
              -94.60546038224123,
              39.2390379112407
            ],
            [
              -94.60829436862257,
              39.23905428534217
            ],
            [
              -94.60833254931825,
              39.235446174476664
            ]
          ]
        ],
        "type": "Polygon"
      },
      "properties": {
        "address": "7900 N Baughman Rd Kansas City MO 64151",
        "case_number": "CPDC-2023-00145",
        "category": "Complete Building Demolition - Commercial",
        "date": "2023-07-20T16:07:43.14",
        "detail_url": "https://compasskc.kcmo.org/EnerGov_Prod/SelfService#/permit/5ebecdb1-8d7d-443d-86c5-d4c263b4aacf",
        "external_id": "5ebecdb1-8d7d-443d-86c5-d4c263b4aacf",
        "geometry_source": "KCMO parcels",
        "has_parcel_polygon": true,
        "match_method": "parcel_id",
        "match_status": "matched",
        "parcel_address": "7900 N Baughman Rd",
        "parcel_id": "162194",
        "record_id": "case:5ebecdb1-8d7d-443d-86c5-d4c263b4aacf",
        "record_type": "Complete Building Demolition - Commercial",
        "status": "Voided-City",
        "year": "2023"
      },
      "type": "Feature"
    },
    {
      "geometry": {
        "coordinates": [
          [
            [
              -94.54964730126292,
              39.121956488229614
            ],
            [
              -94.54920507293016,
              39.121941574527604
            ],
            [
              -94.54919437169893,
              39.12218168811768
            ],
            [
              -94.54963745408587,
              39.122196578615096
            ],
            [
              -94.54964730126292,
              39.121956488229614
            ]
          ]
        ],
        "type": "Polygon"
      },
      "properties": {
        "address": "738 N Montgall Ave Kansas City MO 64120",
        "case_number": "CPDR-2023-00145",
        "category": "Complete Building or Structure Demolition - Residential",
        "date": "2023-07-21T08:28:13.123",
        "detail_url": "https://compasskc.kcmo.org/EnerGov_Prod/SelfService#/permit/a4a5a366-0739-4073-9a37-90951cbc6410",
        "external_id": "a4a5a366-0739-4073-9a37-90951cbc6410",
        "geometry_source": "KCMO parcels",
        "has_parcel_polygon": true,
        "match_method": "parcel_id",
        "match_status": "matched",
        "parcel_address": "738 N Montgall Ave",
        "parcel_id": "38878",
        "record_id": "case:a4a5a366-0739-4073-9a37-90951cbc6410",
        "record_type": "Complete Building or Structure Demolition - Residential",
        "status": "Closed",
        "year": "2023"
      },
      "type": "Feature"
    },
    {
      "geometry": {
        "coordinates": [
          [
            [
              -94.55104962823052,
              38.90958708113212
            ],
            [
              -94.55048073399726,
              38.90956408151356
            ],
            [
              -94.55044670813592,
              38.90994358490923
            ],
            [
              -94.55102700005011,
              38.909968914189534
            ],
            [
              -94.55104962823052,
              38.90958708113212
            ]
          ]
        ],
        "type": "Polygon"
      },
      "properties": {
        "address": "11901 Merritt Rd Kansas City MO 64137",
        "case_number": "CPDR-2023-00146",
        "category": "Complete Building or Structure Demolition - Residential",
        "date": "2023-07-21T15:00:08.2",
        "detail_url": "https://compasskc.kcmo.org/EnerGov_Prod/SelfService#/permit/a01c426b-933f-4e99-a4c8-1f0abacac485",
        "external_id": "a01c426b-933f-4e99-a4c8-1f0abacac485",
        "geometry_source": "KCMO parcels",
        "has_parcel_polygon": true,
        "match_method": "parcel_id",
        "match_status": "matched",
        "parcel_address": "11901 Merritt Rd",
        "parcel_id": "74300",
        "record_id": "case:a01c426b-933f-4e99-a4c8-1f0abacac485",
        "record_type": "Complete Building or Structure Demolition - Residential",
        "status": "Closed",
        "year": "2023"
      },
      "type": "Feature"
    },
    {
      "geometry": {
        "coordinates": [
          [
            [
              -94.48751089565911,
              39.01690268013215
            ],
            [
              -94.48674793892935,
              39.01686680946684
            ],
            [
              -94.48663772193156,
              39.019019786739904
            ],
            [
              -94.4873986193408,
              39.01905510817533
            ],
            [
              -94.48751089565911,
              39.01690268013215
            ]
          ]
        ],
        "type": "Polygon"
      },
      "properties": {
        "address": "8520 E 59th St Kansas City MO 64129",
        "case_number": "CPDR-2023-00147",
        "category": "Complete Building or Structure Demolition - Residential",
        "date": "2023-07-24T00:24:13.347",
        "detail_url": "https://compasskc.kcmo.org/EnerGov_Prod/SelfService#/permit/966db929-612b-4e7a-8009-a28cabdd5092",
        "external_id": "966db929-612b-4e7a-8009-a28cabdd5092",
        "geometry_source": "KCMO parcels",
        "has_parcel_polygon": true,
        "match_method": "parcel_id",
        "match_status": "matched",
        "parcel_address": "8520 E 59th St",
        "parcel_id": "51966",
        "record_id": "case:966db929-612b-4e7a-8009-a28cabdd5092",
        "record_type": "Complete Building or Structure Demolition - Residential",
        "status": "Closed",
        "year": "2023"
      },
      "type": "Feature"
    },
    {
      "geometry": {
        "coordinates": [
          [
            [
              -94.55908007312642,
              39.04808094577897
            ],
            [
              -94.5587275655407,
              39.04806826473791
            ],
            [
              -94.55871345538458,
              39.04835730273925
            ],
            [
              -94.5590641744678,
              39.0483690929448
            ],
            [
              -94.55908007312642,
              39.04808094577897
            ]
          ]
        ],
        "type": "Polygon"
      },
      "properties": {
        "address": "4306 Brooklyn Ave Kansas City MO 64130",
        "case_number": "CPDR-2023-00150",
        "category": "Complete Building or Structure Demolition - Residential",
        "date": "2023-07-24T00:24:19.927",
        "detail_url": "https://compasskc.kcmo.org/EnerGov_Prod/SelfService#/permit/9a8ee617-25c0-48d9-836e-256f503e4581",
        "external_id": "9a8ee617-25c0-48d9-836e-256f503e4581",
        "geometry_source": "KCMO parcels",
        "has_parcel_polygon": true,
        "match_method": "parcel_id",
        "match_status": "matched",
        "parcel_address": "4306 Brooklyn Ave",
        "parcel_id": "137223",
        "record_id": "case:9a8ee617-25c0-48d9-836e-256f503e4581",
        "record_type": "Complete Building or Structure Demolition - Residential",
        "status": "Closed",
        "year": "2023"
      },
      "type": "Feature"
    },
    {
      "geometry": {
        "coordinates": [
          [
            [
              -94.48160417141966,
              39.03703828281229
            ],
            [
              -94.48075219558521,
              39.03699888335312
            ],
            [
              -94.48071534090325,
              39.037772551639115
            ],
            [
              -94.4814518758995,
              39.037823281436204
            ],
            [
              -94.48156747571578,
              39.03780034903623
            ],
            [
              -94.48160417141966,
              39.03703828281229
            ]
          ]
        ],
        "type": "Polygon"
      },
      "properties": {
        "address": "8801 E 47th St Kansas City MO 64129",
        "case_number": "CPDR-2023-00149",
        "category": "Complete Building or Structure Demolition - Residential",
        "date": "2023-07-24T00:24:27.033",
        "detail_url": "https://compasskc.kcmo.org/EnerGov_Prod/SelfService#/permit/3b336c40-3b4f-4c0f-8430-d779e6bb61f4",
        "external_id": "3b336c40-3b4f-4c0f-8430-d779e6bb61f4",
        "geometry_source": "KCMO parcels",
        "has_parcel_polygon": true,
        "match_method": "parcel_id",
        "match_status": "matched",
        "parcel_address": "8801 E 47th St",
        "parcel_id": "50859",
        "record_id": "case:3b336c40-3b4f-4c0f-8430-d779e6bb61f4",
        "record_type": "Complete Building or Structure Demolition - Residential",
        "status": "Closed",
        "year": "2023"
      },
      "type": "Feature"
    },
    {
      "geometry": {
        "coordinates": [
          [
            [
              -94.55885841657462,
              39.0547631450603
            ],
            [
              -94.55837724995108,
              39.05474618047569
            ],
            [
              -94.55836947381113,
              39.054890242321115
            ],
            [
              -94.5588504961494,
              39.05490720758196
            ],
            [
              -94.55885841657462,
              39.0547631450603
            ]
          ]
        ],
        "type": "Polygon"
      },
      "properties": {
        "address": "3920 Brooklyn Ave Kansas City MO 64130",
        "case_number": "CPDR-2023-00148",
        "category": "Complete Building or Structure Demolition - Residential",
        "date": "2023-07-24T00:24:33.54",
        "detail_url": "https://compasskc.kcmo.org/EnerGov_Prod/SelfService#/permit/0b27ff93-6f1f-4642-99ae-c252f2cf8d23",
        "external_id": "0b27ff93-6f1f-4642-99ae-c252f2cf8d23",
        "geometry_source": "KCMO parcels",
        "has_parcel_polygon": true,
        "match_method": "parcel_id",
        "match_status": "matched",
        "parcel_address": "3920 Brooklyn Ave",
        "parcel_id": "136631",
        "record_id": "case:0b27ff93-6f1f-4642-99ae-c252f2cf8d23",
        "record_type": "Complete Building or Structure Demolition - Residential",
        "status": "Closed",
        "year": "2023"
      },
      "type": "Feature"
    },
    {
      "geometry": {
        "coordinates": [
          [
            [
              -94.48214215951954,
              39.06321696419034
            ],
            [
              -94.48212768079306,
              39.06325775907934
            ],
            [
              -94.48240739235278,
              39.06331701722045
            ],
            [
              -94.48254177960075,
              39.05797026414531
            ],
            [
              -94.479773534433,
              39.0578508352786
            ],
            [
              -94.47967180510165,
              39.06004390180912
            ],
            [
              -94.4788028556533,
              39.06000221893399
            ],
            [
              -94.47839267891537,
              39.062392824298556
            ],
            [
              -94.47843027098298,
              39.06244169958699
            ],
            [
              -94.4784835443177,
              39.062466143878716
            ],
            [
              -94.4798693905927,
              39.0627829340384
            ],
            [
              -94.48127407950057,
              39.06306158211075
            ],
            [
              -94.48127924899775,
              39.063046275087295
            ],
            [
              -94.48214215951954,
              39.06321696419034
            ]
          ]
        ],
        "type": "Polygon"
      },
      "properties": {
        "address": "8701 E US 40 Hwy Kansas City MO 64129",
        "case_number": "CPDC-2023-00147",
        "category": "Complete Building Demolition - Commercial",
        "date": "2023-07-24T09:33:15.37",
        "detail_url": "https://compasskc.kcmo.org/EnerGov_Prod/SelfService#/permit/355ff4ff-daca-4fa6-ba82-a669bb9b4dc4",
        "external_id": "355ff4ff-daca-4fa6-ba82-a669bb9b4dc4",
        "geometry_source": "KCMO parcels",
        "has_parcel_polygon": true,
        "match_method": "parcel_id",
        "match_status": "matched",
        "parcel_address": "8701 E US 40 Hwy",
        "parcel_id": "47875",
        "record_id": "case:355ff4ff-daca-4fa6-ba82-a669bb9b4dc4",
        "record_type": "Complete Building Demolition - Commercial",
        "status": "Voided-City",
        "year": "2023"
      },
      "type": "Feature"
    },
    {
      "geometry": {
        "coordinates": [
          [
            [
              -94.47774338608914,
              38.951287697803785
            ],
            [
              -94.4755095022171,
              38.95119506291365
            ],
            [
              -94.47545170047498,
              38.952431463428915
            ],
            [
              -94.4760928811661,
              38.952458252638614
            ],
            [
              -94.47606637419987,
              38.9530303711253
            ],
            [
              -94.47764840358158,
              38.9530966509536
            ],
            [
              -94.47774338608914,
              38.951287697803785
            ]
          ]
        ],
        "type": "Polygon"
      },
      "properties": {
        "address": "9204 E Bannister Rd Kansas City MO 64138",
        "case_number": "CPDR-2023-00151",
        "category": "Complete Building or Structure Demolition - Residential",
        "date": "2023-07-24T11:49:13.923",
        "detail_url": "https://compasskc.kcmo.org/EnerGov_Prod/SelfService#/permit/02a7ea50-c6c0-40b4-af20-159256fef609",
        "external_id": "02a7ea50-c6c0-40b4-af20-159256fef609",
        "geometry_source": "KCMO parcels",
        "has_parcel_polygon": true,
        "match_method": "parcel_id",
        "match_status": "matched",
        "parcel_address": "9204 E Bannister Rd",
        "parcel_id": "68245",
        "record_id": "case:02a7ea50-c6c0-40b4-af20-159256fef609",
        "record_type": "Complete Building or Structure Demolition - Residential",
        "status": "Closed",
        "year": "2023"
      },
      "type": "Feature"
    },
    {
      "geometry": {
        "coordinates": [
          [
            [
              -94.56932895626659,
              38.89446152212422
            ],
            [
              -94.56829842780857,
              38.89443741512438
            ],
            [
              -94.56826942576228,
              38.89484895468544
            ],
            [
              -94.56930633746953,
              38.89487097364472
            ],
            [
              -94.56932895626659,
              38.89446152212422
            ]
          ]
        ],
        "type": "Polygon"
      },
      "properties": {
        "address": "12712 Garfield Ave Kansas City MO 64146",
        "case_number": "CPDR-2023-00153",
        "category": "Complete Building or Structure Demolition - Residential",
        "date": "2023-07-25T14:32:02.643",
        "detail_url": "https://compasskc.kcmo.org/EnerGov_Prod/SelfService#/permit/1b7e533d-0c9d-459c-9dd7-b1b1ea43f5a3",
        "external_id": "1b7e533d-0c9d-459c-9dd7-b1b1ea43f5a3",
        "geometry_source": "KCMO parcels",
        "has_parcel_polygon": true,
        "match_method": "parcel_id",
        "match_status": "matched",
        "parcel_address": "12712 Garfield Ave",
        "parcel_id": "158149",
        "record_id": "case:1b7e533d-0c9d-459c-9dd7-b1b1ea43f5a3",
        "record_type": "Complete Building or Structure Demolition - Residential",
        "status": "Closed",
        "year": "2023"
      },
      "type": "Feature"
    },
    {
      "geometry": {
        "coordinates": [
          [
            [
              -94.60513383353174,
              39.04780731627407
            ],
            [
              -94.60512789403172,
              39.047917332380365
            ],
            [
              -94.60554264801925,
              39.047932288010514
            ],
            [
              -94.60554834685928,
              39.047822670801004
            ],
            [
              -94.60513383353174,
              39.04780731627407
            ]
          ]
        ],
        "type": "Polygon"
      },
      "properties": {
        "address": "4407 Genessee St Kansas City MO 64111",
        "case_number": "CPDR-2023-00155",
        "category": "Complete Building or Structure Demolition - Residential",
        "date": "2023-07-31T00:00:00",
        "detail_url": "https://compasskc.kcmo.org/EnerGov_Prod/SelfService#/permit/3de5f27b-9d45-4f83-b0e9-5aed1c173eeb",
        "external_id": "3de5f27b-9d45-4f83-b0e9-5aed1c173eeb",
        "geometry_source": "KCMO parcels",
        "has_parcel_polygon": true,
        "match_method": "parcel_id",
        "match_status": "matched",
        "parcel_address": "4407 Genessee St",
        "parcel_id": "290375",
        "record_id": "case:3de5f27b-9d45-4f83-b0e9-5aed1c173eeb",
        "record_type": "Complete Building or Structure Demolition - Residential",
        "status": "Closed",
        "year": "2023"
      },
      "type": "Feature"
    },
    {
      "geometry": {
        "coordinates": [
          [
            [
              -94.55951179384725,
              39.06405591640723
            ],
            [
              -94.55903840050485,
              39.06404004947934
            ],
            [
              -94.55903496583069,
              39.06410871659751
            ],
            [
              -94.55950824151854,
              39.06412460705194
            ],
            [
              -94.55951179384725,
              39.06405591640723
            ]
          ]
        ],
        "type": "Polygon"
      },
      "properties": {
        "address": "3414 Garfield Ave Kansas City MO 64109",
        "case_number": "CPDR-2023-00156",
        "category": "Complete Building or Structure Demolition - Residential",
        "date": "2023-08-01T00:00:00",
        "detail_url": "https://compasskc.kcmo.org/EnerGov_Prod/SelfService#/permit/6f5b8b0a-a60f-4b8b-bb3d-bc33510951b5",
        "external_id": "6f5b8b0a-a60f-4b8b-bb3d-bc33510951b5",
        "geometry_source": "KCMO parcels",
        "has_parcel_polygon": true,
        "match_method": "parcel_id",
        "match_status": "matched",
        "parcel_address": "3414 Garfield Ave",
        "parcel_id": "126404",
        "record_id": "case:6f5b8b0a-a60f-4b8b-bb3d-bc33510951b5",
        "record_type": "Complete Building or Structure Demolition - Residential",
        "status": "Closed",
        "year": "2023"
      },
      "type": "Feature"
    },
    {
      "geometry": {
        "coordinates": [
          [
            [
              -94.60676541065372,
              38.93534041227861
            ],
            [
              -94.60675760260722,
              38.93569666746716
            ],
            [
              -94.6069819673249,
              38.93569646205897
            ],
            [
              -94.60711222512329,
              38.93575198199905
            ],
            [
              -94.6076806852892,
              38.93579193379015
            ],
            [
              -94.60767798330122,
              38.935390344877945
            ],
            [
              -94.60747677825655,
              38.935292914530926
            ],
            [
              -94.60726390912073,
              38.93529601956676
            ],
            [
              -94.60713893090265,
              38.93530324680546
            ],
            [
              -94.60676541065372,
              38.93534041227861
            ]
          ]
        ],
        "type": "Polygon"
      },
      "properties": {
        "address": "1308 Carondelet Dr Kansas City MO 64114",
        "case_number": "CPDC-2023-00149",
        "category": "Pre-Demolition Inspection - Commercial",
        "date": "2023-08-02T11:16:13.597",
        "detail_url": "https://compasskc.kcmo.org/EnerGov_Prod/SelfService#/permit/2dd5e25e-cc60-4cd3-aa9b-5bab7764559d",
        "external_id": "2dd5e25e-cc60-4cd3-aa9b-5bab7764559d",
        "geometry_source": "KCMO parcels",
        "has_parcel_polygon": true,
        "match_method": "parcel_id",
        "match_status": "matched",
        "parcel_address": "1310 Carondelet Dr",
        "parcel_id": "287765",
        "record_id": "case:2dd5e25e-cc60-4cd3-aa9b-5bab7764559d",
        "record_type": "Pre-Demolition Inspection - Commercial",
        "status": "Issued",
        "year": "2023"
      },
      "type": "Feature"
    },
    {
      "geometry": {
        "coordinates": [
          [
            [
              -94.51774274115112,
              39.09235382698307
            ],
            [
              -94.51721391171051,
              39.09233891937817
            ],
            [
              -94.51720906221809,
              39.09243966449279
            ],
            [
              -94.51773792184584,
              39.0924548689922
            ],
            [
              -94.51774274115112,
              39.09235382698307
            ]
          ]
        ],
        "type": "Polygon"
      },
      "properties": {
        "address": "1606 Oakley Ave Kansas City MO 64127",
        "case_number": "CPDR-2023-00159",
        "category": "Complete Building or Structure Demolition - Residential",
        "date": "2023-08-03T15:25:49.71",
        "detail_url": "https://compasskc.kcmo.org/EnerGov_Prod/SelfService#/permit/4b36cd57-2a85-43ae-8aa2-0dba83812b40",
        "external_id": "4b36cd57-2a85-43ae-8aa2-0dba83812b40",
        "geometry_source": "KCMO parcels",
        "has_parcel_polygon": true,
        "match_method": "parcel_id",
        "match_status": "matched",
        "parcel_address": "1606 Oakley Ave",
        "parcel_id": "9294",
        "record_id": "case:4b36cd57-2a85-43ae-8aa2-0dba83812b40",
        "record_type": "Complete Building or Structure Demolition - Residential",
        "status": "Closed",
        "year": "2023"
      },
      "type": "Feature"
    },
    {
      "geometry": {
        "coordinates": [
          [
            [
              -94.5178066778174,
              39.09171832797631
            ],
            [
              -94.51724470295459,
              39.09170010786066
            ],
            [
              -94.51724122656742,
              39.09177229706638
            ],
            [
              -94.51780334868687,
              39.09179003668077
            ],
            [
              -94.5178066778174,
              39.09171832797631
            ]
          ]
        ],
        "type": "Polygon"
      },
      "properties": {
        "address": "1628 Oakley Ave Kansas City MO 64127",
        "case_number": "CPDR-2023-00158",
        "category": "Complete Building or Structure Demolition - Residential",
        "date": "2023-08-03T15:25:49.787",
        "detail_url": "https://compasskc.kcmo.org/EnerGov_Prod/SelfService#/permit/65cbe7d4-6c3c-4c30-8616-893c5a21b742",
        "external_id": "65cbe7d4-6c3c-4c30-8616-893c5a21b742",
        "geometry_source": "KCMO parcels",
        "has_parcel_polygon": true,
        "match_method": "parcel_id",
        "match_status": "matched",
        "parcel_address": "1628 Oakley Ave",
        "parcel_id": "9425",
        "record_id": "case:65cbe7d4-6c3c-4c30-8616-893c5a21b742",
        "record_type": "Complete Building or Structure Demolition - Residential",
        "status": "Closed",
        "year": "2023"
      },
      "type": "Feature"
    },
    {
      "geometry": {
        "coordinates": [
          [
            [
              -94.52121153802362,
              39.06967822357547
            ],
            [
              -94.52116301983584,
              39.069684890134596
            ],
            [
              -94.52111301159384,
              39.069704874148506
            ],
            [
              -94.5210735711646,
              39.06973611359167
            ],
            [
              -94.52105095167036,
              39.0697701648982
            ],
            [
              -94.52104121726491,
              39.06980780559168
            ],
            [
              -94.52103019696688,
              39.07005720785878
            ],
            [
              -94.52141300928346,
              39.07074832171234
            ],
            [
              -94.52158798028893,
              39.07075362068263
            ],
            [
              -94.52163447363593,
              39.06969342969457
            ],
            [
              -94.52121153802362,
              39.06967822357547
            ]
          ]
        ],
        "type": "Polygon"
      },
      "properties": {
        "address": "3010 Van Brunt Blvd Kansas City MO 64128",
        "case_number": "CPDC-2023-00155",
        "category": "Pre-Demolition Inspection - Commercial",
        "date": "2023-08-07T11:47:20.997",
        "detail_url": "https://compasskc.kcmo.org/EnerGov_Prod/SelfService#/permit/4c01c00b-5cb9-4714-a332-b3400052bd4a",
        "external_id": "4c01c00b-5cb9-4714-a332-b3400052bd4a",
        "geometry_source": "KCMO parcels",
        "has_parcel_polygon": true,
        "match_method": "parcel_id",
        "match_status": "matched",
        "parcel_id": "295179",
        "record_id": "case:4c01c00b-5cb9-4714-a332-b3400052bd4a",
        "record_type": "Pre-Demolition Inspection - Commercial",
        "status": "Issued",
        "year": "2023"
      },
      "type": "Feature"
    },
    {
      "geometry": {
        "coordinates": [
          [
            [
              -94.52121153802362,
              39.06967822357547
            ],
            [
              -94.52116301983584,
              39.069684890134596
            ],
            [
              -94.52111301159384,
              39.069704874148506
            ],
            [
              -94.5210735711646,
              39.06973611359167
            ],
            [
              -94.52105095167036,
              39.0697701648982
            ],
            [
              -94.52104121726491,
              39.06980780559168
            ],
            [
              -94.52103019696688,
              39.07005720785878
            ],
            [
              -94.52141300928346,
              39.07074832171234
            ],
            [
              -94.52158798028893,
              39.07075362068263
            ],
            [
              -94.52163447363593,
              39.06969342969457
            ],
            [
              -94.52121153802362,
              39.06967822357547
            ]
          ]
        ],
        "type": "Polygon"
      },
      "properties": {
        "address": "3010 Van Brunt Blvd Kansas City MO 64128",
        "case_number": "CPDC-2023-00157",
        "category": "Complete Building Demolition - Commercial",
        "date": "2023-08-08T11:34:04.86",
        "detail_url": "https://compasskc.kcmo.org/EnerGov_Prod/SelfService#/permit/0394701e-70b8-432e-8aa9-e7e63a9160e6",
        "external_id": "0394701e-70b8-432e-8aa9-e7e63a9160e6",
        "geometry_source": "KCMO parcels",
        "has_parcel_polygon": true,
        "match_method": "parcel_id",
        "match_status": "matched",
        "parcel_id": "295179",
        "record_id": "case:0394701e-70b8-432e-8aa9-e7e63a9160e6",
        "record_type": "Complete Building Demolition - Commercial",
        "status": "Issued",
        "year": "2023"
      },
      "type": "Feature"
    },
    {
      "geometry": {
        "coordinates": [
          [
            [
              -94.59063660340004,
              39.05622168342212
            ],
            [
              -94.5901860571297,
              39.056205467514204
            ],
            [
              -94.59017566076074,
              39.05638394568984
            ],
            [
              -94.59062623648477,
              39.05639993394955
            ],
            [
              -94.59063660340004,
              39.05622168342212
            ]
          ]
        ],
        "type": "Polygon"
      },
      "properties": {
        "address": "3907 Broadway Blvd Kansas City MO 64111",
        "case_number": "CPDC-2023-00151",
        "category": "Pre-Demolition Inspection - Commercial",
        "date": "2023-08-08T13:11:46.713",
        "detail_url": "https://compasskc.kcmo.org/EnerGov_Prod/SelfService#/permit/833a0061-278f-4a05-b871-718f7756e87e",
        "external_id": "833a0061-278f-4a05-b871-718f7756e87e",
        "geometry_source": "KCMO parcels",
        "has_parcel_polygon": true,
        "match_method": "parcel_id",
        "match_status": "matched",
        "parcel_address": "3907 Broadway Blvd",
        "parcel_id": "132622",
        "record_id": "case:833a0061-278f-4a05-b871-718f7756e87e",
        "record_type": "Pre-Demolition Inspection - Commercial",
        "status": "Issued",
        "year": "2023"
      },
      "type": "Feature"
    },
    {
      "geometry": {
        "coordinates": [
          [
            [
              -94.59062623648477,
              39.05639993394955
            ],
            [
              -94.59017566076074,
              39.05638394568984
            ],
            [
              -94.59016839466099,
              39.05650860565829
            ],
            [
              -94.5906191770394,
              39.05652493699771
            ],
            [
              -94.59062623648477,
              39.05639993394955
            ]
          ]
        ],
        "type": "Polygon"
      },
      "properties": {
        "address": "3903 Broadway Blvd Kansas City MO 64111",
        "case_number": "CPDC-2023-00152",
        "category": "Pre-Demolition Inspection - Commercial",
        "date": "2023-08-08T13:12:00.297",
        "detail_url": "https://compasskc.kcmo.org/EnerGov_Prod/SelfService#/permit/326c0156-b5b4-496c-87ec-15d5e6a429be",
        "external_id": "326c0156-b5b4-496c-87ec-15d5e6a429be",
        "geometry_source": "KCMO parcels",
        "has_parcel_polygon": true,
        "match_method": "parcel_id",
        "match_status": "matched",
        "parcel_address": "3903 Broadway Blvd",
        "parcel_id": "132623",
        "record_id": "case:326c0156-b5b4-496c-87ec-15d5e6a429be",
        "record_type": "Pre-Demolition Inspection - Commercial",
        "status": "Issued",
        "year": "2023"
      },
      "type": "Feature"
    },
    {
      "geometry": {
        "coordinates": [
          [
            [
              -94.59030468589191,
              39.05651355745141
            ],
            [
              -94.59016839466099,
              39.05650860565829
            ],
            [
              -94.59016038111822,
              39.056646102935225
            ],
            [
              -94.59029640981622,
              39.05665094053645
            ],
            [
              -94.59030468589191,
              39.05651355745141
            ]
          ]
        ],
        "type": "Polygon"
      },
      "properties": {
        "address": "313 W 39th St Kansas City MO 64111",
        "case_number": "CPDC-2023-00153",
        "category": "Pre-Demolition Inspection - Commercial",
        "date": "2023-08-08T13:12:04.123",
        "detail_url": "https://compasskc.kcmo.org/EnerGov_Prod/SelfService#/permit/539dd7a5-f7dc-4a7f-a07b-6056e731cff4",
        "external_id": "539dd7a5-f7dc-4a7f-a07b-6056e731cff4",
        "geometry_source": "KCMO parcels",
        "has_parcel_polygon": true,
        "match_method": "parcel_id",
        "match_status": "matched",
        "parcel_address": "313 W 39th St",
        "parcel_id": "132628",
        "record_id": "case:539dd7a5-f7dc-4a7f-a07b-6056e731cff4",
        "record_type": "Pre-Demolition Inspection - Commercial",
        "status": "Issued",
        "year": "2023"
      },
      "type": "Feature"
    },
    {
      "geometry": {
        "coordinates": [
          [
            [
              -94.62877017079762,
              39.25202835346385
            ],
            [
              -94.62768150003487,
              39.25200809453288
            ],
            [
              -94.62768039126608,
              39.25184213048099
            ],
            [
              -94.62749956130915,
              39.25184024992445
            ],
            [
              -94.62750118946427,
              39.252007660575096
            ],
            [
              -94.62642400296741,
              39.251993628727355
            ],
            [
              -94.62642073783208,
              39.252371725651464
            ],
            [
              -94.62724255146568,
              39.25283259651156
            ],
            [
              -94.627159228233,
              39.25295656027058
            ],
            [
              -94.62724856408784,
              39.25365222301899
            ],
            [
              -94.62877564431092,
              39.25367298933084
            ],
            [
              -94.62876471879129,
              39.25272196346731
            ],
            [
              -94.62877017079762,
              39.25202835346385
            ]
          ]
        ],
        "type": "Polygon"
      },
      "properties": {
        "address": "8575 N Granby Ave Kansas City MO 64154",
        "case_number": "CPDC-2023-00150",
        "category": "Pre-Demolition Inspection - Commercial",
        "date": "2023-08-09T10:02:24.26",
        "detail_url": "https://compasskc.kcmo.org/EnerGov_Prod/SelfService#/permit/981c6d0a-fd6e-4e2d-9636-855385c4fdc6",
        "external_id": "981c6d0a-fd6e-4e2d-9636-855385c4fdc6",
        "geometry_source": "KCMO parcels",
        "has_parcel_polygon": true,
        "match_method": "parcel_id",
        "match_status": "matched",
        "parcel_address": "8575 N Granby Ave",
        "parcel_id": "160950",
        "record_id": "case:981c6d0a-fd6e-4e2d-9636-855385c4fdc6",
        "record_type": "Pre-Demolition Inspection - Commercial",
        "status": "Issued",
        "year": "2023"
      },
      "type": "Feature"
    },
    {
      "geometry": {
        "coordinates": [
          [
            [
              -94.59743959136196,
              38.987527406921636
            ],
            [
              -94.59702328664042,
              38.987512813005786
            ],
            [
              -94.59701717062408,
              38.987650058533085
            ],
            [
              -94.59743318296866,
              38.98766465271419
            ],
            [
              -94.59743959136196,
              38.987527406921636
            ]
          ]
        ],
        "type": "Polygon"
      },
      "properties": {
        "address": "7733 Jefferson St Kansas City MO 64114",
        "case_number": "CPDR-2023-00164",
        "category": "Complete Building or Structure Demolition - Residential",
        "date": "2023-08-09T11:25:54.403",
        "detail_url": "https://compasskc.kcmo.org/EnerGov_Prod/SelfService#/permit/4f418594-0c74-470c-8f68-199d743cad2a",
        "external_id": "4f418594-0c74-470c-8f68-199d743cad2a",
        "geometry_source": "KCMO parcels",
        "has_parcel_polygon": true,
        "match_method": "parcel_id",
        "match_status": "matched",
        "parcel_address": "7733 Jefferson St",
        "parcel_id": "120230",
        "record_id": "case:4f418594-0c74-470c-8f68-199d743cad2a",
        "record_type": "Complete Building or Structure Demolition - Residential",
        "status": "Closed",
        "year": "2023"
      },
      "type": "Feature"
    },
    {
      "geometry": {
        "coordinates": [
          [
            [
              -94.55930164174613,
              39.077759361610745
            ],
            [
              -94.55884709340675,
              39.07774547386682
            ],
            [
              -94.55884314053564,
              39.077828305425356
            ],
            [
              -94.55929754187534,
              39.0778421692343
            ],
            [
              -94.55930164174613,
              39.077759361610745
            ]
          ]
        ],
        "type": "Polygon"
      },
      "properties": {
        "address": "2639 Euclid Ave Kansas City MO 64127",
        "case_number": "CPDR-2023-00165",
        "category": "Complete Building or Structure Demolition - Residential",
        "date": "2023-08-09T12:29:10.393",
        "detail_url": "https://compasskc.kcmo.org/EnerGov_Prod/SelfService#/permit/ca4848ec-266f-43ec-ab08-6441ede8015a",
        "external_id": "ca4848ec-266f-43ec-ab08-6441ede8015a",
        "geometry_source": "KCMO parcels",
        "has_parcel_polygon": true,
        "match_method": "parcel_id",
        "match_status": "matched",
        "parcel_address": "2639 Euclid Ave",
        "parcel_id": "14529",
        "record_id": "case:ca4848ec-266f-43ec-ab08-6441ede8015a",
        "record_type": "Complete Building or Structure Demolition - Residential",
        "status": "Closed",
        "year": "2023"
      },
      "type": "Feature"
    },
    {
      "geometry": {
        "coordinates": [
          [
            [
              -94.58948683055887,
              39.100251701258586
            ],
            [
              -94.58856521251995,
              39.100219639827856
            ],
            [
              -94.58852751798781,
              39.10095459609166
            ],
            [
              -94.58945228790907,
              39.100986884773214
            ],
            [
              -94.58948683055887,
              39.100251701258586
            ]
          ]
        ],
        "type": "Polygon"
      },
      "properties": {
        "address": "1112 Broadway Blvd Kansas City MO 64105",
        "case_number": "CPDC-2023-00139",
        "category": "Complete Building Demolition - Commercial",
        "date": "2023-08-10T00:00:00",
        "detail_url": "https://compasskc.kcmo.org/EnerGov_Prod/SelfService#/permit/a67a62ac-f9da-4309-ad85-40cf0ece273b",
        "external_id": "a67a62ac-f9da-4309-ad85-40cf0ece273b",
        "geometry_source": "KCMO parcels",
        "has_parcel_polygon": true,
        "match_method": "parcel_id",
        "match_status": "matched",
        "parcel_address": "416 W 12th St",
        "parcel_id": "123012",
        "record_id": "case:a67a62ac-f9da-4309-ad85-40cf0ece273b",
        "record_type": "Complete Building Demolition - Commercial",
        "status": "Issued",
        "year": "2023"
      },
      "type": "Feature"
    },
    {
      "geometry": {
        "coordinates": [
          [
            [
              -94.59649577611697,
              38.982248253754584
            ],
            [
              -94.5960185453252,
              38.982228100138535
            ],
            [
              -94.59600902502147,
              38.98240662670599
            ],
            [
              -94.59648678402309,
              38.982426825685394
            ],
            [
              -94.59649577611697,
              38.982248253754584
            ]
          ]
        ],
        "type": "Polygon"
      },
      "properties": {
        "address": "8020 Washington St Kansas City MO 64114",
        "case_number": "CPDR-2023-00168",
        "category": "Complete Building or Structure Demolition - Residential",
        "date": "2023-08-10T16:43:23.833",
        "detail_url": "https://compasskc.kcmo.org/EnerGov_Prod/SelfService#/permit/bf64cbea-5c15-41d0-8965-bd0da7c70087",
        "external_id": "bf64cbea-5c15-41d0-8965-bd0da7c70087",
        "geometry_source": "KCMO parcels",
        "has_parcel_polygon": true,
        "match_method": "parcel_id",
        "match_status": "matched",
        "parcel_address": "8020 Washington St",
        "parcel_id": "120755",
        "record_id": "case:bf64cbea-5c15-41d0-8965-bd0da7c70087",
        "record_type": "Complete Building or Structure Demolition - Residential",
        "status": "Closed",
        "year": "2023"
      },
      "type": "Feature"
    },
    {
      "geometry": {
        "coordinates": [
          [
            [
              -94.52296811559495,
              39.071074878722506
            ],
            [
              -94.52252905565439,
              39.07106025086481
            ],
            [
              -94.52252774355053,
              39.07108780018255
            ],
            [
              -94.522570011587,
              39.071089188311156
            ],
            [
              -94.52256739027925,
              39.07115329969652
            ],
            [
              -94.52296423991262,
              39.0711664250238
            ],
            [
              -94.52296811559495,
              39.071074878722506
            ]
          ]
        ],
        "type": "Polygon"
      },
      "properties": {
        "address": "2927 Denver Ave Kansas City MO 64128",
        "case_number": "CPDR-2023-00169",
        "category": "Complete Building or Structure Demolition - Residential",
        "date": "2023-08-10T16:43:26.437",
        "detail_url": "https://compasskc.kcmo.org/EnerGov_Prod/SelfService#/permit/cb62b7c4-c7cd-4ec7-90d4-6ac28eebcae6",
        "external_id": "cb62b7c4-c7cd-4ec7-90d4-6ac28eebcae6",
        "geometry_source": "KCMO parcels",
        "has_parcel_polygon": true,
        "match_method": "parcel_id",
        "match_status": "matched",
        "parcel_address": "2927 Denver Ave",
        "parcel_id": "21885",
        "record_id": "case:cb62b7c4-c7cd-4ec7-90d4-6ac28eebcae6",
        "record_type": "Complete Building or Structure Demolition - Residential",
        "status": "Closed",
        "year": "2023"
      },
      "type": "Feature"
    },
    {
      "geometry": {
        "coordinates": [
          [
            [
              -94.58044149785074,
              39.18411895726891
            ],
            [
              -94.58008984077165,
              39.18390323179765
            ],
            [
              -94.5789481632526,
              39.18349722156169
            ],
            [
              -94.5767892137081,
              39.18347910045692
            ],
            [
              -94.5767828559717,
              39.18430991395404
            ],
            [
              -94.57771068614731,
              39.184319571575834
            ],
            [
              -94.57854165096448,
              39.18425588866947
            ],
            [
              -94.57902333817245,
              39.184312924052904
            ],
            [
              -94.57943031053499,
              39.184464343539844
            ],
            [
              -94.57992870019562,
              39.18475748849573
            ],
            [
              -94.58005291218237,
              39.18462632166664
            ],
            [
              -94.58019439492509,
              39.18445542308989
            ],
            [
              -94.58031051224737,
              39.18429135959634
            ],
            [
              -94.58044149785074,
              39.18411895726891
            ]
          ]
        ],
        "type": "Polygon"
      },
      "properties": {
        "address": "5052 N Oak Trfy Kansas City MO 64118",
        "case_number": "CPDC-2023-00164",
        "category": "Pre-Demolition Inspection - Commercial",
        "date": "2023-08-11T11:31:08.047",
        "detail_url": "https://compasskc.kcmo.org/EnerGov_Prod/SelfService#/permit/5f37e6ad-3c5f-4a1d-8bdb-9f76c152c08d",
        "external_id": "5f37e6ad-3c5f-4a1d-8bdb-9f76c152c08d",
        "geometry_source": "KCMO parcels",
        "has_parcel_polygon": true,
        "match_method": "parcel_id",
        "match_status": "matched",
        "parcel_address": "5074 N Oak Trfy",
        "parcel_id": "86487",
        "record_id": "case:5f37e6ad-3c5f-4a1d-8bdb-9f76c152c08d",
        "record_type": "Pre-Demolition Inspection - Commercial",
        "status": "Issued",
        "year": "2023"
      },
      "type": "Feature"
    },
    {
      "geometry": {
        "coordinates": [
          [
            [
              -94.59030468589191,
              39.05651355745141
            ],
            [
              -94.59016839466099,
              39.05650860565829
            ],
            [
              -94.59016038111822,
              39.056646102935225
            ],
            [
              -94.59029640981622,
              39.05665094053645
            ],
            [
              -94.59030468589191,
              39.05651355745141
            ]
          ]
        ],
        "type": "Polygon"
      },
      "properties": {
        "address": "313 W 39th St Kansas City MO 64111",
        "case_number": "CPDC-2023-00161",
        "category": "Complete Building Demolition - Commercial",
        "date": "2023-08-11T15:59:27.29",
        "detail_url": "https://compasskc.kcmo.org/EnerGov_Prod/SelfService#/permit/295330d6-53ee-4b0e-8467-e2d0cacd3c96",
        "external_id": "295330d6-53ee-4b0e-8467-e2d0cacd3c96",
        "geometry_source": "KCMO parcels",
        "has_parcel_polygon": true,
        "match_method": "parcel_id",
        "match_status": "matched",
        "parcel_address": "313 W 39th St",
        "parcel_id": "132628",
        "record_id": "case:295330d6-53ee-4b0e-8467-e2d0cacd3c96",
        "record_type": "Complete Building Demolition - Commercial",
        "status": "Issued",
        "year": "2023"
      },
      "type": "Feature"
    },
    {
      "geometry": {
        "coordinates": [
          [
            [
              -94.59062623648477,
              39.05639993394955
            ],
            [
              -94.59017566076074,
              39.05638394568984
            ],
            [
              -94.59016839466099,
              39.05650860565829
            ],
            [
              -94.5906191770394,
              39.05652493699771
            ],
            [
              -94.59062623648477,
              39.05639993394955
            ]
          ]
        ],
        "type": "Polygon"
      },
      "properties": {
        "address": "3903 Broadway Blvd Kansas City MO 64111",
        "case_number": "CPDC-2023-00162",
        "category": "Complete Building Demolition - Commercial",
        "date": "2023-08-11T15:59:34.407",
        "detail_url": "https://compasskc.kcmo.org/EnerGov_Prod/SelfService#/permit/b74f21a2-3f0e-4794-968c-780bf8dd5f83",
        "external_id": "b74f21a2-3f0e-4794-968c-780bf8dd5f83",
        "geometry_source": "KCMO parcels",
        "has_parcel_polygon": true,
        "match_method": "parcel_id",
        "match_status": "matched",
        "parcel_address": "3903 Broadway Blvd",
        "parcel_id": "132623",
        "record_id": "case:b74f21a2-3f0e-4794-968c-780bf8dd5f83",
        "record_type": "Complete Building Demolition - Commercial",
        "status": "Closed",
        "year": "2023"
      },
      "type": "Feature"
    },
    {
      "geometry": {
        "coordinates": [
          [
            [
              -94.59063660340004,
              39.05622168342212
            ],
            [
              -94.5901860571297,
              39.056205467514204
            ],
            [
              -94.59017566076074,
              39.05638394568984
            ],
            [
              -94.59062623648477,
              39.05639993394955
            ],
            [
              -94.59063660340004,
              39.05622168342212
            ]
          ]
        ],
        "type": "Polygon"
      },
      "properties": {
        "address": "3907 Broadway Blvd Kansas City MO 64111",
        "case_number": "CPDC-2023-00163",
        "category": "Complete Building Demolition - Commercial",
        "date": "2023-08-11T15:59:36.75",
        "detail_url": "https://compasskc.kcmo.org/EnerGov_Prod/SelfService#/permit/d9f6283e-21c7-4526-aad6-f9b2b3cb7dc8",
        "external_id": "d9f6283e-21c7-4526-aad6-f9b2b3cb7dc8",
        "geometry_source": "KCMO parcels",
        "has_parcel_polygon": true,
        "match_method": "parcel_id",
        "match_status": "matched",
        "parcel_address": "3907 Broadway Blvd",
        "parcel_id": "132622",
        "record_id": "case:d9f6283e-21c7-4526-aad6-f9b2b3cb7dc8",
        "record_type": "Complete Building Demolition - Commercial",
        "status": "Closed",
        "year": "2023"
      },
      "type": "Feature"
    },
    {
      "geometry": {
        "coordinates": [
          [
            [
              -94.54273939817887,
              39.10615662119328
            ],
            [
              -94.5426272432275,
              39.106152886943
            ],
            [
              -94.54261576359414,
              39.10640030037501
            ],
            [
              -94.54272780074847,
              39.10640405813194
            ],
            [
              -94.54273939817887,
              39.10615662119328
            ]
          ]
        ],
        "type": "Polygon"
      },
      "properties": {
        "address": "3234 Independence Ave Kansas City MO 64124",
        "case_number": "CPDR-2023-00171",
        "category": "Complete Building or Structure Demolition - Residential",
        "date": "2023-08-15T14:20:10.78",
        "detail_url": "https://compasskc.kcmo.org/EnerGov_Prod/SelfService#/permit/0877f804-61b4-4b69-9174-0c016657b458",
        "external_id": "0877f804-61b4-4b69-9174-0c016657b458",
        "geometry_source": "KCMO parcels",
        "has_parcel_polygon": true,
        "match_method": "parcel_id",
        "match_status": "matched",
        "parcel_address": "3234 Independence Ave",
        "parcel_id": "41330",
        "record_id": "case:0877f804-61b4-4b69-9174-0c016657b458",
        "record_type": "Complete Building or Structure Demolition - Residential",
        "status": "Closed",
        "year": "2023"
      },
      "type": "Feature"
    },
    {
      "geometry": {
        "coordinates": [
          [
            [
              -94.5783260053466,
              39.07124779597202
            ],
            [
              -94.57874691771308,
              39.071263974100205
            ],
            [
              -94.57876636942183,
              39.0708861411259
            ],
            [
              -94.57831388282901,
              39.070868736698
            ],
            [
              -94.57829611011061,
              39.07122818260247
            ],
            [
              -94.57832696019932,
              39.07122935283163
            ],
            [
              -94.5783260053466,
              39.07124779597202
            ]
          ],
          [
            [
              -94.57847273325952,
              39.071234859483546
            ],
            [
              -94.57864929550938,
              39.07124151325739
            ],
            [
              -94.57867660408611,
              39.07124255936602
            ],
            [
              -94.57847273325952,
              39.071234859483546
            ]
          ]
        ],
        "type": "Polygon"
      },
      "properties": {
        "address": "506 E 31st St Kansas City MO 64108",
        "case_number": "CPDC-2023-00166",
        "category": "Complete Building Demolition - Commercial",
        "date": "2023-08-15T14:42:29.833",
        "detail_url": "https://compasskc.kcmo.org/EnerGov_Prod/SelfService#/permit/2ce6323a-4af8-477d-b414-8fcf345c25aa",
        "external_id": "2ce6323a-4af8-477d-b414-8fcf345c25aa",
        "geometry_source": "KCMO parcels",
        "has_parcel_polygon": true,
        "match_method": "parcel_id",
        "match_status": "matched",
        "parcel_address": "506 E 31st St",
        "parcel_id": "126960",
        "record_id": "case:2ce6323a-4af8-477d-b414-8fcf345c25aa",
        "record_type": "Complete Building Demolition - Commercial",
        "status": "Closed",
        "year": "2023"
      },
      "type": "Feature"
    },
    {
      "geometry": {
        "coordinates": [
          [
            [
              -94.52629407529324,
              39.07068032890077
            ],
            [
              -94.52602247512377,
              39.070671923922355
            ],
            [
              -94.52601793040257,
              39.07076518654096
            ],
            [
              -94.52628944288058,
              39.070773615002366
            ],
            [
              -94.52629407529324,
              39.07068032890077
            ]
          ]
        ],
        "type": "Polygon"
      },
      "properties": {
        "address": "3000 York St Kansas City MO 64128",
        "case_number": "CPDR-2023-00172",
        "category": "Complete Building or Structure Demolition - Residential",
        "date": "2023-08-16T15:25:11",
        "detail_url": "https://compasskc.kcmo.org/EnerGov_Prod/SelfService#/permit/9da3e7e8-28b1-44a9-9ce2-9c81243eec44",
        "external_id": "9da3e7e8-28b1-44a9-9ce2-9c81243eec44",
        "geometry_source": "KCMO parcels",
        "has_parcel_polygon": true,
        "match_method": "parcel_id",
        "match_status": "matched",
        "parcel_address": "3000 York St",
        "parcel_id": "22649",
        "record_id": "case:9da3e7e8-28b1-44a9-9ce2-9c81243eec44",
        "record_type": "Complete Building or Structure Demolition - Residential",
        "status": "Closed",
        "year": "2023"
      },
      "type": "Feature"
    },
    {
      "geometry": {
        "coordinates": [
          [
            [
              -94.51544165710482,
              39.082479969608414
            ],
            [
              -94.51592661342936,
              39.08249656100586
            ],
            [
              -94.51593653626303,
              39.08230449852456
            ],
            [
              -94.51545162675474,
              39.08228790716155
            ],
            [
              -94.51544165710482,
              39.082479969608414
            ]
          ]
        ],
        "type": "Polygon"
      },
      "properties": {
        "address": "2312 Topping Ave Kansas City MO 64127",
        "case_number": "CPDR-2023-00173",
        "category": "Complete Building or Structure Demolition - Residential",
        "date": "2023-08-16T15:50:18.65",
        "detail_url": "https://compasskc.kcmo.org/EnerGov_Prod/SelfService#/permit/c7a8b2d1-ce36-4b6b-bf7d-0d69eec5ce5b",
        "external_id": "c7a8b2d1-ce36-4b6b-bf7d-0d69eec5ce5b",
        "geometry_source": "KCMO parcels",
        "has_parcel_polygon": true,
        "match_method": "parcel_id",
        "match_status": "matched",
        "parcel_address": "2312 Topping Ave",
        "parcel_id": "20120",
        "record_id": "case:c7a8b2d1-ce36-4b6b-bf7d-0d69eec5ce5b",
        "record_type": "Complete Building or Structure Demolition - Residential",
        "status": "Closed",
        "year": "2023"
      },
      "type": "Feature"
    },
    {
      "geometry": {
        "coordinates": [
          [
            [
              -94.55745091870176,
              38.98507834519339
            ],
            [
              -94.55692774059837,
              38.985056796441086
            ],
            [
              -94.55689969996227,
              38.98562572570671
            ],
            [
              -94.55742168463509,
              38.98565180677886
            ],
            [
              -94.55745091870176,
              38.98507834519339
            ]
          ]
        ],
        "type": "Polygon"
      },
      "properties": {
        "address": "7741 Prospect Ave Kansas City MO 64132",
        "case_number": "CPDC-2023-00167",
        "category": "Complete Building Demolition - Commercial",
        "date": "2023-08-16T15:50:18.663",
        "detail_url": "https://compasskc.kcmo.org/EnerGov_Prod/SelfService#/permit/e27b0481-5872-4e12-9fec-52f33aedcc33",
        "external_id": "e27b0481-5872-4e12-9fec-52f33aedcc33",
        "geometry_source": "KCMO parcels",
        "has_parcel_polygon": true,
        "match_method": "parcel_id",
        "match_status": "matched",
        "parcel_address": "7741 Prospect Ave",
        "parcel_id": "4667",
        "record_id": "case:e27b0481-5872-4e12-9fec-52f33aedcc33",
        "record_type": "Complete Building Demolition - Commercial",
        "status": "Closed",
        "year": "2023"
      },
      "type": "Feature"
    },
    {
      "geometry": {
        "coordinates": [
          [
            [
              -94.58044149785074,
              39.18411895726891
            ],
            [
              -94.58008984077165,
              39.18390323179765
            ],
            [
              -94.5789481632526,
              39.18349722156169
            ],
            [
              -94.5767892137081,
              39.18347910045692
            ],
            [
              -94.5767828559717,
              39.18430991395404
            ],
            [
              -94.57771068614731,
              39.184319571575834
            ],
            [
              -94.57854165096448,
              39.18425588866947
            ],
            [
              -94.57902333817245,
              39.184312924052904
            ],
            [
              -94.57943031053499,
              39.184464343539844
            ],
            [
              -94.57992870019562,
              39.18475748849573
            ],
            [
              -94.58005291218237,
              39.18462632166664
            ],
            [
              -94.58019439492509,
              39.18445542308989
            ],
            [
              -94.58031051224737,
              39.18429135959634
            ],
            [
              -94.58044149785074,
              39.18411895726891
            ]
          ]
        ],
        "type": "Polygon"
      },
      "properties": {
        "address": "5052 N Oak Trfy Kansas City MO 64118",
        "case_number": "CPDC-2023-00168",
        "category": "Complete Building Demolition - Commercial",
        "date": "2023-08-17T14:27:58.627",
        "detail_url": "https://compasskc.kcmo.org/EnerGov_Prod/SelfService#/permit/2301fa74-4daf-4eb4-b646-71da53783954",
        "external_id": "2301fa74-4daf-4eb4-b646-71da53783954",
        "geometry_source": "KCMO parcels",
        "has_parcel_polygon": true,
        "match_method": "parcel_id",
        "match_status": "matched",
        "parcel_address": "5074 N Oak Trfy",
        "parcel_id": "86487",
        "record_id": "case:2301fa74-4daf-4eb4-b646-71da53783954",
        "record_type": "Complete Building Demolition - Commercial",
        "status": "Issued",
        "year": "2023"
      },
      "type": "Feature"
    },
    {
      "geometry": {
        "coordinates": [
          [
            [
              -94.61299165419845,
              39.23189930467012
            ],
            [
              -94.60840923266116,
              39.23185950085666
            ],
            [
              -94.60840891235557,
              39.231918531984086
            ],
            [
              -94.60374249613602,
              39.23187727279293
            ],
            [
              -94.60372565688576,
              39.235405934735724
            ],
            [
              -94.61293603589846,
              39.2354861895496
            ],
            [
              -94.61299165419845,
              39.23189930467012
            ]
          ]
        ],
        "type": "Polygon"
      },
      "properties": {
        "address": "2400 NW 76th St Kansas City MO 64151",
        "case_number": "CPDC-2023-00170",
        "category": "Pre-Demolition Inspection - Commercial",
        "date": "2023-08-22T14:12:25.03",
        "detail_url": "https://compasskc.kcmo.org/EnerGov_Prod/SelfService#/permit/840fcda9-6b9e-4f46-bc56-650672e1f548",
        "external_id": "840fcda9-6b9e-4f46-bc56-650672e1f548",
        "geometry_source": "KCMO parcels",
        "has_parcel_polygon": true,
        "match_method": "parcel_id",
        "match_status": "matched",
        "parcel_address": "2400 NW 76th St",
        "parcel_id": "162198",
        "record_id": "case:840fcda9-6b9e-4f46-bc56-650672e1f548",
        "record_type": "Pre-Demolition Inspection - Commercial",
        "status": "Closed",
        "year": "2023"
      },
      "type": "Feature"
    },
    {
      "geometry": {
        "coordinates": [
          [
            [
              -94.48214215951954,
              39.06321696419034
            ],
            [
              -94.48212768079306,
              39.06325775907934
            ],
            [
              -94.48240739235278,
              39.06331701722045
            ],
            [
              -94.48254177960075,
              39.05797026414531
            ],
            [
              -94.479773534433,
              39.0578508352786
            ],
            [
              -94.47967180510165,
              39.06004390180912
            ],
            [
              -94.4788028556533,
              39.06000221893399
            ],
            [
              -94.47839267891537,
              39.062392824298556
            ],
            [
              -94.47843027098298,
              39.06244169958699
            ],
            [
              -94.4784835443177,
              39.062466143878716
            ],
            [
              -94.4798693905927,
              39.0627829340384
            ],
            [
              -94.48127407950057,
              39.06306158211075
            ],
            [
              -94.48127924899775,
              39.063046275087295
            ],
            [
              -94.48214215951954,
              39.06321696419034
            ]
          ]
        ],
        "type": "Polygon"
      },
      "properties": {
        "address": "8745 E US 40 Hwy Kansas City MO 64129",
        "case_number": "CPDC-2023-00171",
        "category": "Pre-Demolition Inspection - Commercial",
        "date": "2023-08-22T14:12:28.84",
        "detail_url": "https://compasskc.kcmo.org/EnerGov_Prod/SelfService#/permit/0d19ebdf-a69b-4446-bf58-59018b641732",
        "external_id": "0d19ebdf-a69b-4446-bf58-59018b641732",
        "geometry_source": "KCMO parcels",
        "has_parcel_polygon": true,
        "match_method": "parcel_id",
        "match_status": "matched",
        "parcel_address": "8701 E US 40 Hwy",
        "parcel_id": "47875",
        "record_id": "case:0d19ebdf-a69b-4446-bf58-59018b641732",
        "record_type": "Pre-Demolition Inspection - Commercial",
        "status": "Closed",
        "year": "2023"
      },
      "type": "Feature"
    },
    {
      "geometry": {
        "coordinates": [
          [
            [
              -94.58421644184183,
              39.00306902467958
            ],
            [
              -94.58377604957357,
              39.00304501914747
            ],
            [
              -94.58376978559211,
              39.00320391036747
            ],
            [
              -94.58420944239636,
              39.003225101509436
            ],
            [
              -94.58421644184183,
              39.00306902467958
            ]
          ]
        ],
        "type": "Polygon"
      },
      "properties": {
        "address": "6847 Oak St Kansas City MO 64113",
        "case_number": "CPDR-2023-00176",
        "category": "Complete Building or Structure Demolition - Residential",
        "date": "2023-08-23T13:03:13.493",
        "detail_url": "https://compasskc.kcmo.org/EnerGov_Prod/SelfService#/permit/fa6adeee-6b94-488d-b5a9-5713bd520f84",
        "external_id": "fa6adeee-6b94-488d-b5a9-5713bd520f84",
        "geometry_source": "KCMO parcels",
        "has_parcel_polygon": true,
        "match_method": "parcel_id",
        "match_status": "matched",
        "parcel_address": "6847 Oak St",
        "parcel_id": "111193",
        "record_id": "case:fa6adeee-6b94-488d-b5a9-5713bd520f84",
        "record_type": "Complete Building or Structure Demolition - Residential",
        "status": "Voided-City",
        "year": "2023"
      },
      "type": "Feature"
    },
    {
      "geometry": {
        "coordinates": [
          [
            [
              -94.5010073326272,
              39.09292977665245
            ],
            [
              -94.5005466491064,
              39.09291881928187
            ],
            [
              -94.50054286198929,
              39.092987003850446
            ],
            [
              -94.50100342703902,
              39.09299798354559
            ],
            [
              -94.5010073326272,
              39.09292977665245
            ]
          ]
        ],
        "type": "Polygon"
      },
      "properties": {
        "address": "1515 Winchester Ave Kansas City MO 64126",
        "case_number": "CPDR-2023-00178",
        "category": "Complete Building or Structure Demolition - Residential",
        "date": "2023-08-23T14:58:42",
        "detail_url": "https://compasskc.kcmo.org/EnerGov_Prod/SelfService#/permit/2cfe6dcd-726f-4a1d-8653-815e7641e6c1",
        "external_id": "2cfe6dcd-726f-4a1d-8653-815e7641e6c1",
        "geometry_source": "KCMO parcels",
        "has_parcel_polygon": true,
        "match_method": "parcel_id",
        "match_status": "matched",
        "parcel_address": "1515 Winchester Ave",
        "parcel_id": "7273",
        "record_id": "case:2cfe6dcd-726f-4a1d-8653-815e7641e6c1",
        "record_type": "Complete Building or Structure Demolition - Residential",
        "status": "Closed",
        "year": "2023"
      },
      "type": "Feature"
    },
    {
      "geometry": {
        "coordinates": [
          [
            [
              -94.53699825866036,
              39.019558727187444
            ],
            [
              -94.53650275789937,
              39.01954089937669
            ],
            [
              -94.53649662479793,
              39.019650821664854
            ],
            [
              -94.53699215636529,
              39.019668603729414
            ],
            [
              -94.53699825866036,
              39.019558727187444
            ]
          ]
        ],
        "type": "Polygon"
      },
      "properties": {
        "address": "5819 Jackson Ave Kansas City MO 64130",
        "case_number": "CPDR-2023-00180",
        "category": "Complete Building or Structure Demolition - Residential",
        "date": "2023-08-23T15:42:40.95",
        "detail_url": "https://compasskc.kcmo.org/EnerGov_Prod/SelfService#/permit/9f57bec8-adb6-4d4c-9546-0e8e7c17ab89",
        "external_id": "9f57bec8-adb6-4d4c-9546-0e8e7c17ab89",
        "geometry_source": "KCMO parcels",
        "has_parcel_polygon": true,
        "match_method": "parcel_id",
        "match_status": "matched",
        "parcel_address": "5819 Jackson Ave",
        "parcel_id": "38061",
        "record_id": "case:9f57bec8-adb6-4d4c-9546-0e8e7c17ab89",
        "record_type": "Complete Building or Structure Demolition - Residential",
        "status": "Closed",
        "year": "2023"
      },
      "type": "Feature"
    },
    {
      "geometry": {
        "coordinates": [
          [
            [
              -94.57590926038715,
              39.020573524223074
            ],
            [
              -94.57545436674852,
              39.020555377813515
            ],
            [
              -94.5754465345379,
              39.020692736963234
            ],
            [
              -94.57590142903096,
              39.02071086109306
            ],
            [
              -94.57590926038715,
              39.020573524223074
            ]
          ]
        ],
        "type": "Polygon"
      },
      "properties": {
        "address": "5832 Harrison St Kansas City MO 64110",
        "case_number": "CPDR-2023-00179",
        "category": "Complete Building or Structure Demolition - Residential",
        "date": "2023-08-23T15:42:43.623",
        "detail_url": "https://compasskc.kcmo.org/EnerGov_Prod/SelfService#/permit/d293878e-d0ca-4c04-b553-e5ecf12b1ae8",
        "external_id": "d293878e-d0ca-4c04-b553-e5ecf12b1ae8",
        "geometry_source": "KCMO parcels",
        "has_parcel_polygon": true,
        "match_method": "parcel_id",
        "match_status": "matched",
        "parcel_address": "5832 Harrison St",
        "parcel_id": "145124",
        "record_id": "case:d293878e-d0ca-4c04-b553-e5ecf12b1ae8",
        "record_type": "Complete Building or Structure Demolition - Residential",
        "status": "Closed",
        "year": "2023"
      },
      "type": "Feature"
    },
    {
      "geometry": {
        "coordinates": [
          [
            [
              -94.54940054663999,
              39.053577271521185
            ],
            [
              -94.54929108505813,
              39.053573885701674
            ],
            [
              -94.54927793142157,
              39.05390060783642
            ],
            [
              -94.54938739194394,
              39.053903855811164
            ],
            [
              -94.54940054663999,
              39.053577271521185
            ]
          ]
        ],
        "type": "Polygon"
      },
      "properties": {
        "address": "2916 E 40th St Kansas City MO 64130",
        "case_number": "CPDR-2023-00177",
        "category": "Complete Building or Structure Demolition - Residential",
        "date": "2023-08-23T15:42:46.233",
        "detail_url": "https://compasskc.kcmo.org/EnerGov_Prod/SelfService#/permit/06a9b3ac-b980-4ff0-aa34-98fab1ba5d58",
        "external_id": "06a9b3ac-b980-4ff0-aa34-98fab1ba5d58",
        "geometry_source": "KCMO parcels",
        "has_parcel_polygon": true,
        "match_method": "parcel_id",
        "match_status": "matched",
        "parcel_address": "2916 E 40th St",
        "parcel_id": "29619",
        "record_id": "case:06a9b3ac-b980-4ff0-aa34-98fab1ba5d58",
        "record_type": "Complete Building or Structure Demolition - Residential",
        "status": "Closed",
        "year": "2023"
      },
      "type": "Feature"
    },
    {
      "geometry": {
        "coordinates": [
          [
            [
              -94.54739575279949,
              39.063389368631896
            ],
            [
              -94.54694675798864,
              39.0633755929268
            ],
            [
              -94.54694200810425,
              39.063471328258174
            ],
            [
              -94.54739118031983,
              39.06348505814744
            ],
            [
              -94.54739575279949,
              39.063389368631896
            ]
          ]
        ],
        "type": "Polygon"
      },
      "properties": {
        "address": "3423 Bellefontaine Ave Kansas City MO 64128",
        "case_number": "CPDR-2023-00181",
        "category": "Complete Building or Structure Demolition - Residential",
        "date": "2023-08-23T16:30:21.59",
        "detail_url": "https://compasskc.kcmo.org/EnerGov_Prod/SelfService#/permit/e20b7ac0-f6e1-40e6-b50b-3c58f83344b4",
        "external_id": "e20b7ac0-f6e1-40e6-b50b-3c58f83344b4",
        "geometry_source": "KCMO parcels",
        "has_parcel_polygon": true,
        "match_method": "parcel_id",
        "match_status": "matched",
        "parcel_address": "3423 Bellefontaine Ave",
        "parcel_id": "25747",
        "record_id": "case:e20b7ac0-f6e1-40e6-b50b-3c58f83344b4",
        "record_type": "Complete Building or Structure Demolition - Residential",
        "status": "Closed",
        "year": "2023"
      },
      "type": "Feature"
    },
    {
      "geometry": {
        "coordinates": [
          [
            [
              -94.55163303939909,
              39.06928505698718
            ],
            [
              -94.55115265600443,
              39.06926746684181
            ],
            [
              -94.55113274864038,
              39.06970642107376
            ],
            [
              -94.55161090486008,
              39.069723828666305
            ],
            [
              -94.55163303939909,
              39.06928505698718
            ]
          ]
        ],
        "type": "Polygon"
      },
      "properties": {
        "address": "2701 E 31st St Kansas City MO 64128",
        "case_number": "CPDC-2023-00123",
        "category": "Pre-Demolition Inspection - Commercial",
        "date": "2023-08-23T18:08:25.26",
        "detail_url": "https://compasskc.kcmo.org/EnerGov_Prod/SelfService#/permit/eebdb995-c1d4-473a-b8a3-22194b1bf059",
        "external_id": "eebdb995-c1d4-473a-b8a3-22194b1bf059",
        "geometry_source": "KCMO parcels",
        "has_parcel_polygon": true,
        "match_method": "parcel_id",
        "match_status": "matched",
        "parcel_address": "2701 E 31st St",
        "parcel_id": "25285",
        "record_id": "case:eebdb995-c1d4-473a-b8a3-22194b1bf059",
        "record_type": "Pre-Demolition Inspection - Commercial",
        "status": "Issued",
        "year": "2023"
      },
      "type": "Feature"
    },
    {
      "geometry": {
        "coordinates": [
          [
            [
              -94.58421644184183,
              39.00306902467958
            ],
            [
              -94.58377604957357,
              39.00304501914747
            ],
            [
              -94.58376978559211,
              39.00320391036747
            ],
            [
              -94.58420944239636,
              39.003225101509436
            ],
            [
              -94.58421644184183,
              39.00306902467958
            ]
          ]
        ],
        "type": "Polygon"
      },
      "properties": {
        "address": "6847 Oak St Kansas City MO 64113",
        "case_number": "CPDR-2023-00182",
        "category": "Pre-Demolition Inspection - Residential",
        "date": "2023-08-25T08:41:19.37",
        "detail_url": "https://compasskc.kcmo.org/EnerGov_Prod/SelfService#/permit/87c9b980-edb7-473c-9059-f815b394147e",
        "external_id": "87c9b980-edb7-473c-9059-f815b394147e",
        "geometry_source": "KCMO parcels",
        "has_parcel_polygon": true,
        "match_method": "parcel_id",
        "match_status": "matched",
        "parcel_address": "6847 Oak St",
        "parcel_id": "111193",
        "record_id": "case:87c9b980-edb7-473c-9059-f815b394147e",
        "record_type": "Pre-Demolition Inspection - Residential",
        "status": "Issued",
        "year": "2023"
      },
      "type": "Feature"
    },
    {
      "geometry": {
        "coordinates": [
          [
            [
              -94.57308863977586,
              39.07685685057466
            ],
            [
              -94.57239618934372,
              39.076830672744975
            ],
            [
              -94.57239132954473,
              39.076928971598136
            ],
            [
              -94.5730319080364,
              39.0769531918978
            ],
            [
              -94.57308863977586,
              39.07685685057466
            ]
          ]
        ],
        "type": "Polygon"
      },
      "properties": {
        "address": "2722 Harrison St Kansas City MO 64109",
        "case_number": "CPDR-2023-00183",
        "category": "Pre-Demolition Inspection - Residential",
        "date": "2023-08-25T09:07:00.16",
        "detail_url": "https://compasskc.kcmo.org/EnerGov_Prod/SelfService#/permit/d4a876d2-cb36-47a6-b837-e602f665db35",
        "external_id": "d4a876d2-cb36-47a6-b837-e602f665db35",
        "geometry_source": "KCMO parcels",
        "has_parcel_polygon": true,
        "match_method": "parcel_id",
        "match_status": "matched",
        "parcel_address": "2722 Harrison St",
        "parcel_id": "126784",
        "record_id": "case:d4a876d2-cb36-47a6-b837-e602f665db35",
        "record_type": "Pre-Demolition Inspection - Residential",
        "status": "Ready For Issuance",
        "year": "2023"
      },
      "type": "Feature"
    },
    {
      "geometry": {
        "coordinates": [
          [
            [
              -94.49343719077832,
              38.9809708802535
            ],
            [
              -94.49277346675417,
              38.980952559557494
            ],
            [
              -94.49274306640744,
              38.981531153594354
            ],
            [
              -94.49341019721271,
              38.981548857434824
            ],
            [
              -94.49343719077832,
              38.9809708802535
            ]
          ]
        ],
        "type": "Polygon"
      },
      "properties": {
        "address": "7844 James A Reed Rd Kansas City MO 64138",
        "case_number": "CPDR-2023-00137",
        "category": "Complete Building or Structure Demolition - Residential",
        "date": "2023-08-28T14:57:47.133",
        "detail_url": "https://compasskc.kcmo.org/EnerGov_Prod/SelfService#/permit/d97091e2-93e8-4b75-9b94-719867868187",
        "external_id": "d97091e2-93e8-4b75-9b94-719867868187",
        "geometry_source": "KCMO parcels",
        "has_parcel_polygon": true,
        "match_method": "parcel_id",
        "match_status": "matched",
        "parcel_address": "7844 James A Reed Rd",
        "parcel_id": "53700",
        "record_id": "case:d97091e2-93e8-4b75-9b94-719867868187",
        "record_type": "Complete Building or Structure Demolition - Residential",
        "status": "Issued",
        "year": "2023"
      },
      "type": "Feature"
    },
    {
      "geometry": {
        "coordinates": [
          [
            [
              -94.49949263336615,
              38.96509346089241
            ],
            [
              -94.49943765173838,
              38.96499562109426
            ],
            [
              -94.49937009614433,
              38.9648959718684
            ],
            [
              -94.49929808574176,
              38.96480572904695
            ],
            [
              -94.49923592216068,
              38.96474356036508
            ],
            [
              -94.4987365014653,
              38.96498238911315
            ],
            [
              -94.49874555690268,
              38.964994082089
            ],
            [
              -94.49835812134886,
              38.96517998723046
            ],
            [
              -94.49853443749433,
              38.96547032885611
            ],
            [
              -94.49949263336615,
              38.96509346089241
            ]
          ]
        ],
        "type": "Polygon"
      },
      "properties": {
        "address": "8735 Blue Ridge Blvd Kansas City MO 64138",
        "case_number": "CPDC-2023-00175",
        "category": "Complete Building Demolition - Commercial",
        "date": "2023-08-29T12:01:14.357",
        "detail_url": "https://compasskc.kcmo.org/EnerGov_Prod/SelfService#/permit/52914226-3366-4d2d-953b-7ed3ad885ce0",
        "external_id": "52914226-3366-4d2d-953b-7ed3ad885ce0",
        "geometry_source": "KCMO parcels",
        "has_parcel_polygon": true,
        "match_method": "parcel_id",
        "match_status": "matched",
        "parcel_address": "8735 Blue Ridge Blvd",
        "parcel_id": "66088",
        "record_id": "case:52914226-3366-4d2d-953b-7ed3ad885ce0",
        "record_type": "Complete Building Demolition - Commercial",
        "status": "Issued",
        "year": "2023"
      },
      "type": "Feature"
    },
    {
      "geometry": {
        "coordinates": [
          [
            [
              -94.59741257299673,
              38.94895189091624
            ],
            [
              -94.59737136590302,
              38.94980299449165
            ],
            [
              -94.59794660430744,
              38.94982592016969
            ],
            [
              -94.5979878342065,
              38.948975617223354
            ],
            [
              -94.59741257299673,
              38.94895189091624
            ]
          ]
        ],
        "type": "Polygon"
      },
      "properties": {
        "address": "420 W 99th St Kansas City MO 64114",
        "case_number": "CPDR-2023-00186",
        "category": "Complete Building or Structure Demolition - Residential",
        "date": "2023-08-30T06:37:13.637",
        "detail_url": "https://compasskc.kcmo.org/EnerGov_Prod/SelfService#/permit/7b64e3b1-202c-4325-ac2e-b21d84255629",
        "external_id": "7b64e3b1-202c-4325-ac2e-b21d84255629",
        "geometry_source": "KCMO parcels",
        "has_parcel_polygon": true,
        "match_method": "address_geocode_point_in_polygon",
        "match_status": "matched",
        "parcel_address": "420 W 99th St",
        "parcel_id": "295394",
        "record_id": "case:7b64e3b1-202c-4325-ac2e-b21d84255629",
        "record_type": "Complete Building or Structure Demolition - Residential",
        "status": "Issued",
        "year": "2023"
      },
      "type": "Feature"
    },
    {
      "geometry": {
        "coordinates": [
          [
            [
              -94.50947950059235,
              39.00542336048197
            ],
            [
              -94.50945621898781,
              39.00587883342682
            ],
            [
              -94.50981006280632,
              39.005893173521756
            ],
            [
              -94.5098323458052,
              39.00543760963945
            ],
            [
              -94.50947950059235,
              39.00542336048197
            ]
          ]
        ],
        "type": "Polygon"
      },
      "properties": {
        "address": "6531 Bennington Ave Kansas City MO 64133",
        "case_number": "CPDR-2023-00188",
        "category": "Complete Building or Structure Demolition - Residential",
        "date": "2023-09-01T14:09:45.247",
        "detail_url": "https://compasskc.kcmo.org/EnerGov_Prod/SelfService#/permit/762e1994-ca82-4b6a-a475-8c94c9860f92",
        "external_id": "762e1994-ca82-4b6a-a475-8c94c9860f92",
        "geometry_source": "KCMO parcels",
        "has_parcel_polygon": true,
        "match_method": "parcel_id",
        "match_status": "matched",
        "parcel_id": "295354",
        "record_id": "case:762e1994-ca82-4b6a-a475-8c94c9860f92",
        "record_type": "Complete Building or Structure Demolition - Residential",
        "status": "Closed",
        "year": "2023"
      },
      "type": "Feature"
    },
    {
      "geometry": {
        "coordinates": [
          [
            [
              -94.55121742383028,
              39.05479219433425
            ],
            [
              -94.55074130844274,
              39.054777209544916
            ],
            [
              -94.5507371409482,
              39.05485969689418
            ],
            [
              -94.55121322822711,
              39.0548746130699
            ],
            [
              -94.55121742383028,
              39.05479219433425
            ]
          ]
        ],
        "type": "Polygon"
      },
      "properties": {
        "address": "3913 Chestnut Ave Kansas City MO 64130",
        "case_number": "CPDR-2023-00191",
        "category": "Complete Building or Structure Demolition - Residential",
        "date": "2023-09-01T15:58:35.18",
        "detail_url": "https://compasskc.kcmo.org/EnerGov_Prod/SelfService#/permit/2ded04ee-b1e4-47df-a71f-6ede4d0f4bd9",
        "external_id": "2ded04ee-b1e4-47df-a71f-6ede4d0f4bd9",
        "geometry_source": "KCMO parcels",
        "has_parcel_polygon": true,
        "match_method": "parcel_id",
        "match_status": "matched",
        "parcel_address": "3913 Chestnut Ave",
        "parcel_id": "29676",
        "record_id": "case:2ded04ee-b1e4-47df-a71f-6ede4d0f4bd9",
        "record_type": "Complete Building or Structure Demolition - Residential",
        "status": "Closed",
        "year": "2023"
      },
      "type": "Feature"
    },
    {
      "geometry": {
        "coordinates": [
          [
            [
              -94.53321094792449,
              39.08326214820637
            ],
            [
              -94.5328033704161,
              39.08324750548524
            ],
            [
              -94.53279898009777,
              39.08333806876438
            ],
            [
              -94.53320691058917,
              39.08335307806419
            ],
            [
              -94.53321094792449,
              39.08326214820637
            ]
          ]
        ],
        "type": "Polygon"
      },
      "properties": {
        "address": "2308 Spruce Ave Kansas City MO 64127",
        "case_number": "CPDR-2023-00190",
        "category": "Complete Building or Structure Demolition - Residential",
        "date": "2023-09-01T15:58:38.353",
        "detail_url": "https://compasskc.kcmo.org/EnerGov_Prod/SelfService#/permit/a685996e-8b97-4556-8cc7-99899bda057c",
        "external_id": "a685996e-8b97-4556-8cc7-99899bda057c",
        "geometry_source": "KCMO parcels",
        "has_parcel_polygon": true,
        "match_method": "parcel_id",
        "match_status": "matched",
        "parcel_address": "2308 Spruce Ave",
        "parcel_id": "19266",
        "record_id": "case:a685996e-8b97-4556-8cc7-99899bda057c",
        "record_type": "Complete Building or Structure Demolition - Residential",
        "status": "Closed",
        "year": "2023"
      },
      "type": "Feature"
    },
    {
      "geometry": {
        "coordinates": [
          [
            [
              -94.52723347427242,
              39.070242448039664
            ],
            [
              -94.5268442308567,
              39.07023027474479
            ],
            [
              -94.52683860820477,
              39.07034005759547
            ],
            [
              -94.52722782286183,
              39.07035220860671
            ],
            [
              -94.52723347427242,
              39.070242448039664
            ]
          ]
        ],
        "type": "Polygon"
      },
      "properties": {
        "address": "3014 Poplar Ave Kansas City MO 64128",
        "case_number": "CPDR-2023-00189",
        "category": "Complete Building or Structure Demolition - Residential",
        "date": "2023-09-01T15:58:41.443",
        "detail_url": "https://compasskc.kcmo.org/EnerGov_Prod/SelfService#/permit/8259c516-ebca-4a32-9fb4-7482ce29fcdf",
        "external_id": "8259c516-ebca-4a32-9fb4-7482ce29fcdf",
        "geometry_source": "KCMO parcels",
        "has_parcel_polygon": true,
        "match_method": "parcel_id",
        "match_status": "matched",
        "parcel_address": "3014 Poplar Ave",
        "parcel_id": "22742",
        "record_id": "case:8259c516-ebca-4a32-9fb4-7482ce29fcdf",
        "record_type": "Complete Building or Structure Demolition - Residential",
        "status": "Closed",
        "year": "2023"
      },
      "type": "Feature"
    },
    {
      "geometry": {
        "coordinates": [
          [
            [
              -94.48262382946159,
              39.07474816790463
            ],
            [
              -94.48229706334189,
              39.07473423011312
            ],
            [
              -94.48228645440544,
              39.075258290166914
            ],
            [
              -94.48260018746663,
              39.075272202590305
            ],
            [
              -94.48262382946159,
              39.07474816790463
            ]
          ]
        ],
        "type": "Polygon"
      },
      "properties": {
        "address": "8616 E 27th St Kansas City MO 64129",
        "case_number": "CPDR-2023-00192",
        "category": "Complete Building or Structure Demolition - Residential",
        "date": "2023-09-01T15:58:44.02",
        "detail_url": "https://compasskc.kcmo.org/EnerGov_Prod/SelfService#/permit/aa57e7d5-0004-49a8-ae25-e09adaa8061c",
        "external_id": "aa57e7d5-0004-49a8-ae25-e09adaa8061c",
        "geometry_source": "KCMO parcels",
        "has_parcel_polygon": true,
        "match_method": "parcel_id",
        "match_status": "matched",
        "parcel_address": "8616 E 27th St",
        "parcel_id": "47302",
        "record_id": "case:aa57e7d5-0004-49a8-ae25-e09adaa8061c",
        "record_type": "Complete Building or Structure Demolition - Residential",
        "status": "Closed",
        "year": "2023"
      },
      "type": "Feature"
    },
    {
      "geometry": {
        "coordinates": [
          [
            [
              -94.5220217795603,
              39.07292852020782
            ],
            [
              -94.52189491381536,
              39.07292540942596
            ],
            [
              -94.52187974388998,
              39.07322908567398
            ],
            [
              -94.52200658171493,
              39.073232700427
            ],
            [
              -94.5220217795603,
              39.07292852020782
            ]
          ]
        ],
        "type": "Polygon"
      },
      "properties": {
        "address": "5219 E 28th Ter Kansas City MO 64128",
        "case_number": "CPDR-2023-00194",
        "category": "Complete Building or Structure Demolition - Residential",
        "date": "2023-09-07T16:23:55.843",
        "detail_url": "https://compasskc.kcmo.org/EnerGov_Prod/SelfService#/permit/093194d0-3c60-430e-8138-fb668dc5b89f",
        "external_id": "093194d0-3c60-430e-8138-fb668dc5b89f",
        "geometry_source": "KCMO parcels",
        "has_parcel_polygon": true,
        "match_method": "parcel_id",
        "match_status": "matched",
        "parcel_address": "5219 E 28th Ter",
        "parcel_id": "21845",
        "record_id": "case:093194d0-3c60-430e-8138-fb668dc5b89f",
        "record_type": "Complete Building or Structure Demolition - Residential",
        "status": "Closed",
        "year": "2023"
      },
      "type": "Feature"
    },
    {
      "geometry": {
        "coordinates": [
          [
            [
              -94.51343698016514,
              39.08918681667613
            ],
            [
              -94.51327770138407,
              39.089182557367785
            ],
            [
              -94.51326147492203,
              39.08954748349706
            ],
            [
              -94.51342025461463,
              39.08955146945991
            ],
            [
              -94.51343698016514,
              39.08918681667613
            ]
          ]
        ],
        "type": "Polygon"
      },
      "properties": {
        "address": "5904 E 18th St Kansas City MO 64126",
        "case_number": "CPDR-2023-00195",
        "category": "Complete Building or Structure Demolition - Residential",
        "date": "2023-09-07T16:23:55.937",
        "detail_url": "https://compasskc.kcmo.org/EnerGov_Prod/SelfService#/permit/77a6fd74-848e-4391-a1ce-36b2b992f608",
        "external_id": "77a6fd74-848e-4391-a1ce-36b2b992f608",
        "geometry_source": "KCMO parcels",
        "has_parcel_polygon": true,
        "match_method": "parcel_id",
        "match_status": "matched",
        "parcel_address": "5904 E 18th St",
        "parcel_id": "21147",
        "record_id": "case:77a6fd74-848e-4391-a1ce-36b2b992f608",
        "record_type": "Complete Building or Structure Demolition - Residential",
        "status": "Closed",
        "year": "2023"
      },
      "type": "Feature"
    },
    {
      "geometry": {
        "coordinates": [
          [
            [
              -94.53183377651871,
              39.07807761267551
            ],
            [
              -94.53140333272466,
              39.078064778292976
            ],
            [
              -94.53139827158175,
              39.07817179306125
            ],
            [
              -94.53182854082146,
              39.07818506167256
            ],
            [
              -94.53183377651871,
              39.07807761267551
            ]
          ]
        ],
        "type": "Polygon"
      },
      "properties": {
        "address": "2601 Kensington Ave Kansas City MO 64127",
        "case_number": "CPDR-2023-00193",
        "category": "Complete Building or Structure Demolition - Residential",
        "date": "2023-09-11T00:00:00",
        "detail_url": "https://compasskc.kcmo.org/EnerGov_Prod/SelfService#/permit/aa97d265-901d-4e0c-91f0-ab13c02c0f61",
        "external_id": "aa97d265-901d-4e0c-91f0-ab13c02c0f61",
        "geometry_source": "KCMO parcels",
        "has_parcel_polygon": true,
        "match_method": "parcel_id",
        "match_status": "matched",
        "parcel_address": "2601 Kensington Ave",
        "parcel_id": "19597",
        "record_id": "case:aa97d265-901d-4e0c-91f0-ab13c02c0f61",
        "record_type": "Complete Building or Structure Demolition - Residential",
        "status": "Closed",
        "year": "2023"
      },
      "type": "Feature"
    },
    {
      "geometry": {
        "coordinates": [
          [
            [
              -94.51153529320806,
              39.10876523330769
            ],
            [
              -94.51114686823759,
              39.10875099298689
            ],
            [
              -94.51114036580175,
              39.10886079846431
            ],
            [
              -94.5115285564133,
              39.108874946735035
            ],
            [
              -94.51153529320806,
              39.10876523330769
            ]
          ]
        ],
        "type": "Polygon"
      },
      "properties": {
        "address": "343 White Ave Kansas City MO 64123",
        "case_number": "CPDR-2023-00198",
        "category": "Complete Building or Structure Demolition - Residential",
        "date": "2023-09-11T14:45:04.687",
        "detail_url": "https://compasskc.kcmo.org/EnerGov_Prod/SelfService#/permit/b91ccb11-2b17-4ec7-bc0d-bc91b3ccdc4f",
        "external_id": "b91ccb11-2b17-4ec7-bc0d-bc91b3ccdc4f",
        "geometry_source": "KCMO parcels",
        "has_parcel_polygon": true,
        "match_method": "parcel_id",
        "match_status": "matched",
        "parcel_address": "343 White Ave",
        "parcel_id": "46078",
        "record_id": "case:b91ccb11-2b17-4ec7-bc0d-bc91b3ccdc4f",
        "record_type": "Complete Building or Structure Demolition - Residential",
        "status": "Closed",
        "year": "2023"
      },
      "type": "Feature"
    },
    {
      "geometry": {
        "coordinates": [
          [
            [
              -94.53633602013629,
              39.043624765332716
            ],
            [
              -94.53610510189013,
              39.04361774395566
            ],
            [
              -94.53609040912924,
              39.04392156128358
            ],
            [
              -94.53632124163066,
              39.04392823950223
            ],
            [
              -94.53633602013629,
              39.043624765332716
            ]
          ]
        ],
        "type": "Polygon"
      },
      "properties": {
        "address": "4111 E 45th St Kansas City MO 64130",
        "case_number": "CPDR-2023-00199",
        "category": "Complete Building or Structure Demolition - Residential",
        "date": "2023-09-11T14:45:07.163",
        "detail_url": "https://compasskc.kcmo.org/EnerGov_Prod/SelfService#/permit/73b5a22b-16ad-4c5c-a430-3f6f1ec68449",
        "external_id": "73b5a22b-16ad-4c5c-a430-3f6f1ec68449",
        "geometry_source": "KCMO parcels",
        "has_parcel_polygon": true,
        "match_method": "parcel_id",
        "match_status": "matched",
        "parcel_address": "4111 E 45th St",
        "parcel_id": "34307",
        "record_id": "case:73b5a22b-16ad-4c5c-a430-3f6f1ec68449",
        "record_type": "Complete Building or Structure Demolition - Residential",
        "status": "Closed",
        "year": "2023"
      },
      "type": "Feature"
    },
    {
      "geometry": {
        "coordinates": [
          [
            [
              -94.55163303939909,
              39.06928505698718
            ],
            [
              -94.55115265600443,
              39.06926746684181
            ],
            [
              -94.55113274864038,
              39.06970642107376
            ],
            [
              -94.55161090486008,
              39.069723828666305
            ],
            [
              -94.55163303939909,
              39.06928505698718
            ]
          ]
        ],
        "type": "Polygon"
      },
      "properties": {
        "address": "2701 E 31st St Kansas City MO 64128",
        "case_number": "CPDC-2023-00180",
        "category": "Complete Building Demolition - Commercial",
        "date": "2023-09-11T14:45:09.793",
        "detail_url": "https://compasskc.kcmo.org/EnerGov_Prod/SelfService#/permit/6329616f-9f42-41a9-be37-270c6aaca5cf",
        "external_id": "6329616f-9f42-41a9-be37-270c6aaca5cf",
        "geometry_source": "KCMO parcels",
        "has_parcel_polygon": true,
        "match_method": "parcel_id",
        "match_status": "matched",
        "parcel_address": "2701 E 31st St",
        "parcel_id": "25285",
        "record_id": "case:6329616f-9f42-41a9-be37-270c6aaca5cf",
        "record_type": "Complete Building Demolition - Commercial",
        "status": "Issued",
        "year": "2023"
      },
      "type": "Feature"
    },
    {
      "geometry": {
        "coordinates": [
          [
            [
              -94.6606730044275,
              39.24712483879437
            ],
            [
              -94.66047835363628,
              39.24712496987407
            ],
            [
              -94.66029862889094,
              39.247283707794196
            ],
            [
              -94.66024046993724,
              39.24744550491183
            ],
            [
              -94.66067250089664,
              39.24744580147389
            ],
            [
              -94.6606730044275,
              39.24712483879437
            ]
          ]
        ],
        "type": "Polygon"
      },
      "properties": {
        "address": "8401 NW Prairie View Rd Kansas City MO 64153",
        "case_number": "CPDC-2023-00181",
        "category": "Complete Building Demolition - Commercial",
        "date": "2023-09-12T11:44:23.54",
        "detail_url": "https://compasskc.kcmo.org/EnerGov_Prod/SelfService#/permit/2db2a214-7232-4408-85d4-b781f5bc12ec",
        "external_id": "2db2a214-7232-4408-85d4-b781f5bc12ec",
        "geometry_source": "KCMO parcels",
        "has_parcel_polygon": true,
        "match_method": "parcel_id",
        "match_status": "matched",
        "parcel_address": "8401 NW Prairie View Rd",
        "parcel_id": "168647",
        "record_id": "case:2db2a214-7232-4408-85d4-b781f5bc12ec",
        "record_type": "Complete Building Demolition - Commercial",
        "status": "Voided-City",
        "year": "2023"
      },
      "type": "Feature"
    },
    {
      "geometry": {
        "coordinates": [
          [
            [
              -94.58420944239636,
              39.003225101509436
            ],
            [
              -94.58376978559211,
              39.00320391036747
            ],
            [
              -94.58376409085628,
              39.00334820133595
            ],
            [
              -94.58420295711838,
              39.003369668785915
            ],
            [
              -94.58420944239636,
              39.003225101509436
            ]
          ]
        ],
        "type": "Polygon"
      },
      "properties": {
        "address": "6845 Oak St Kansas City MO 64113",
        "case_number": "CPDR-2023-00200",
        "category": "Pre-Demolition Inspection - Residential",
        "date": "2023-09-13T13:30:00.893",
        "detail_url": "https://compasskc.kcmo.org/EnerGov_Prod/SelfService#/permit/71b949f1-f99b-44ba-9fcd-85324fab0be0",
        "external_id": "71b949f1-f99b-44ba-9fcd-85324fab0be0",
        "geometry_source": "KCMO parcels",
        "has_parcel_polygon": true,
        "match_method": "parcel_id",
        "match_status": "matched",
        "parcel_address": "6845 Oak St",
        "parcel_id": "111192",
        "record_id": "case:71b949f1-f99b-44ba-9fcd-85324fab0be0",
        "record_type": "Pre-Demolition Inspection - Residential",
        "status": "Issued",
        "year": "2023"
      },
      "type": "Feature"
    },
    {
      "geometry": {
        "coordinates": [
          [
            [
              -94.52098468108035,
              39.09714359497311
            ],
            [
              -94.5205994607659,
              39.097129958124036
            ],
            [
              -94.52059534192594,
              39.097205990861944
            ],
            [
              -94.52098094585187,
              39.0972196516801
            ],
            [
              -94.52098468108035,
              39.09714359497311
            ]
          ]
        ],
        "type": "Polygon"
      },
      "properties": {
        "address": "1215 Collins Ave Kansas City MO 64127",
        "case_number": "CPDR-2023-00202",
        "category": "Complete Building or Structure Demolition - Residential",
        "date": "2023-09-13T15:16:53.41",
        "detail_url": "https://compasskc.kcmo.org/EnerGov_Prod/SelfService#/permit/65ec35e2-5f0e-4969-976b-ffb7ef56bc77",
        "external_id": "65ec35e2-5f0e-4969-976b-ffb7ef56bc77",
        "geometry_source": "KCMO parcels",
        "has_parcel_polygon": true,
        "match_method": "parcel_id",
        "match_status": "matched",
        "parcel_address": "1215 Collins Ave",
        "parcel_id": "9229",
        "record_id": "case:65ec35e2-5f0e-4969-976b-ffb7ef56bc77",
        "record_type": "Complete Building or Structure Demolition - Residential",
        "status": "Closed",
        "year": "2023"
      },
      "type": "Feature"
    },
    {
      "geometry": {
        "coordinates": [
          [
            [
              -94.56025807105847,
              39.0181924166696
            ],
            [
              -94.55977659602088,
              39.018177791706925
            ],
            [
              -94.55977073450909,
              39.0182869142619
            ],
            [
              -94.5602522975054,
              39.01830149344084
            ],
            [
              -94.56025807105847,
              39.0181924166696
            ]
          ]
        ],
        "type": "Polygon"
      },
      "properties": {
        "address": "5933 Brooklyn Ave Kansas City MO 64130",
        "case_number": "CPDR-2023-00203",
        "category": "Partial Building Demolition - Residential",
        "date": "2023-09-14T09:36:50.16",
        "detail_url": "https://compasskc.kcmo.org/EnerGov_Prod/SelfService#/permit/a1b1a36d-6d32-49aa-ae17-3d7ef138091f",
        "external_id": "a1b1a36d-6d32-49aa-ae17-3d7ef138091f",
        "geometry_source": "KCMO parcels",
        "has_parcel_polygon": true,
        "match_method": "parcel_id",
        "match_status": "matched",
        "parcel_address": "5933 Brooklyn Ave",
        "parcel_id": "104376",
        "record_id": "case:a1b1a36d-6d32-49aa-ae17-3d7ef138091f",
        "record_type": "Partial Building Demolition - Residential",
        "status": "In Review",
        "year": "2023"
      },
      "type": "Feature"
    },
    {
      "geometry": {
        "coordinates": [
          [
            [
              -94.4820279194399,
              39.10133039608071
            ],
            [
              -94.48086469493134,
              39.101286737656146
            ],
            [
              -94.48085955328676,
              39.10140827902931
            ],
            [
              -94.48202248573179,
              39.101453539107574
            ],
            [
              -94.4820279194399,
              39.10133039608071
            ]
          ]
        ],
        "type": "Polygon"
      },
      "properties": {
        "address": "710 Ditman Ave Kansas City MO 64125",
        "case_number": "CPDR-2023-00205",
        "category": "Complete Building or Structure Demolition - Residential",
        "date": "2023-09-20T15:06:14.133",
        "detail_url": "https://compasskc.kcmo.org/EnerGov_Prod/SelfService#/permit/026f23c1-fd85-4045-b39f-156d3a8bfa44",
        "external_id": "026f23c1-fd85-4045-b39f-156d3a8bfa44",
        "geometry_source": "KCMO parcels",
        "has_parcel_polygon": true,
        "match_method": "parcel_id",
        "match_status": "matched",
        "parcel_address": "710 Ditman Ave",
        "parcel_id": "47078",
        "record_id": "case:026f23c1-fd85-4045-b39f-156d3a8bfa44",
        "record_type": "Complete Building or Structure Demolition - Residential",
        "status": "Closed",
        "year": "2023"
      },
      "type": "Feature"
    },
    {
      "geometry": {
        "coordinates": [
          [
            [
              -94.56296945976041,
              39.0608089576796
            ],
            [
              -94.56268808991588,
              39.0607995679461
            ],
            [
              -94.56267327756144,
              39.06107391723751
            ],
            [
              -94.56295470719022,
              39.0610833075457
            ],
            [
              -94.56296945976041,
              39.0608089576796
            ]
          ]
        ],
        "type": "Polygon"
      },
      "properties": {
        "address": "3600 Woodland Ave Kansas City MO 64109",
        "case_number": "CPDC-2023-00186",
        "category": "Pre-Demolition Inspection - Commercial",
        "date": "2023-09-20T15:06:16.577",
        "detail_url": "https://compasskc.kcmo.org/EnerGov_Prod/SelfService#/permit/6368a60b-fd3b-46c1-9adb-ee8a3e32db61",
        "external_id": "6368a60b-fd3b-46c1-9adb-ee8a3e32db61",
        "geometry_source": "KCMO parcels",
        "has_parcel_polygon": true,
        "match_method": "parcel_id",
        "match_status": "matched",
        "parcel_address": "3600 Woodland Ave",
        "parcel_id": "134635",
        "record_id": "case:6368a60b-fd3b-46c1-9adb-ee8a3e32db61",
        "record_type": "Pre-Demolition Inspection - Commercial",
        "status": "Issued",
        "year": "2023"
      },
      "type": "Feature"
    },
    {
      "geometry": {
        "coordinates": [
          [
            [
              -94.56235911824508,
              38.97944829709779
            ],
            [
              -94.56191841466165,
              38.97942890029835
            ],
            [
              -94.56191103007396,
              38.97956664825942
            ],
            [
              -94.5623525263172,
              38.97958556473006
            ],
            [
              -94.56235911824508,
              38.97944829709779
            ]
          ]
        ],
        "type": "Polygon"
      },
      "properties": {
        "address": "8107 Brooklyn Ave Kansas City MO 64132",
        "case_number": "CPDR-2023-00157",
        "category": "Complete Building or Structure Demolition - Residential",
        "date": "2023-09-21T14:34:10.353",
        "detail_url": "https://compasskc.kcmo.org/EnerGov_Prod/SelfService#/permit/bc6565a9-348c-49ff-bb49-daf7c186f07c",
        "external_id": "bc6565a9-348c-49ff-bb49-daf7c186f07c",
        "geometry_source": "KCMO parcels",
        "has_parcel_polygon": true,
        "match_method": "parcel_id",
        "match_status": "matched",
        "parcel_address": "8107 Brooklyn Ave",
        "parcel_id": "117479",
        "record_id": "case:bc6565a9-348c-49ff-bb49-daf7c186f07c",
        "record_type": "Complete Building or Structure Demolition - Residential",
        "status": "Closed",
        "year": "2023"
      },
      "type": "Feature"
    },
    {
      "geometry": {
        "coordinates": [
          [
            [
              -94.62877017079762,
              39.25202835346385
            ],
            [
              -94.62768150003487,
              39.25200809453288
            ],
            [
              -94.62768039126608,
              39.25184213048099
            ],
            [
              -94.62749956130915,
              39.25184024992445
            ],
            [
              -94.62750118946427,
              39.252007660575096
            ],
            [
              -94.62642400296741,
              39.251993628727355
            ],
            [
              -94.62642073783208,
              39.252371725651464
            ],
            [
              -94.62724255146568,
              39.25283259651156
            ],
            [
              -94.627159228233,
              39.25295656027058
            ],
            [
              -94.62724856408784,
              39.25365222301899
            ],
            [
              -94.62877564431092,
              39.25367298933084
            ],
            [
              -94.62876471879129,
              39.25272196346731
            ],
            [
              -94.62877017079762,
              39.25202835346385
            ]
          ]
        ],
        "type": "Polygon"
      },
      "properties": {
        "address": "8575 N Granby Ave Kansas City MO 64154",
        "case_number": "CPDC-2023-00159",
        "category": "Complete Building Demolition - Commercial",
        "date": "2023-09-21T16:03:19",
        "detail_url": "https://compasskc.kcmo.org/EnerGov_Prod/SelfService#/permit/5fcd65ef-0f75-4609-a4fd-dcd851976d1d",
        "external_id": "5fcd65ef-0f75-4609-a4fd-dcd851976d1d",
        "geometry_source": "KCMO parcels",
        "has_parcel_polygon": true,
        "match_method": "parcel_id",
        "match_status": "matched",
        "parcel_address": "8575 N Granby Ave",
        "parcel_id": "160950",
        "record_id": "case:5fcd65ef-0f75-4609-a4fd-dcd851976d1d",
        "record_type": "Complete Building Demolition - Commercial",
        "status": "Issued",
        "year": "2023"
      },
      "type": "Feature"
    },
    {
      "geometry": {
        "coordinates": [
          [
            [
              [
                -94.56154817396758,
                39.17419930834586
              ],
              [
                -94.56163195336399,
                39.17423781696684
              ],
              [
                -94.56173516062519,
                39.174270047151296
              ],
              [
                -94.56184367460781,
                39.17428888882268
              ],
              [
                -94.56194080130008,
                39.174293962446185
              ],
              [
                -94.56206525308276,
                39.1742846983088
              ],
              [
                -94.56231107306267,
                39.17423628948316
              ],
              [
                -94.56251255394363,
                39.17420906830162
              ],
              [
                -94.56269076747722,
                39.1741966634814
              ],
              [
                -94.56290132355468,
                39.174194627492525
              ],
              [
                -94.56292939808226,
                39.172086160293446
              ],
              [
                -94.56134643945464,
                39.17204133449156
              ],
              [
                -94.56095646964606,
                39.17204817444794
              ],
              [
                -94.56050810973828,
                39.172074492922604
              ],
              [
                -94.56064690265521,
                39.172339443386
              ],
              [
                -94.5607234169243,
                39.172510663953965
              ],
              [
                -94.5608023880924,
                39.17273549082989
              ],
              [
                -94.56085388717445,
                39.1729387569156
              ],
              [
                -94.56088760312694,
                39.17314427454383
              ],
              [
                -94.56089953128695,
                39.17327345049519
              ],
              [
                -94.56090064233211,
                39.173335547327746
              ],
              [
                -94.56089502705237,
                39.17340188054919
              ],
              [
                -94.5608790453655,
                39.17348071188524
              ],
              [
                -94.5608581129114,
                39.17354519979173
              ],
              [
                -94.56083041746128,
                39.17360811247656
              ],
              [
                -94.56098505198146,
                39.173694382289
              ],
              [
                -94.56110370589582,
                39.17377996147447
              ],
              [
                -94.56120767144154,
                39.17387669043669
              ],
              [
                -94.56140563427358,
                39.17409667285824
              ],
              [
                -94.56147223328817,
                39.17415193967101
              ],
              [
                -94.56154817396758,
                39.17419930834586
              ]
            ]
          ],
          [
            [
              [
                -94.56189662907262,
                39.175411510248594
              ],
              [
                -94.56211928560572,
                39.17565801953538
              ],
              [
                -94.56235645496737,
                39.17589612408884
              ],
              [
                -94.56260764224352,
                39.17612538821571
              ],
              [
                -94.56287266793576,
                39.17634556081101
              ],
              [
                -94.56287936131855,
                39.17584127336758
              ],
              [
                -94.56327855940516,
                39.17584094287612
              ],
              [
                -94.5632782777807,
                39.1743468760803
              ],
              [
                -94.56289931235622,
                39.17434577649274
              ],
              [
                -94.56289914811323,
                39.17435856615214
              ],
              [
                -94.56272503996632,
                39.17436017067703
              ],
              [
                -94.56258215551192,
                39.17436832427994
              ],
              [
                -94.56241694196207,
                39.174387746825786
              ],
              [
                -94.56212950344138,
                39.174442767052895
              ],
              [
                -94.56200364475048,
                39.174456975317334
              ],
              [
                -94.56184481959795,
                39.174455045097055
              ],
              [
                -94.56168891424852,
                39.17443135557196
              ],
              [
                -94.561598826881,
                39.17440694408126
              ],
              [
                -94.56149864391206,
                39.174369244337605
              ],
              [
                -94.5614180946214,
                39.174329474925344
              ],
              [
                -94.56133165424812,
                39.174274927248106
              ],
              [
                -94.56127552990675,
                39.17423111850077
              ],
              [
                -94.5612246347432,
                39.17418355402131
              ],
              [
                -94.56103738470757,
                39.1739773168053
              ],
              [
                -94.5609856056009,
                39.17392693839303
              ],
              [
                -94.56090427308129,
                39.17386257260166
              ],
              [
                -94.56081136331144,
                39.173804893299874
              ],
              [
                -94.56087798611117,
                39.17395678494586
              ],
              [
                -94.56098642404943,
                39.174124922637525
              ],
              [
                -94.56127286052579,
                39.1746778819884
              ],
              [
                -94.56189662907262,
                39.175411510248594
              ]
            ]
          ]
        ],
        "type": "MultiPolygon"
      },
      "properties": {
        "address": "4439 N Virginia Ave Kansas City MO 64116",
        "case_number": "CPDR-2023-00207",
        "category": "Complete Building or Structure Demolition - Residential",
        "date": "2023-09-22T14:03:20.39",
        "detail_url": "https://compasskc.kcmo.org/EnerGov_Prod/SelfService#/permit/06e94bb4-a25c-404f-83dd-0e8919ace14d",
        "external_id": "06e94bb4-a25c-404f-83dd-0e8919ace14d",
        "geometry_source": "KCMO parcels",
        "has_parcel_polygon": true,
        "match_method": "parcel_id",
        "match_status": "matched",
        "parcel_address": "1500 NE 42nd Ter",
        "parcel_id": "291672",
        "record_id": "case:06e94bb4-a25c-404f-83dd-0e8919ace14d",
        "record_type": "Complete Building or Structure Demolition - Residential",
        "status": "Closed",
        "year": "2023"
      },
      "type": "Feature"
    },
    {
      "geometry": {
        "coordinates": [
          [
            [
              [
                -94.56154817396758,
                39.17419930834586
              ],
              [
                -94.56163195336399,
                39.17423781696684
              ],
              [
                -94.56173516062519,
                39.174270047151296
              ],
              [
                -94.56184367460781,
                39.17428888882268
              ],
              [
                -94.56194080130008,
                39.174293962446185
              ],
              [
                -94.56206525308276,
                39.1742846983088
              ],
              [
                -94.56231107306267,
                39.17423628948316
              ],
              [
                -94.56251255394363,
                39.17420906830162
              ],
              [
                -94.56269076747722,
                39.1741966634814
              ],
              [
                -94.56290132355468,
                39.174194627492525
              ],
              [
                -94.56292939808226,
                39.172086160293446
              ],
              [
                -94.56134643945464,
                39.17204133449156
              ],
              [
                -94.56095646964606,
                39.17204817444794
              ],
              [
                -94.56050810973828,
                39.172074492922604
              ],
              [
                -94.56064690265521,
                39.172339443386
              ],
              [
                -94.5607234169243,
                39.172510663953965
              ],
              [
                -94.5608023880924,
                39.17273549082989
              ],
              [
                -94.56085388717445,
                39.1729387569156
              ],
              [
                -94.56088760312694,
                39.17314427454383
              ],
              [
                -94.56089953128695,
                39.17327345049519
              ],
              [
                -94.56090064233211,
                39.173335547327746
              ],
              [
                -94.56089502705237,
                39.17340188054919
              ],
              [
                -94.5608790453655,
                39.17348071188524
              ],
              [
                -94.5608581129114,
                39.17354519979173
              ],
              [
                -94.56083041746128,
                39.17360811247656
              ],
              [
                -94.56098505198146,
                39.173694382289
              ],
              [
                -94.56110370589582,
                39.17377996147447
              ],
              [
                -94.56120767144154,
                39.17387669043669
              ],
              [
                -94.56140563427358,
                39.17409667285824
              ],
              [
                -94.56147223328817,
                39.17415193967101
              ],
              [
                -94.56154817396758,
                39.17419930834586
              ]
            ]
          ],
          [
            [
              [
                -94.56189662907262,
                39.175411510248594
              ],
              [
                -94.56211928560572,
                39.17565801953538
              ],
              [
                -94.56235645496737,
                39.17589612408884
              ],
              [
                -94.56260764224352,
                39.17612538821571
              ],
              [
                -94.56287266793576,
                39.17634556081101
              ],
              [
                -94.56287936131855,
                39.17584127336758
              ],
              [
                -94.56327855940516,
                39.17584094287612
              ],
              [
                -94.5632782777807,
                39.1743468760803
              ],
              [
                -94.56289931235622,
                39.17434577649274
              ],
              [
                -94.56289914811323,
                39.17435856615214
              ],
              [
                -94.56272503996632,
                39.17436017067703
              ],
              [
                -94.56258215551192,
                39.17436832427994
              ],
              [
                -94.56241694196207,
                39.174387746825786
              ],
              [
                -94.56212950344138,
                39.174442767052895
              ],
              [
                -94.56200364475048,
                39.174456975317334
              ],
              [
                -94.56184481959795,
                39.174455045097055
              ],
              [
                -94.56168891424852,
                39.17443135557196
              ],
              [
                -94.561598826881,
                39.17440694408126
              ],
              [
                -94.56149864391206,
                39.174369244337605
              ],
              [
                -94.5614180946214,
                39.174329474925344
              ],
              [
                -94.56133165424812,
                39.174274927248106
              ],
              [
                -94.56127552990675,
                39.17423111850077
              ],
              [
                -94.5612246347432,
                39.17418355402131
              ],
              [
                -94.56103738470757,
                39.1739773168053
              ],
              [
                -94.5609856056009,
                39.17392693839303
              ],
              [
                -94.56090427308129,
                39.17386257260166
              ],
              [
                -94.56081136331144,
                39.173804893299874
              ],
              [
                -94.56087798611117,
                39.17395678494586
              ],
              [
                -94.56098642404943,
                39.174124922637525
              ],
              [
                -94.56127286052579,
                39.1746778819884
              ],
              [
                -94.56189662907262,
                39.175411510248594
              ]
            ]
          ]
        ],
        "type": "MultiPolygon"
      },
      "properties": {
        "address": "4435 N Virginia Ave Kansas City MO 64116",
        "case_number": "CPDR-2023-00206",
        "category": "Complete Building or Structure Demolition - Residential",
        "date": "2023-09-22T14:03:24.84",
        "detail_url": "https://compasskc.kcmo.org/EnerGov_Prod/SelfService#/permit/37cb6570-b8d2-4833-9b60-f4ec3b3d00f7",
        "external_id": "37cb6570-b8d2-4833-9b60-f4ec3b3d00f7",
        "geometry_source": "KCMO parcels",
        "has_parcel_polygon": true,
        "match_method": "parcel_id",
        "match_status": "matched",
        "parcel_address": "1500 NE 42nd Ter",
        "parcel_id": "291672",
        "record_id": "case:37cb6570-b8d2-4833-9b60-f4ec3b3d00f7",
        "record_type": "Complete Building or Structure Demolition - Residential",
        "status": "Closed",
        "year": "2023"
      },
      "type": "Feature"
    },
    {
      "geometry": {
        "coordinates": [
          [
            [
              -94.55886700948159,
              39.08341362551073
            ],
            [
              -94.55870950173444,
              39.08340853386804
            ],
            [
              -94.55868584208388,
              39.08390681999826
            ],
            [
              -94.55884335022303,
              39.08391193512478
            ],
            [
              -94.55886700948159,
              39.08341362551073
            ]
          ]
        ],
        "type": "Polygon"
      },
      "properties": {
        "address": "2016 E 24th St Kansas City MO 64127",
        "case_number": "CPDR-2023-00208",
        "category": "Partial Building Demolition - Residential",
        "date": "2023-09-23T14:34:07.083",
        "detail_url": "https://compasskc.kcmo.org/EnerGov_Prod/SelfService#/permit/21e3c8f8-fb43-490c-b1d6-fe892ddb1e95",
        "external_id": "21e3c8f8-fb43-490c-b1d6-fe892ddb1e95",
        "geometry_source": "KCMO parcels",
        "has_parcel_polygon": true,
        "match_method": "parcel_id",
        "match_status": "matched",
        "parcel_address": "2016 E 24th St",
        "parcel_id": "14338",
        "record_id": "case:21e3c8f8-fb43-490c-b1d6-fe892ddb1e95",
        "record_type": "Partial Building Demolition - Residential",
        "status": "Voided-City",
        "year": "2023"
      },
      "type": "Feature"
    },
    {
      "geometry": {
        "coordinates": [
          [
            [
              -94.5203823490831,
              39.24794066954445
            ],
            [
              -94.51802507467053,
              39.247900582711836
            ],
            [
              -94.51802760044906,
              39.24639019790374
            ],
            [
              -94.51586535199023,
              39.2463465592188
            ],
            [
              -94.51585027515334,
              39.24721271150918
            ],
            [
              -94.5136146473588,
              39.24719210531017
            ],
            [
              -94.5135539198825,
              39.25226728503083
            ],
            [
              -94.51361439437518,
              39.25226826124972
            ],
            [
              -94.51361037358106,
              39.252632536833154
            ],
            [
              -94.5203683181346,
              39.2527426562239
            ],
            [
              -94.5203823490831,
              39.24794066954445
            ]
          ]
        ],
        "type": "Polygon"
      },
      "properties": {
        "address": "8525 N Brighton Ave Kansas City MO 64156",
        "case_number": "CPDR-2023-00174",
        "category": "Complete Building or Structure Demolition - Residential",
        "date": "2023-09-25T09:47:46.177",
        "detail_url": "https://compasskc.kcmo.org/EnerGov_Prod/SelfService#/permit/2dd05a6f-8c21-4aa8-a519-905e4e0c2750",
        "external_id": "2dd05a6f-8c21-4aa8-a519-905e4e0c2750",
        "geometry_source": "KCMO parcels",
        "has_parcel_polygon": true,
        "match_method": "parcel_id",
        "match_status": "matched",
        "parcel_address": "8525 N Brighton Ave",
        "parcel_id": "97482",
        "record_id": "case:2dd05a6f-8c21-4aa8-a519-905e4e0c2750",
        "record_type": "Complete Building or Structure Demolition - Residential",
        "status": "Closed",
        "year": "2023"
      },
      "type": "Feature"
    },
    {
      "geometry": {
        "coordinates": [
          [
            [
              -94.59011217023676,
              39.0564650845286
            ],
            [
              -94.59000631269829,
              39.05646118500028
            ],
            [
              -94.5899959471918,
              39.05664124247969
            ],
            [
              -94.59010186439538,
              39.05664511851822
            ],
            [
              -94.59011217023676,
              39.0564650845286
            ]
          ]
        ],
        "type": "Polygon"
      },
      "properties": {
        "address": "311 W 39th St Kansas City MO 64111",
        "case_number": "CPDC-2023-00188",
        "category": "Complete Building Demolition - Commercial",
        "date": "2023-09-25T12:59:40.117",
        "detail_url": "https://compasskc.kcmo.org/EnerGov_Prod/SelfService#/permit/c6eeea58-b8d2-4206-91e2-2a2a0edbae0c",
        "external_id": "c6eeea58-b8d2-4206-91e2-2a2a0edbae0c",
        "geometry_source": "KCMO parcels",
        "has_parcel_polygon": true,
        "match_method": "parcel_id",
        "match_status": "matched",
        "parcel_address": "311 W 39th St",
        "parcel_id": "132627",
        "record_id": "case:c6eeea58-b8d2-4206-91e2-2a2a0edbae0c",
        "record_type": "Complete Building Demolition - Commercial",
        "status": "Voided-City",
        "year": "2023"
      },
      "type": "Feature"
    },
    {
      "geometry": {
        "coordinates": [
          [
            [
              -94.60676541065372,
              38.93534041227861
            ],
            [
              -94.60666150739422,
              38.93534351022318
            ],
            [
              -94.60655760484639,
              38.935340388501245
            ],
            [
              -94.60645407498725,
              38.935331058288746
            ],
            [
              -94.60635128845965,
              38.93531555298839
            ],
            [
              -94.60624961324521,
              38.93529392811004
            ],
            [
              -94.60613573463206,
              38.935309827834814
            ],
            [
              -94.60615624544154,
              38.93543388435782
            ],
            [
              -94.60611986941655,
              38.93650619494609
            ],
            [
              -94.60617254168586,
              38.93650819893347
            ],
            [
              -94.60615347543816,
              38.936925920063814
            ],
            [
              -94.60725999346522,
              38.93637718277718
            ],
            [
              -94.60768127113651,
              38.93587905563431
            ],
            [
              -94.6076806852892,
              38.93579193379015
            ],
            [
              -94.60711222512329,
              38.93575198199905
            ],
            [
              -94.6069819673249,
              38.93569646205897
            ],
            [
              -94.60675760260722,
              38.93569666746716
            ],
            [
              -94.60676541065372,
              38.93534041227861
            ]
          ]
        ],
        "type": "Polygon"
      },
      "properties": {
        "address": "1308 Carondelet Dr Kansas City MO 64114",
        "case_number": "CPDC-2023-00176",
        "category": "Complete Building Demolition - Commercial",
        "date": "2023-09-26T11:19:56.437",
        "detail_url": "https://compasskc.kcmo.org/EnerGov_Prod/SelfService#/permit/510e0599-d06e-496b-b9ff-9f5ed73acad3",
        "external_id": "510e0599-d06e-496b-b9ff-9f5ed73acad3",
        "geometry_source": "KCMO parcels",
        "has_parcel_polygon": true,
        "match_method": "parcel_id",
        "match_status": "matched",
        "parcel_address": "1200 Carondelet Dr",
        "parcel_id": "287764",
        "record_id": "case:510e0599-d06e-496b-b9ff-9f5ed73acad3",
        "record_type": "Complete Building Demolition - Commercial",
        "status": "Closed",
        "year": "2023"
      },
      "type": "Feature"
    },
    {
      "geometry": {
        "coordinates": [
          [
            [
              -94.59000631269829,
              39.05646118500028
            ],
            [
              -94.589900367016,
              39.05645719392037
            ],
            [
              -94.58988994266481,
              39.05663734353143
            ],
            [
              -94.5899959471918,
              39.05664124247969
            ],
            [
              -94.59000631269829,
              39.05646118500028
            ]
          ]
        ],
        "type": "Polygon"
      },
      "properties": {
        "address": "309 W 39th St Kansas City MO 64111",
        "case_number": "CPDR-2023-00209",
        "category": "Complete Building or Structure Demolition - Residential",
        "date": "2023-09-26T13:34:04.53",
        "detail_url": "https://compasskc.kcmo.org/EnerGov_Prod/SelfService#/permit/ef3575db-7aec-445d-a4ba-59fc3e34f042",
        "external_id": "ef3575db-7aec-445d-a4ba-59fc3e34f042",
        "geometry_source": "KCMO parcels",
        "has_parcel_polygon": true,
        "match_method": "parcel_id",
        "match_status": "matched",
        "parcel_address": "309 W 39th St",
        "parcel_id": "132626",
        "record_id": "case:ef3575db-7aec-445d-a4ba-59fc3e34f042",
        "record_type": "Complete Building or Structure Demolition - Residential",
        "status": "Closed",
        "year": "2023"
      },
      "type": "Feature"
    },
    {
      "geometry": {
        "coordinates": [
          [
            [
              -94.59011217023676,
              39.0564650845286
            ],
            [
              -94.59000631269829,
              39.05646118500028
            ],
            [
              -94.5899959471918,
              39.05664124247969
            ],
            [
              -94.59010186439538,
              39.05664511851822
            ],
            [
              -94.59011217023676,
              39.0564650845286
            ]
          ]
        ],
        "type": "Polygon"
      },
      "properties": {
        "address": "311 W 39th St Kansas City MO 64111",
        "case_number": "CPDR-2023-00210",
        "category": "Complete Building or Structure Demolition - Residential",
        "date": "2023-09-26T13:34:16.587",
        "detail_url": "https://compasskc.kcmo.org/EnerGov_Prod/SelfService#/permit/4b74fc66-0668-4abf-9675-b776ff24d526",
        "external_id": "4b74fc66-0668-4abf-9675-b776ff24d526",
        "geometry_source": "KCMO parcels",
        "has_parcel_polygon": true,
        "match_method": "parcel_id",
        "match_status": "matched",
        "parcel_address": "311 W 39th St",
        "parcel_id": "132627",
        "record_id": "case:4b74fc66-0668-4abf-9675-b776ff24d526",
        "record_type": "Complete Building or Structure Demolition - Residential",
        "status": "Closed",
        "year": "2023"
      },
      "type": "Feature"
    },
    {
      "geometry": {
        "coordinates": [
          [
            [
              -94.52185070589671,
              39.097471544622465
            ],
            [
              -94.52176220424619,
              39.09746828980567
            ],
            [
              -94.52176485728846,
              39.09740877659994
            ],
            [
              -94.52169412003398,
              39.09740613504903
            ],
            [
              -94.52167822442169,
              39.09775702560168
            ],
            [
              -94.52183758225317,
              39.09776300147688
            ],
            [
              -94.52185070589671,
              39.097471544622465
            ]
          ]
        ],
        "type": "Polygon"
      },
      "properties": {
        "address": "5205 E 12th St Kansas City MO 64127",
        "case_number": "CPDR-2023-00212",
        "category": "Complete Building or Structure Demolition - Residential",
        "date": "2023-09-26T15:05:03.31",
        "detail_url": "https://compasskc.kcmo.org/EnerGov_Prod/SelfService#/permit/29fa3d07-d302-4ce5-bc2d-dc4dfa4ed29f",
        "external_id": "29fa3d07-d302-4ce5-bc2d-dc4dfa4ed29f",
        "geometry_source": "KCMO parcels",
        "has_parcel_polygon": true,
        "match_method": "parcel_id",
        "match_status": "matched",
        "parcel_address": "5205 E 12th St",
        "parcel_id": "9094",
        "record_id": "case:29fa3d07-d302-4ce5-bc2d-dc4dfa4ed29f",
        "record_type": "Complete Building or Structure Demolition - Residential",
        "status": "Closed",
        "year": "2023"
      },
      "type": "Feature"
    },
    {
      "geometry": {
        "coordinates": [
          [
            [
              -94.50764827936547,
              38.91438088884397
            ],
            [
              -94.50769086132006,
              38.9137872131682
            ],
            [
              -94.5054864612433,
              38.91363842523184
            ],
            [
              -94.50549408504082,
              38.91374618380882
            ],
            [
              -94.50552932781147,
              38.913901009888235
            ],
            [
              -94.50556897426188,
              38.91403863291528
            ],
            [
              -94.50562183040006,
              38.914148729508206
            ],
            [
              -94.50568349811299,
              38.91430699619335
            ],
            [
              -94.50571433685725,
              38.91445494082809
            ],
            [
              -94.5057407742295,
              38.91462697065339
            ],
            [
              -94.50573638095473,
              38.914771477923225
            ],
            [
              -94.50576193181736,
              38.91487125339551
            ],
            [
              -94.50586410534032,
              38.91487124830889
            ],
            [
              -94.5059521862931,
              38.9148987696308
            ],
            [
              -94.50627808016758,
              38.91490563357875
            ],
            [
              -94.5066876517832,
              38.91492281423573
            ],
            [
              -94.50701666506214,
              38.91494500821202
            ],
            [
              -94.50705993042456,
              38.914341885042596
            ],
            [
              -94.50764827936547,
              38.91438088884397
            ]
          ]
        ],
        "type": "Polygon"
      },
      "properties": {
        "address": "7205 Longview Rd Kansas City MO 64134",
        "case_number": "CPDC-2023-00187",
        "category": "Pre-Demolition Inspection - Commercial",
        "date": "2023-09-28T15:57:14.39",
        "detail_url": "https://compasskc.kcmo.org/EnerGov_Prod/SelfService#/permit/6db33166-7949-413d-a426-81e1e550911b",
        "external_id": "6db33166-7949-413d-a426-81e1e550911b",
        "geometry_source": "KCMO parcels",
        "has_parcel_polygon": true,
        "match_method": "parcel_id",
        "match_status": "matched",
        "parcel_id": "293734",
        "record_id": "case:6db33166-7949-413d-a426-81e1e550911b",
        "record_type": "Pre-Demolition Inspection - Commercial",
        "status": "Issued",
        "year": "2023"
      },
      "type": "Feature"
    },
    {
      "geometry": {
        "coordinates": [
          [
            [
              -94.48576974006197,
              39.02980090974491
            ],
            [
              -94.48500321489783,
              39.02976106946857
            ],
            [
              -94.48495448248946,
              39.029922305388205
            ],
            [
              -94.48576040761006,
              39.02996599480306
            ],
            [
              -94.48576974006197,
              39.02980090974491
            ]
          ]
        ],
        "type": "Polygon"
      },
      "properties": {
        "address": "5117 Booth Ave Kansas City MO",
        "case_number": "CPDR-2023-00215",
        "category": "Pre-Demolition Inspection - Residential",
        "date": "2023-10-03T17:47:06.61",
        "detail_url": "https://compasskc.kcmo.org/EnerGov_Prod/SelfService#/permit/1b1905e0-a4f8-4cce-b4ec-0441fcae2003",
        "external_id": "1b1905e0-a4f8-4cce-b4ec-0441fcae2003",
        "geometry_source": "KCMO parcels",
        "has_parcel_polygon": true,
        "match_method": "parcel_id",
        "match_status": "matched",
        "parcel_address": "5117 Booth Ave",
        "parcel_id": "51048",
        "record_id": "case:1b1905e0-a4f8-4cce-b4ec-0441fcae2003",
        "record_type": "Pre-Demolition Inspection - Residential",
        "status": "Voided-City",
        "year": "2023"
      },
      "type": "Feature"
    },
    {
      "geometry": {
        "coordinates": [
          [
            [
              -94.56900624298287,
              39.045940982198765
            ],
            [
              -94.5685879848245,
              39.04592507441026
            ],
            [
              -94.5685820924808,
              39.046020949431515
            ],
            [
              -94.56900049720252,
              39.046036880034904
            ],
            [
              -94.56900624298287,
              39.045940982198765
            ]
          ]
        ],
        "type": "Polygon"
      },
      "properties": {
        "address": "4431 Virginia Ave Kansas City MO 64110",
        "case_number": "CPDR-2023-00214",
        "category": "Complete Building or Structure Demolition - Residential",
        "date": "2023-10-04T11:41:35.763",
        "detail_url": "https://compasskc.kcmo.org/EnerGov_Prod/SelfService#/permit/cd0d230c-94f8-4517-8f80-c3e942cd748d",
        "external_id": "cd0d230c-94f8-4517-8f80-c3e942cd748d",
        "geometry_source": "KCMO parcels",
        "has_parcel_polygon": true,
        "match_method": "parcel_id",
        "match_status": "matched",
        "parcel_address": "4431 Virginia Ave",
        "parcel_id": "137801",
        "record_id": "case:cd0d230c-94f8-4517-8f80-c3e942cd748d",
        "record_type": "Complete Building or Structure Demolition - Residential",
        "status": "Closed",
        "year": "2023"
      },
      "type": "Feature"
    },
    {
      "geometry": {
        "coordinates": [
          [
            [
              -94.57280598559778,
              39.04179695281684
            ],
            [
              -94.57232011903689,
              39.04177863000566
            ],
            [
              -94.57229066515511,
              39.04230063122522
            ],
            [
              -94.57277767848002,
              39.04231860965499
            ],
            [
              -94.57280598559778,
              39.04179695281684
            ]
          ]
        ],
        "type": "Polygon"
      },
      "properties": {
        "address": "1102 Emanuel Cleaver II Blvd Kansas City MO 64110",
        "case_number": "CPDC-2023-00194",
        "category": "Pre-Demolition Inspection - Commercial",
        "date": "2023-10-05T10:07:09.767",
        "detail_url": "https://compasskc.kcmo.org/EnerGov_Prod/SelfService#/permit/0da6a001-fd7c-4427-a18c-a4f323c1d93c",
        "external_id": "0da6a001-fd7c-4427-a18c-a4f323c1d93c",
        "geometry_source": "KCMO parcels",
        "has_parcel_polygon": true,
        "match_method": "parcel_id",
        "match_status": "matched",
        "parcel_address": "1102 Emanuel Cleaver II Blvd",
        "parcel_id": "138001",
        "record_id": "case:0da6a001-fd7c-4427-a18c-a4f323c1d93c",
        "record_type": "Pre-Demolition Inspection - Commercial",
        "status": "Closed",
        "year": "2023"
      },
      "type": "Feature"
    },
    {
      "geometry": {
        "coordinates": [
          [
            [
              -94.59081080371091,
              39.06767720545045
            ],
            [
              -94.5903934708768,
              39.06766270290769
            ],
            [
              -94.59034886727513,
              39.06766999126235
            ],
            [
              -94.59031860139754,
              39.06768973682499
            ],
            [
              -94.59030243682793,
              39.0677178017943
            ],
            [
              -94.59029374196746,
              39.0678747709166
            ],
            [
              -94.5907999863053,
              39.067893643500895
            ],
            [
              -94.59081080371091,
              39.06767720545045
            ]
          ]
        ],
        "type": "Polygon"
      },
      "properties": {
        "address": "3260 Broadway Blvd Kansas City MO 64111",
        "case_number": "CPDC-2023-00195",
        "category": "Pre-Demolition Inspection - Commercial",
        "date": "2023-10-05T10:34:09.48",
        "detail_url": "https://compasskc.kcmo.org/EnerGov_Prod/SelfService#/permit/9bc00ee4-cccb-446d-85b3-d9e78f0628b7",
        "external_id": "9bc00ee4-cccb-446d-85b3-d9e78f0628b7",
        "geometry_source": "KCMO parcels",
        "has_parcel_polygon": true,
        "match_method": "parcel_id",
        "match_status": "matched",
        "parcel_address": "3260 Broadway Blvd",
        "parcel_id": "129249",
        "record_id": "case:9bc00ee4-cccb-446d-85b3-d9e78f0628b7",
        "record_type": "Pre-Demolition Inspection - Commercial",
        "status": "Closed",
        "year": "2023"
      },
      "type": "Feature"
    },
    {
      "geometry": {
        "coordinates": [
          [
            [
              -94.6606730044275,
              39.24712483879437
            ],
            [
              -94.66047835363628,
              39.24712496987407
            ],
            [
              -94.66029862889094,
              39.247283707794196
            ],
            [
              -94.66024046993724,
              39.24744550491183
            ],
            [
              -94.66067250089664,
              39.24744580147389
            ],
            [
              -94.6606730044275,
              39.24712483879437
            ]
          ]
        ],
        "type": "Polygon"
      },
      "properties": {
        "address": "8401 NW Prairie View Rd Kansas City MO 64153",
        "case_number": "CPDC-2023-00190",
        "category": "Pre-Demolition Inspection - Commercial",
        "date": "2023-10-05T10:46:16.037",
        "detail_url": "https://compasskc.kcmo.org/EnerGov_Prod/SelfService#/permit/4d54a8e5-629d-4b78-8667-0798438be541",
        "external_id": "4d54a8e5-629d-4b78-8667-0798438be541",
        "geometry_source": "KCMO parcels",
        "has_parcel_polygon": true,
        "match_method": "parcel_id",
        "match_status": "matched",
        "parcel_address": "8401 NW Prairie View Rd",
        "parcel_id": "168647",
        "record_id": "case:4d54a8e5-629d-4b78-8667-0798438be541",
        "record_type": "Pre-Demolition Inspection - Commercial",
        "status": "Issued",
        "year": "2023"
      },
      "type": "Feature"
    },
    {
      "geometry": {
        "coordinates": [
          -94.5498451,
          39.1393804
        ],
        "type": "Point"
      },
      "properties": {
        "address": "1727 N, Warren Street Kansas City MO 64116",
        "case_number": "CPDC-2023-00196",
        "category": "Partial Building Demolition - Commercial",
        "date": "2023-10-05T11:00:08.67",
        "detail_url": "https://compasskc.kcmo.org/EnerGov_Prod/SelfService#/permit/12ed5d3b-918e-4c1d-8cfc-6a90f58faa40",
        "external_id": "12ed5d3b-918e-4c1d-8cfc-6a90f58faa40",
        "geometry_source": "permit geocode point",
        "has_parcel_polygon": false,
        "match_method": "unmatched",
        "match_status": "unmatched",
        "parcel_id": "",
        "record_id": "case:12ed5d3b-918e-4c1d-8cfc-6a90f58faa40",
        "record_type": "Partial Building Demolition - Commercial",
        "status": "Voided-City",
        "year": "2023"
      },
      "type": "Feature"
    },
    {
      "geometry": {
        "coordinates": [
          [
            [
              -94.54294008585106,
              39.05902556627009
            ],
            [
              -94.54245343573147,
              39.05901029985228
            ],
            [
              -94.54244736855857,
              39.059120061516396
            ],
            [
              -94.54293401786597,
              39.05913516779342
            ],
            [
              -94.54294008585106,
              39.05902556627009
            ]
          ]
        ],
        "type": "Polygon"
      },
      "properties": {
        "address": "3641 Bales Ave Kansas City MO 64128",
        "case_number": "CPDR-2023-00217",
        "category": "Partial Building Demolition - Residential",
        "date": "2023-10-07T13:49:56.26",
        "detail_url": "https://compasskc.kcmo.org/EnerGov_Prod/SelfService#/permit/53a11abb-c777-465f-bedb-60ded0fb1762",
        "external_id": "53a11abb-c777-465f-bedb-60ded0fb1762",
        "geometry_source": "KCMO parcels",
        "has_parcel_polygon": true,
        "match_method": "parcel_id",
        "match_status": "matched",
        "parcel_address": "3641 Bales Ave",
        "parcel_id": "27933",
        "record_id": "case:53a11abb-c777-465f-bedb-60ded0fb1762",
        "record_type": "Partial Building Demolition - Residential",
        "status": "Voided-City",
        "year": "2023"
      },
      "type": "Feature"
    },
    {
      "geometry": {
        "coordinates": [
          [
            [
              -94.56296945976041,
              39.0608089576796
            ],
            [
              -94.56268808991588,
              39.0607995679461
            ],
            [
              -94.56267327756144,
              39.06107391723751
            ],
            [
              -94.56295470719022,
              39.0610833075457
            ],
            [
              -94.56296945976041,
              39.0608089576796
            ]
          ]
        ],
        "type": "Polygon"
      },
      "properties": {
        "address": "3600 Woodland Ave Kansas City MO 64109",
        "case_number": "CPDC-2023-00197",
        "category": "Complete Building Demolition - Commercial",
        "date": "2023-10-09T16:16:30.637",
        "detail_url": "https://compasskc.kcmo.org/EnerGov_Prod/SelfService#/permit/b4b8b1f7-278e-42d4-91b9-8bdacb24c476",
        "external_id": "b4b8b1f7-278e-42d4-91b9-8bdacb24c476",
        "geometry_source": "KCMO parcels",
        "has_parcel_polygon": true,
        "match_method": "parcel_id",
        "match_status": "matched",
        "parcel_address": "3600 Woodland Ave",
        "parcel_id": "134635",
        "record_id": "case:b4b8b1f7-278e-42d4-91b9-8bdacb24c476",
        "record_type": "Complete Building Demolition - Commercial",
        "status": "Closed",
        "year": "2023"
      },
      "type": "Feature"
    },
    {
      "geometry": {
        "coordinates": [
          [
            [
              -94.56455174941077,
              38.98169231871884
            ],
            [
              -94.56408438273321,
              38.98167207422935
            ],
            [
              -94.56407747079506,
              38.981809411868966
            ],
            [
              -94.5645449548818,
              38.981829632867274
            ],
            [
              -94.56455174941077,
              38.98169231871884
            ]
          ]
        ],
        "type": "Polygon"
      },
      "properties": {
        "address": "8007 Euclid Ave Kansas City MO 64132",
        "case_number": "CPDR-2023-00211",
        "category": "Complete Building or Structure Demolition - Residential",
        "date": "2023-10-10T07:35:58",
        "detail_url": "https://compasskc.kcmo.org/EnerGov_Prod/SelfService#/permit/161d34ac-7924-44ce-8aa6-959fdc1b3f0c",
        "external_id": "161d34ac-7924-44ce-8aa6-959fdc1b3f0c",
        "geometry_source": "KCMO parcels",
        "has_parcel_polygon": true,
        "match_method": "parcel_id",
        "match_status": "matched",
        "parcel_address": "8007 Euclid Ave",
        "parcel_id": "117155",
        "record_id": "case:161d34ac-7924-44ce-8aa6-959fdc1b3f0c",
        "record_type": "Complete Building or Structure Demolition - Residential",
        "status": "Closed",
        "year": "2023"
      },
      "type": "Feature"
    },
    {
      "geometry": {
        "coordinates": [
          [
            [
              -94.48576974006197,
              39.02980090974491
            ],
            [
              -94.48500321489783,
              39.02976106946857
            ],
            [
              -94.48495448248946,
              39.029922305388205
            ],
            [
              -94.48576040761006,
              39.02996599480306
            ],
            [
              -94.48576974006197,
              39.02980090974491
            ]
          ]
        ],
        "type": "Polygon"
      },
      "properties": {
        "address": "5117 Booth Ave Kansas City MO",
        "case_number": "CPDR-2023-00216",
        "category": "Partial Building Demolition - Residential",
        "date": "2023-10-11T08:01:11.623",
        "detail_url": "https://compasskc.kcmo.org/EnerGov_Prod/SelfService#/permit/6c9c6c43-6f6b-4865-9250-0a804b2f3379",
        "external_id": "6c9c6c43-6f6b-4865-9250-0a804b2f3379",
        "geometry_source": "KCMO parcels",
        "has_parcel_polygon": true,
        "match_method": "parcel_id",
        "match_status": "matched",
        "parcel_address": "5117 Booth Ave",
        "parcel_id": "51048",
        "record_id": "case:6c9c6c43-6f6b-4865-9250-0a804b2f3379",
        "record_type": "Partial Building Demolition - Residential",
        "status": "Closed",
        "year": "2023"
      },
      "type": "Feature"
    },
    {
      "geometry": {
        "coordinates": [
          [
            [
              -94.51402514645862,
              39.03028033682078
            ],
            [
              -94.51326884006127,
              39.03025736070845
            ],
            [
              -94.51317841182984,
              39.03174355887769
            ],
            [
              -94.51390219983828,
              39.03222534791702
            ],
            [
              -94.51402514645862,
              39.03028033682078
            ]
          ]
        ],
        "type": "Polygon"
      },
      "properties": {
        "address": "5110 E 52nd Ter Kansas City MO 64129",
        "case_number": "CPDR-2023-00218",
        "category": "Complete Building or Structure Demolition - Residential",
        "date": "2023-10-11T16:37:09.143",
        "detail_url": "https://compasskc.kcmo.org/EnerGov_Prod/SelfService#/permit/c03016d8-18b7-491d-9360-f3c0a3cb61f1",
        "external_id": "c03016d8-18b7-491d-9360-f3c0a3cb61f1",
        "geometry_source": "KCMO parcels",
        "has_parcel_polygon": true,
        "match_method": "parcel_id",
        "match_status": "matched",
        "parcel_address": "5110 E 52nd Ter",
        "parcel_id": "54499",
        "record_id": "case:c03016d8-18b7-491d-9360-f3c0a3cb61f1",
        "record_type": "Complete Building or Structure Demolition - Residential",
        "status": "Closed",
        "year": "2023"
      },
      "type": "Feature"
    },
    {
      "geometry": {
        "coordinates": [
          [
            [
              -94.55814370031698,
              39.18473284932983
            ],
            [
              -94.55776006032377,
              39.1847288301442
            ],
            [
              -94.55775628760101,
              39.1849326960012
            ],
            [
              -94.55814013523576,
              39.18493760742915
            ],
            [
              -94.55814370031698,
              39.18473284932983
            ]
          ]
        ],
        "type": "Polygon"
      },
      "properties": {
        "address": "1718 NE 50th St Kansas City MO 64118",
        "case_number": "CPDR-2023-00220",
        "category": "Partial Building Demolition - Residential",
        "date": "2023-10-13T13:44:32.517",
        "detail_url": "https://compasskc.kcmo.org/EnerGov_Prod/SelfService#/permit/7f01c84c-b4c4-481f-9db5-189bcfaa5a92",
        "external_id": "7f01c84c-b4c4-481f-9db5-189bcfaa5a92",
        "geometry_source": "KCMO parcels",
        "has_parcel_polygon": true,
        "match_method": "parcel_id",
        "match_status": "matched",
        "parcel_address": "1718 NE 50th St",
        "parcel_id": "87750",
        "record_id": "case:7f01c84c-b4c4-481f-9db5-189bcfaa5a92",
        "record_type": "Partial Building Demolition - Residential",
        "status": "Voided-City",
        "year": "2023"
      },
      "type": "Feature"
    },
    {
      "geometry": {
        "coordinates": [
          [
            [
              -94.59081080371091,
              39.06767720545045
            ],
            [
              -94.5903934708768,
              39.06766270290769
            ],
            [
              -94.59034886727513,
              39.06766999126235
            ],
            [
              -94.59031860139754,
              39.06768973682499
            ],
            [
              -94.59030243682793,
              39.0677178017943
            ],
            [
              -94.59029374196746,
              39.0678747709166
            ],
            [
              -94.5907999863053,
              39.067893643500895
            ],
            [
              -94.59081080371091,
              39.06767720545045
            ]
          ]
        ],
        "type": "Polygon"
      },
      "properties": {
        "address": "3260 Broadway Blvd Kansas City MO 64111",
        "case_number": "CPDC-2023-00199",
        "category": "Complete Building Demolition - Commercial",
        "date": "2023-10-17T14:30:36.277",
        "detail_url": "https://compasskc.kcmo.org/EnerGov_Prod/SelfService#/permit/6bd9c463-df9f-4b8b-b614-30da90892528",
        "external_id": "6bd9c463-df9f-4b8b-b614-30da90892528",
        "geometry_source": "KCMO parcels",
        "has_parcel_polygon": true,
        "match_method": "parcel_id",
        "match_status": "matched",
        "parcel_address": "3260 Broadway Blvd",
        "parcel_id": "129249",
        "record_id": "case:6bd9c463-df9f-4b8b-b614-30da90892528",
        "record_type": "Complete Building Demolition - Commercial",
        "status": "Issued",
        "year": "2023"
      },
      "type": "Feature"
    },
    {
      "geometry": {
        "coordinates": [
          [
            [
              -94.48426716983931,
              39.16052564334749
            ],
            [
              -94.48625699335551,
              39.160527655643705
            ],
            [
              -94.4871861135233,
              39.15909299660137
            ],
            [
              -94.48660867974259,
              39.1587730176324
            ],
            [
              -94.48477892976373,
              39.15876025451864
            ],
            [
              -94.48478651003362,
              39.157954519963795
            ],
            [
              -94.48419152206199,
              39.15762837124666
            ],
            [
              -94.48399685313848,
              39.15737551551162
            ],
            [
              -94.48341656699475,
              39.157052705944665
            ],
            [
              -94.48268817314926,
              39.15721033797205
            ],
            [
              -94.48265347330592,
              39.160523995161334
            ],
            [
              -94.48405876804803,
              39.16052543083862
            ],
            [
              -94.4840613566261,
              39.160385037287526
            ],
            [
              -94.48405683536203,
              39.16036082971844
            ],
            [
              -94.48404549690137,
              39.16033792425795
            ],
            [
              -94.4840278677934,
              39.16031748959559
            ],
            [
              -94.48400477073093,
              39.16030048682056
            ],
            [
              -94.48391155651237,
              39.160265763764656
            ],
            [
              -94.48385131542045,
              39.16022688153666
            ],
            [
              -94.48381003503985,
              39.16017509733522
            ],
            [
              -94.48379203363245,
              39.16011578868824
            ],
            [
              -94.48379910101922,
              39.16005511069815
            ],
            [
              -94.48381750827009,
              39.16001699384144
            ],
            [
              -94.48384599369467,
              39.15998281553377
            ],
            [
              -94.48388317781614,
              39.15995419665747
            ],
            [
              -94.48392735576196,
              39.159932397682454
            ],
            [
              -94.48397652662354,
              39.159918447374274
            ],
            [
              -94.4840283714429,
              39.15991300894221
            ],
            [
              -94.4841059274134,
              39.15992121074951
            ],
            [
              -94.48417613258393,
              39.15994819693528
            ],
            [
              -94.48423166894457,
              39.15999110474931
            ],
            [
              -94.48426689471435,
              39.16004554154684
            ],
            [
              -94.48427804927124,
              39.160105856509865
            ],
            [
              -94.48426716983931,
              39.16052564334749
            ]
          ],
          [
            [
              -94.48638317717288,
              39.15924229207781
            ],
            [
              -94.4858991904389,
              39.160157796083176
            ],
            [
              -94.48531351948722,
              39.160001038945914
            ],
            [
              -94.48556426845674,
              39.159005152509685
            ],
            [
              -94.48638317717288,
              39.15924229207781
            ]
          ]
        ],
        "type": "Polygon"
      },
      "properties": {
        "address": "3651 N Skiles Ave Kansas City MO 64161",
        "case_number": "CPDC-2023-00184",
        "category": "Partial Building Demolition - Commercial",
        "date": "2023-10-18T10:14:09.81",
        "detail_url": "https://compasskc.kcmo.org/EnerGov_Prod/SelfService#/permit/d4bd5819-e639-4466-8209-243a2468363b",
        "external_id": "d4bd5819-e639-4466-8209-243a2468363b",
        "geometry_source": "KCMO parcels",
        "has_parcel_polygon": true,
        "match_method": "parcel_id",
        "match_status": "matched",
        "parcel_address": "3651 N Skiles Ave",
        "parcel_id": "210664",
        "record_id": "case:d4bd5819-e639-4466-8209-243a2468363b",
        "record_type": "Partial Building Demolition - Commercial",
        "status": "Issued",
        "year": "2023"
      },
      "type": "Feature"
    },
    {
      "geometry": {
        "coordinates": [
          [
            [
              [
                -94.60307033504652,
                39.07657572129107
              ],
              [
                -94.60295044327185,
                39.076732559957115
              ],
              [
                -94.60282176095451,
                39.07692045717803
              ],
              [
                -94.60270541402801,
                39.077113169515314
              ],
              [
                -94.6026092443212,
                39.07729467585047
              ],
              [
                -94.60345940914279,
                39.077323165733155
              ],
              [
                -94.60355547935062,
                39.07735671634299
              ],
              [
                -94.60366152100416,
                39.077404922870635
              ],
              [
                -94.60370588327369,
                39.07740950534314
              ],
              [
                -94.60374896227611,
                39.07740024664357
              ],
              [
                -94.60378758619076,
                39.07737515782482
              ],
              [
                -94.60415201917237,
                39.076968171724225
              ],
              [
                -94.60418942119854,
                39.07693137004821
              ],
              [
                -94.60425047140448,
                39.076886033855985
              ],
              [
                -94.60452186565509,
                39.076731986330174
              ],
              [
                -94.60456156711366,
                39.07670101592674
              ],
              [
                -94.60458702859249,
                39.07666909728936
              ],
              [
                -94.60460131127635,
                39.0766398428444
              ],
              [
                -94.6046166235961,
                39.07655345417047
              ],
              [
                -94.60413007458892,
                39.076557527124905
              ],
              [
                -94.60371920285453,
                39.076501973813194
              ],
              [
                -94.60317632634504,
                39.07644877652288
              ],
              [
                -94.60307033504652,
                39.07657572129107
              ]
            ]
          ],
          [
            [
              [
                -94.60407670778099,
                39.07569085767882
              ],
              [
                -94.60395104256504,
                39.07577903160319
              ],
              [
                -94.60365264703776,
                39.076034578662835
              ],
              [
                -94.60357770416009,
                39.07611438420027
              ],
              [
                -94.60395876937767,
                39.076143629957414
              ],
              [
                -94.604530227567,
                39.07617204041617
              ],
              [
                -94.60433110191958,
                39.076001442888
              ],
              [
                -94.60438870052938,
                39.07596103078851
              ],
              [
                -94.60407670778099,
                39.07569085767882
              ]
            ]
          ]
        ],
        "type": "MultiPolygon"
      },
      "properties": {
        "address": "1550 W 29th St Kansas City MO 64108",
        "case_number": "CPDC-2023-00198",
        "category": "Pre-Demolition Inspection - Commercial",
        "date": "2023-10-18T16:42:34.55",
        "detail_url": "https://compasskc.kcmo.org/EnerGov_Prod/SelfService#/permit/324cda15-d3f0-45e9-aadb-0679444222fb",
        "external_id": "324cda15-d3f0-45e9-aadb-0679444222fb",
        "geometry_source": "KCMO parcels",
        "has_parcel_polygon": true,
        "match_method": "parcel_id",
        "match_status": "matched",
        "parcel_address": "1550 W 29th St",
        "parcel_id": "128925",
        "record_id": "case:324cda15-d3f0-45e9-aadb-0679444222fb",
        "record_type": "Pre-Demolition Inspection - Commercial",
        "status": "Issued",
        "year": "2023"
      },
      "type": "Feature"
    },
    {
      "geometry": {
        "coordinates": [
          [
            [
              -94.52212278472267,
              39.07377660076991
            ],
            [
              -94.52198197432139,
              39.073772944160794
            ],
            [
              -94.52196369447186,
              39.074175764020616
            ],
            [
              -94.5221044176614,
              39.07417958083356
            ],
            [
              -94.52212278472267,
              39.07377660076991
            ]
          ]
        ],
        "type": "Polygon"
      },
      "properties": {
        "address": "5221 E 28th St Kansas City MO 64128",
        "case_number": "CPDR-2023-00223",
        "category": "Complete Building or Structure Demolition - Residential",
        "date": "2023-10-20T08:19:01",
        "detail_url": "https://compasskc.kcmo.org/EnerGov_Prod/SelfService#/permit/dc5704da-b1c8-4ab5-afd3-d867420351b6",
        "external_id": "dc5704da-b1c8-4ab5-afd3-d867420351b6",
        "geometry_source": "KCMO parcels",
        "has_parcel_polygon": true,
        "match_method": "parcel_id",
        "match_status": "matched",
        "parcel_address": "5221 E 28th St",
        "parcel_id": "21807",
        "record_id": "case:dc5704da-b1c8-4ab5-afd3-d867420351b6",
        "record_type": "Complete Building or Structure Demolition - Residential",
        "status": "Closed",
        "year": "2023"
      },
      "type": "Feature"
    },
    {
      "geometry": {
        "coordinates": [
          [
            [
              -94.57416559328824,
              38.99704764151419
            ],
            [
              -94.57368097010105,
              38.9970271730869
            ],
            [
              -94.57367257752296,
              38.99719125871763
            ],
            [
              -94.57415711459493,
              38.9972117278056
            ],
            [
              -94.57416559328824,
              38.99704764151419
            ]
          ]
        ],
        "type": "Polygon"
      },
      "properties": {
        "address": "7145 Forest Ave Kansas City MO 64131",
        "case_number": "CPDR-2023-00225",
        "category": "Complete Building or Structure Demolition - Residential",
        "date": "2023-10-20T09:06:26.663",
        "detail_url": "https://compasskc.kcmo.org/EnerGov_Prod/SelfService#/permit/08bfdf22-fc6a-49c9-baba-d4c7975003df",
        "external_id": "08bfdf22-fc6a-49c9-baba-d4c7975003df",
        "geometry_source": "KCMO parcels",
        "has_parcel_polygon": true,
        "match_method": "parcel_id",
        "match_status": "matched",
        "parcel_address": "7145 Forest Ave",
        "parcel_id": "114597",
        "record_id": "case:08bfdf22-fc6a-49c9-baba-d4c7975003df",
        "record_type": "Complete Building or Structure Demolition - Residential",
        "status": "Closed",
        "year": "2023"
      },
      "type": "Feature"
    },
    {
      "geometry": {
        "coordinates": [
          [
            [
              -94.54239292168967,
              39.02474085592778
            ],
            [
              -94.54213680685763,
              39.02473138503646
            ],
            [
              -94.54211608010559,
              39.02504682982568
            ],
            [
              -94.54237219498924,
              39.02505694200144
            ],
            [
              -94.54239292168967,
              39.02474085592778
            ]
          ]
        ],
        "type": "Polygon"
      },
      "properties": {
        "address": "3728 E 56th St Kansas City MO 64130",
        "case_number": "CPDR-2023-00224",
        "category": "Complete Building or Structure Demolition - Residential",
        "date": "2023-10-20T09:06:26.693",
        "detail_url": "https://compasskc.kcmo.org/EnerGov_Prod/SelfService#/permit/8f379b58-2c6e-468b-85f7-eff16276dfb1",
        "external_id": "8f379b58-2c6e-468b-85f7-eff16276dfb1",
        "geometry_source": "KCMO parcels",
        "has_parcel_polygon": true,
        "match_method": "parcel_id",
        "match_status": "matched",
        "parcel_address": "3728 E 56th St",
        "parcel_id": "37032",
        "record_id": "case:8f379b58-2c6e-468b-85f7-eff16276dfb1",
        "record_type": "Complete Building or Structure Demolition - Residential",
        "status": "Closed",
        "year": "2023"
      },
      "type": "Feature"
    },
    {
      "geometry": {
        "coordinates": [
          [
            [
              -94.54269314167662,
              39.10702601252796
            ],
            [
              -94.54252001645013,
              39.107019852254794
            ],
            [
              -94.54250201987061,
              39.107371535200855
            ],
            [
              -94.54267590888765,
              39.10737787769395
            ],
            [
              -94.54269314167662,
              39.10702601252796
            ]
          ]
        ],
        "type": "Polygon"
      },
      "properties": {
        "address": "3240 Roberts St Kansas City MO 64124",
        "case_number": "CPDR-2023-00226",
        "category": "Complete Building or Structure Demolition - Residential",
        "date": "2023-10-20T09:06:26.693",
        "detail_url": "https://compasskc.kcmo.org/EnerGov_Prod/SelfService#/permit/441904fb-a825-438b-87c2-596ebb34fb23",
        "external_id": "441904fb-a825-438b-87c2-596ebb34fb23",
        "geometry_source": "KCMO parcels",
        "has_parcel_polygon": true,
        "match_method": "parcel_id",
        "match_status": "matched",
        "parcel_address": "3240 Roberts St",
        "parcel_id": "41172",
        "record_id": "case:441904fb-a825-438b-87c2-596ebb34fb23",
        "record_type": "Complete Building or Structure Demolition - Residential",
        "status": "Closed",
        "year": "2023"
      },
      "type": "Feature"
    },
    {
      "geometry": {
        "coordinates": [
          [
            [
              -94.60722913121855,
              39.050979146545586
            ],
            [
              -94.60722729653698,
              39.05040621157643
            ],
            [
              -94.60722225014999,
              39.05038779710659
            ],
            [
              -94.6072071458545,
              39.05037307513165
            ],
            [
              -94.60718515547076,
              39.05036527122524
            ],
            [
              -94.60684278035792,
              39.05035167263971
            ],
            [
              -94.60684050673295,
              39.050966026919816
            ],
            [
              -94.60722913121855,
              39.050979146545586
            ]
          ]
        ],
        "type": "Polygon"
      },
      "properties": {
        "address": "1814 Westport Rd Kansas City MO 64111",
        "case_number": "CPDC-2023-00206",
        "category": "Complete Building Demolition - Commercial",
        "date": "2023-10-25T09:40:30.367",
        "detail_url": "https://compasskc.kcmo.org/EnerGov_Prod/SelfService#/permit/3980a8b4-5c5c-4a33-988e-5fe683d2ed9f",
        "external_id": "3980a8b4-5c5c-4a33-988e-5fe683d2ed9f",
        "geometry_source": "KCMO parcels",
        "has_parcel_polygon": true,
        "match_method": "parcel_id",
        "match_status": "matched",
        "parcel_address": "1814 Westport Rd",
        "parcel_id": "130856",
        "record_id": "case:3980a8b4-5c5c-4a33-988e-5fe683d2ed9f",
        "record_type": "Complete Building Demolition - Commercial",
        "status": "Voided-City",
        "year": "2023"
      },
      "type": "Feature"
    },
    {
      "geometry": {
        "coordinates": [
          [
            [
              -94.56460895343433,
              39.0997384995858
            ],
            [
              -94.56414465929022,
              39.099722121109046
            ],
            [
              -94.56413820691863,
              39.0998595455222
            ],
            [
              -94.56460300191316,
              39.099875947199166
            ],
            [
              -94.56460895343433,
              39.0997384995858
            ]
          ]
        ],
        "type": "Polygon"
      },
      "properties": {
        "address": "1116 Paseo Kansas City MO 64106",
        "case_number": "CPDC-2023-00202",
        "category": "Pre-Demolition Inspection - Commercial",
        "date": "2023-10-25T10:17:05.273",
        "detail_url": "https://compasskc.kcmo.org/EnerGov_Prod/SelfService#/permit/208603e9-b3a8-4988-a1c0-488cd30ede9e",
        "external_id": "208603e9-b3a8-4988-a1c0-488cd30ede9e",
        "geometry_source": "KCMO parcels",
        "has_parcel_polygon": true,
        "match_method": "parcel_id",
        "match_status": "matched",
        "parcel_address": "1116 Paseo",
        "parcel_id": "223068",
        "record_id": "case:208603e9-b3a8-4988-a1c0-488cd30ede9e",
        "record_type": "Pre-Demolition Inspection - Commercial",
        "status": "Closed",
        "year": "2023"
      },
      "type": "Feature"
    },
    {
      "geometry": {
        "coordinates": [
          [
            [
              -94.57280598559778,
              39.04179695281684
            ],
            [
              -94.57232011903689,
              39.04177863000566
            ],
            [
              -94.57229066515511,
              39.04230063122522
            ],
            [
              -94.57277767848002,
              39.04231860965499
            ],
            [
              -94.57280598559778,
              39.04179695281684
            ]
          ]
        ],
        "type": "Polygon"
      },
      "properties": {
        "address": "1102 E 47th St Kansas City MO 64110",
        "case_number": "CPDC-2023-00204",
        "category": "Complete Building Demolition - Commercial",
        "date": "2023-10-25T15:40:46.09",
        "detail_url": "https://compasskc.kcmo.org/EnerGov_Prod/SelfService#/permit/20213b50-4c95-4af1-b827-10771d80440a",
        "external_id": "20213b50-4c95-4af1-b827-10771d80440a",
        "geometry_source": "KCMO parcels",
        "has_parcel_polygon": true,
        "match_method": "parcel_id",
        "match_status": "matched",
        "parcel_address": "1102 Emanuel Cleaver II Blvd",
        "parcel_id": "138001",
        "record_id": "case:20213b50-4c95-4af1-b827-10771d80440a",
        "record_type": "Complete Building Demolition - Commercial",
        "status": "Issued",
        "year": "2023"
      },
      "type": "Feature"
    },
    {
      "geometry": {
        "coordinates": [
          [
            [
              -94.59273006208166,
              39.09399861752488
            ],
            [
              -94.59228059650879,
              39.09398254576625
            ],
            [
              -94.59227135005273,
              39.09425375872389
            ],
            [
              -94.59272043408052,
              39.094269762178
            ],
            [
              -94.59273006208166,
              39.09399861752488
            ]
          ]
        ],
        "type": "Polygon"
      },
      "properties": {
        "address": "1642 Jefferson St Kansas City MO 64108",
        "case_number": "CPDR-2023-00227",
        "category": "Partial Building Demolition - Residential",
        "date": "2023-10-31T07:52:23.217",
        "detail_url": "https://compasskc.kcmo.org/EnerGov_Prod/SelfService#/permit/89da0c40-ea07-4812-9463-d2f4be233e2d",
        "external_id": "89da0c40-ea07-4812-9463-d2f4be233e2d",
        "geometry_source": "KCMO parcels",
        "has_parcel_polygon": true,
        "match_method": "parcel_id",
        "match_status": "matched",
        "parcel_address": "1642 Jefferson St",
        "parcel_id": "123483",
        "record_id": "case:89da0c40-ea07-4812-9463-d2f4be233e2d",
        "record_type": "Partial Building Demolition - Residential",
        "status": "Cancelled",
        "year": "2023"
      },
      "type": "Feature"
    },
    {
      "geometry": {
        "coordinates": [
          [
            [
              -94.56587344671546,
              39.078178801612005
            ],
            [
              -94.56637916090989,
              39.078196166214894
            ],
            [
              -94.56638286900228,
              39.07812151213763
            ],
            [
              -94.56683021196856,
              39.078136643945804
            ],
            [
              -94.56684361292456,
              39.07787629820811
            ],
            [
              -94.56683897386615,
              39.07784952681583
            ],
            [
              -94.56681628205898,
              39.077800376947806
            ],
            [
              -94.56677819207849,
              39.077761909025774
            ],
            [
              -94.56672926864476,
              39.077738733062525
            ],
            [
              -94.56670254435927,
              39.077733829913306
            ],
            [
              -94.56589688914579,
              39.077706895779826
            ],
            [
              -94.56587344671546,
              39.078178801612005
            ]
          ]
        ],
        "type": "Polygon"
      },
      "properties": {
        "address": "1414 E 27th St Kansas City MO 64108",
        "case_number": "CPDC-2023-00205",
        "category": "Pre-Demolition Inspection - Commercial",
        "date": "2023-10-31T13:23:05.057",
        "detail_url": "https://compasskc.kcmo.org/EnerGov_Prod/SelfService#/permit/b0ebb005-c791-49ef-ade6-134c7f0b12a5",
        "external_id": "b0ebb005-c791-49ef-ade6-134c7f0b12a5",
        "geometry_source": "KCMO parcels",
        "has_parcel_polygon": true,
        "match_method": "parcel_id",
        "match_status": "matched",
        "parcel_address": "1414 E 27th St",
        "parcel_id": "289907",
        "record_id": "case:b0ebb005-c791-49ef-ade6-134c7f0b12a5",
        "record_type": "Pre-Demolition Inspection - Commercial",
        "status": "Issued",
        "year": "2023"
      },
      "type": "Feature"
    },
    {
      "geometry": {
        "coordinates": [
          [
            [
              -94.58166770396332,
              38.885809591194885
            ],
            [
              -94.58069458841962,
              38.885777227332426
            ],
            [
              -94.58057669553489,
              38.887386451660305
            ],
            [
              -94.58148000567134,
              38.8874162126751
            ],
            [
              -94.58134299878061,
              38.88929696160556
            ],
            [
              -94.58141350141786,
              38.88929965939898
            ],
            [
              -94.58166770396332,
              38.885809591194885
            ]
          ]
        ],
        "type": "Polygon"
      },
      "properties": {
        "address": "1101 E Blue Ridge Blvd Kansas City MO 64146",
        "case_number": "CPDR-2023-00228",
        "category": "Complete Building or Structure Demolition - Residential",
        "date": "2023-11-02T09:13:10.997",
        "detail_url": "https://compasskc.kcmo.org/EnerGov_Prod/SelfService#/permit/68757dc1-da9b-4d6c-99d6-c5a891e59587",
        "external_id": "68757dc1-da9b-4d6c-99d6-c5a891e59587",
        "geometry_source": "KCMO parcels",
        "has_parcel_polygon": true,
        "match_method": "parcel_id",
        "match_status": "matched",
        "parcel_address": "1101 E Blue Ridge Blvd",
        "parcel_id": "159818",
        "record_id": "case:68757dc1-da9b-4d6c-99d6-c5a891e59587",
        "record_type": "Complete Building or Structure Demolition - Residential",
        "status": "Closed",
        "year": "2023"
      },
      "type": "Feature"
    },
    {
      "geometry": {
        "coordinates": [
          [
            [
              -94.5358077601979,
              39.11169008121995
            ],
            [
              -94.53570969422795,
              39.11168656479832
            ],
            [
              -94.53568977971399,
              39.112033213261995
            ],
            [
              -94.53578773010744,
              39.11203663764094
            ],
            [
              -94.5358077601979,
              39.11169008121995
            ]
          ]
        ],
        "type": "Polygon"
      },
      "properties": {
        "address": "3909 Morrell Ave Kansas City MO 64123",
        "case_number": "CPDR-2023-00229",
        "category": "Complete Building or Structure Demolition - Residential",
        "date": "2023-11-02T09:13:11.01",
        "detail_url": "https://compasskc.kcmo.org/EnerGov_Prod/SelfService#/permit/71a3b197-9a64-4ef2-b4b5-dbd40d24a9a0",
        "external_id": "71a3b197-9a64-4ef2-b4b5-dbd40d24a9a0",
        "geometry_source": "KCMO parcels",
        "has_parcel_polygon": true,
        "match_method": "parcel_id",
        "match_status": "matched",
        "parcel_address": "3909 Morrell Ave",
        "parcel_id": "41369",
        "record_id": "case:71a3b197-9a64-4ef2-b4b5-dbd40d24a9a0",
        "record_type": "Complete Building or Structure Demolition - Residential",
        "status": "Closed",
        "year": "2023"
      },
      "type": "Feature"
    },
    {
      "geometry": {
        "coordinates": [
          [
            [
              -94.56460895343433,
              39.0997384995858
            ],
            [
              -94.56414465929022,
              39.099722121109046
            ],
            [
              -94.56413820691863,
              39.0998595455222
            ],
            [
              -94.56460300191316,
              39.099875947199166
            ],
            [
              -94.56460895343433,
              39.0997384995858
            ]
          ]
        ],
        "type": "Polygon"
      },
      "properties": {
        "address": "1116 Paseo Kansas City MO 64106",
        "case_number": "CPDC-2023-00209",
        "category": "Complete Building Demolition - Commercial",
        "date": "2023-11-07T13:27:58.96",
        "detail_url": "https://compasskc.kcmo.org/EnerGov_Prod/SelfService#/permit/3fabc3ce-d46e-4adc-921c-311f26878fa3",
        "external_id": "3fabc3ce-d46e-4adc-921c-311f26878fa3",
        "geometry_source": "KCMO parcels",
        "has_parcel_polygon": true,
        "match_method": "parcel_id",
        "match_status": "matched",
        "parcel_address": "1116 Paseo",
        "parcel_id": "223068",
        "record_id": "case:3fabc3ce-d46e-4adc-921c-311f26878fa3",
        "record_type": "Complete Building Demolition - Commercial",
        "status": "Issued",
        "year": "2023"
      },
      "type": "Feature"
    },
    {
      "geometry": {
        "coordinates": [
          [
            [
              -94.6606730044275,
              39.24712483879437
            ],
            [
              -94.66047835363628,
              39.24712496987407
            ],
            [
              -94.66029862889094,
              39.247283707794196
            ],
            [
              -94.66024046993724,
              39.24744550491183
            ],
            [
              -94.66067250089664,
              39.24744580147389
            ],
            [
              -94.6606730044275,
              39.24712483879437
            ]
          ]
        ],
        "type": "Polygon"
      },
      "properties": {
        "address": "8401 NW Prairie View Rd Kansas City MO 64153",
        "case_number": "CPDC-2023-00210",
        "category": "Complete Building Demolition - Commercial",
        "date": "2023-11-07T13:51:05.943",
        "detail_url": "https://compasskc.kcmo.org/EnerGov_Prod/SelfService#/permit/074ab938-4591-4f1c-a90c-235857b5ea70",
        "external_id": "074ab938-4591-4f1c-a90c-235857b5ea70",
        "geometry_source": "KCMO parcels",
        "has_parcel_polygon": true,
        "match_method": "parcel_id",
        "match_status": "matched",
        "parcel_address": "8401 NW Prairie View Rd",
        "parcel_id": "168647",
        "record_id": "case:074ab938-4591-4f1c-a90c-235857b5ea70",
        "record_type": "Complete Building Demolition - Commercial",
        "status": "Closed",
        "year": "2023"
      },
      "type": "Feature"
    },
    {
      "geometry": {
        "coordinates": [
          [
            [
              -94.56587344671546,
              39.078178801612005
            ],
            [
              -94.56637916090989,
              39.078196166214894
            ],
            [
              -94.56638286900228,
              39.07812151213763
            ],
            [
              -94.56683021196856,
              39.078136643945804
            ],
            [
              -94.56684361292456,
              39.07787629820811
            ],
            [
              -94.56683897386615,
              39.07784952681583
            ],
            [
              -94.56681628205898,
              39.077800376947806
            ],
            [
              -94.56677819207849,
              39.077761909025774
            ],
            [
              -94.56672926864476,
              39.077738733062525
            ],
            [
              -94.56670254435927,
              39.077733829913306
            ],
            [
              -94.56589688914579,
              39.077706895779826
            ],
            [
              -94.56587344671546,
              39.078178801612005
            ]
          ]
        ],
        "type": "Polygon"
      },
      "properties": {
        "address": "1414 E 27th St Kansas City MO 64108",
        "case_number": "CPDC-2023-00216",
        "category": "Complete Building Demolition - Commercial",
        "date": "2023-11-07T14:57:04.367",
        "detail_url": "https://compasskc.kcmo.org/EnerGov_Prod/SelfService#/permit/e4d26499-24bd-4b89-a8b8-23f631bd34ab",
        "external_id": "e4d26499-24bd-4b89-a8b8-23f631bd34ab",
        "geometry_source": "KCMO parcels",
        "has_parcel_polygon": true,
        "match_method": "parcel_id",
        "match_status": "matched",
        "parcel_address": "1414 E 27th St",
        "parcel_id": "289907",
        "record_id": "case:e4d26499-24bd-4b89-a8b8-23f631bd34ab",
        "record_type": "Complete Building Demolition - Commercial",
        "status": "Issued",
        "year": "2023"
      },
      "type": "Feature"
    },
    {
      "geometry": {
        "coordinates": [
          [
            [
              -94.52096721856815,
              39.10539890484272
            ],
            [
              -94.52076667115503,
              39.10539182484649
            ],
            [
              -94.5207447607091,
              39.105782791357
            ],
            [
              -94.52094495607066,
              39.10578980223956
            ],
            [
              -94.52096721856815,
              39.10539890484272
            ]
          ]
        ],
        "type": "Polygon"
      },
      "properties": {
        "address": "5208 Independence Ave Kansas City MO 64124",
        "case_number": "CPDC-2023-00219",
        "category": "Complete Building Demolition - Commercial",
        "date": "2023-11-09T08:44:26.007",
        "detail_url": "https://compasskc.kcmo.org/EnerGov_Prod/SelfService#/permit/5914964e-8482-4ef7-8acd-c074b1333160",
        "external_id": "5914964e-8482-4ef7-8acd-c074b1333160",
        "geometry_source": "KCMO parcels",
        "has_parcel_polygon": true,
        "match_method": "parcel_id",
        "match_status": "matched",
        "parcel_address": "5208 Independence Ave",
        "parcel_id": "45161",
        "record_id": "case:5914964e-8482-4ef7-8acd-c074b1333160",
        "record_type": "Complete Building Demolition - Commercial",
        "status": "Closed",
        "year": "2023"
      },
      "type": "Feature"
    },
    {
      "geometry": {
        "coordinates": [
          [
            [
              -94.52582511739021,
              39.08236926566609
            ],
            [
              -94.52593423959186,
              39.08237363512673
            ],
            [
              -94.52593039433359,
              39.08245728747848
            ],
            [
              -94.52605366779919,
              39.08246223713908
            ],
            [
              -94.52606892923363,
              39.08213143394998
            ],
            [
              -94.5258365351847,
              39.08212192208419
            ],
            [
              -94.52582511739021,
              39.08236926566609
            ]
          ]
        ],
        "type": "Polygon"
      },
      "properties": {
        "address": "4912 E 24th St Kansas City MO 64127",
        "case_number": "CPDR-2023-00232",
        "category": "Complete Building or Structure Demolition - Residential",
        "date": "2023-11-09T08:44:27.53",
        "detail_url": "https://compasskc.kcmo.org/EnerGov_Prod/SelfService#/permit/d9730b69-1271-4b03-a24e-cc60afc2acbb",
        "external_id": "d9730b69-1271-4b03-a24e-cc60afc2acbb",
        "geometry_source": "KCMO parcels",
        "has_parcel_polygon": true,
        "match_method": "parcel_id",
        "match_status": "matched",
        "parcel_id": "295156",
        "record_id": "case:d9730b69-1271-4b03-a24e-cc60afc2acbb",
        "record_type": "Complete Building or Structure Demolition - Residential",
        "status": "Closed",
        "year": "2023"
      },
      "type": "Feature"
    },
    {
      "geometry": {
        "coordinates": [
          [
            [
              -94.55656653474244,
              39.05423646379046
            ],
            [
              -94.55608701526015,
              39.05422001464385
            ],
            [
              -94.55608198221233,
              39.05431147190838
            ],
            [
              -94.55656150229335,
              39.05432789762206
            ],
            [
              -94.55656653474244,
              39.05423646379046
            ]
          ]
        ],
        "type": "Polygon"
      },
      "properties": {
        "address": "3936 Olive St Kansas City MO 64130",
        "case_number": "CPDR-2023-00231",
        "category": "Complete Building or Structure Demolition - Residential",
        "date": "2023-11-09T08:44:28.987",
        "detail_url": "https://compasskc.kcmo.org/EnerGov_Prod/SelfService#/permit/bd520015-9757-44e1-a4b1-42c7db0ecace",
        "external_id": "bd520015-9757-44e1-a4b1-42c7db0ecace",
        "geometry_source": "KCMO parcels",
        "has_parcel_polygon": true,
        "match_method": "parcel_id",
        "match_status": "matched",
        "parcel_address": "3936 Olive St",
        "parcel_id": "136368",
        "record_id": "case:bd520015-9757-44e1-a4b1-42c7db0ecace",
        "record_type": "Complete Building or Structure Demolition - Residential",
        "status": "Closed",
        "year": "2023"
      },
      "type": "Feature"
    },
    {
      "geometry": {
        "coordinates": [
          [
            [
              [
                -94.60307033504652,
                39.07657572129107
              ],
              [
                -94.60295044327185,
                39.076732559957115
              ],
              [
                -94.60282176095451,
                39.07692045717803
              ],
              [
                -94.60270541402801,
                39.077113169515314
              ],
              [
                -94.6026092443212,
                39.07729467585047
              ],
              [
                -94.60345940914279,
                39.077323165733155
              ],
              [
                -94.60355547935062,
                39.07735671634299
              ],
              [
                -94.60366152100416,
                39.077404922870635
              ],
              [
                -94.60370588327369,
                39.07740950534314
              ],
              [
                -94.60374896227611,
                39.07740024664357
              ],
              [
                -94.60378758619076,
                39.07737515782482
              ],
              [
                -94.60415201917237,
                39.076968171724225
              ],
              [
                -94.60418942119854,
                39.07693137004821
              ],
              [
                -94.60425047140448,
                39.076886033855985
              ],
              [
                -94.60452186565509,
                39.076731986330174
              ],
              [
                -94.60456156711366,
                39.07670101592674
              ],
              [
                -94.60458702859249,
                39.07666909728936
              ],
              [
                -94.60460131127635,
                39.0766398428444
              ],
              [
                -94.6046166235961,
                39.07655345417047
              ],
              [
                -94.60413007458892,
                39.076557527124905
              ],
              [
                -94.60371920285453,
                39.076501973813194
              ],
              [
                -94.60317632634504,
                39.07644877652288
              ],
              [
                -94.60307033504652,
                39.07657572129107
              ]
            ]
          ],
          [
            [
              [
                -94.60407670778099,
                39.07569085767882
              ],
              [
                -94.60395104256504,
                39.07577903160319
              ],
              [
                -94.60365264703776,
                39.076034578662835
              ],
              [
                -94.60357770416009,
                39.07611438420027
              ],
              [
                -94.60395876937767,
                39.076143629957414
              ],
              [
                -94.604530227567,
                39.07617204041617
              ],
              [
                -94.60433110191958,
                39.076001442888
              ],
              [
                -94.60438870052938,
                39.07596103078851
              ],
              [
                -94.60407670778099,
                39.07569085767882
              ]
            ]
          ]
        ],
        "type": "MultiPolygon"
      },
      "properties": {
        "address": "1550 W 29th St Kansas City MO 64108",
        "case_number": "CPDC-2023-00213",
        "category": "Complete Building Demolition - Commercial",
        "date": "2023-11-13T11:42:51.98",
        "detail_url": "https://compasskc.kcmo.org/EnerGov_Prod/SelfService#/permit/733feb8d-6936-418e-addf-7d0ef44f302f",
        "external_id": "733feb8d-6936-418e-addf-7d0ef44f302f",
        "geometry_source": "KCMO parcels",
        "has_parcel_polygon": true,
        "match_method": "parcel_id",
        "match_status": "matched",
        "parcel_address": "1550 W 29th St",
        "parcel_id": "128925",
        "record_id": "case:733feb8d-6936-418e-addf-7d0ef44f302f",
        "record_type": "Complete Building Demolition - Commercial",
        "status": "Cancelled",
        "year": "2023"
      },
      "type": "Feature"
    },
    {
      "geometry": {
        "coordinates": [
          [
            [
              -94.5144326976519,
              39.161032246623314
            ],
            [
              -94.51445743335334,
              39.16112433852662
            ],
            [
              -94.51237451217756,
              39.16111332054052
            ],
            [
              -94.5123546887671,
              39.162210074190625
            ],
            [
              -94.51298901743719,
              39.16203124027066
            ],
            [
              -94.5132896951371,
              39.16195695931276
            ],
            [
              -94.51351890073131,
              39.16191126414491
            ],
            [
              -94.51467195720112,
              39.161721193499275
            ],
            [
              -94.51477102601072,
              39.16169937534368
            ],
            [
              -94.51486618548613,
              39.16166872689241
            ],
            [
              -94.5149846749475,
              39.16161485113596
            ],
            [
              -94.51506572150849,
              39.16156541891235
            ],
            [
              -94.5151612815252,
              39.16148875700726
            ],
            [
              -94.51522228057487,
              39.161424203301145
            ],
            [
              -94.51528785874,
              39.16133033910231
            ],
            [
              -94.51532434554875,
              39.161255400828296
            ],
            [
              -94.51534936887369,
              39.161177649756496
            ],
            [
              -94.51536342842853,
              39.161090564899084
            ],
            [
              -94.5144326976519,
              39.161032246623314
            ]
          ]
        ],
        "type": "Polygon"
      },
      "properties": {
        "address": "3539 N Drury Ave Kansas City MO 64117",
        "case_number": "CPDR-2023-00235",
        "category": "Complete Building or Structure Demolition - Residential",
        "date": "2023-11-14T16:56:14.487",
        "detail_url": "https://compasskc.kcmo.org/EnerGov_Prod/SelfService#/permit/f6abcdcc-2175-43bf-9600-49afd0785fe8",
        "external_id": "f6abcdcc-2175-43bf-9600-49afd0785fe8",
        "geometry_source": "KCMO parcels",
        "has_parcel_polygon": true,
        "match_method": "parcel_id",
        "match_status": "matched",
        "parcel_address": "3539 N Drury Ave",
        "parcel_id": "265007",
        "record_id": "case:f6abcdcc-2175-43bf-9600-49afd0785fe8",
        "record_type": "Complete Building or Structure Demolition - Residential",
        "status": "Closed",
        "year": "2023"
      },
      "type": "Feature"
    },
    {
      "geometry": {
        "coordinates": [
          [
            [
              -94.5600397906597,
              39.033135322416875
            ],
            [
              -94.55954958626057,
              39.03311710819311
            ],
            [
              -94.5595427551727,
              39.03322721483281
            ],
            [
              -94.56003334014535,
              39.033245313912076
            ],
            [
              -94.5600397906597,
              39.033135322416875
            ]
          ]
        ],
        "type": "Polygon"
      },
      "properties": {
        "address": "5120 Brooklyn Ave Kansas City MO 64130",
        "case_number": "CPDR-2023-00234",
        "category": "Complete Building or Structure Demolition - Residential",
        "date": "2023-11-14T16:56:16.017",
        "detail_url": "https://compasskc.kcmo.org/EnerGov_Prod/SelfService#/permit/1c74b855-deba-4cd7-a053-627acfe8a672",
        "external_id": "1c74b855-deba-4cd7-a053-627acfe8a672",
        "geometry_source": "KCMO parcels",
        "has_parcel_polygon": true,
        "match_method": "parcel_id",
        "match_status": "matched",
        "parcel_address": "5120 Brooklyn Ave",
        "parcel_id": "145640",
        "record_id": "case:1c74b855-deba-4cd7-a053-627acfe8a672",
        "record_type": "Complete Building or Structure Demolition - Residential",
        "status": "Closed",
        "year": "2023"
      },
      "type": "Feature"
    },
    {
      "geometry": {
        "coordinates": [
          [
            [
              -94.58488679299678,
              38.990695792993826
            ],
            [
              -94.58422171385182,
              38.99067071672263
            ],
            [
              -94.58420664614155,
              38.990944912039396
            ],
            [
              -94.58487243083357,
              38.99097003364335
            ],
            [
              -94.58488679299678,
              38.990695792993826
            ]
          ]
        ],
        "type": "Polygon"
      },
      "properties": {
        "address": "7527 Oak St Kansas City MO 64114",
        "case_number": "CPDR-2023-00236",
        "category": "Complete Building or Structure Demolition - Residential",
        "date": "2023-11-16T10:28:13.87",
        "detail_url": "https://compasskc.kcmo.org/EnerGov_Prod/SelfService#/permit/cdc7fa8e-4eb9-4ebb-ad9b-e11c2e20754f",
        "external_id": "cdc7fa8e-4eb9-4ebb-ad9b-e11c2e20754f",
        "geometry_source": "KCMO parcels",
        "has_parcel_polygon": true,
        "match_method": "parcel_id",
        "match_status": "matched",
        "parcel_address": "7527 Oak St",
        "parcel_id": "117769",
        "record_id": "case:cdc7fa8e-4eb9-4ebb-ad9b-e11c2e20754f",
        "record_type": "Complete Building or Structure Demolition - Residential",
        "status": "Closed",
        "year": "2023"
      },
      "type": "Feature"
    },
    {
      "geometry": {
        "coordinates": [
          [
            [
              -94.59698699354159,
              39.04808386513626
            ],
            [
              -94.59673216623207,
              39.04807433006693
            ],
            [
              -94.59672793513738,
              39.04815620140536
            ],
            [
              -94.59698276224071,
              39.048165370961584
            ],
            [
              -94.59698699354159,
              39.04808386513626
            ]
          ]
        ],
        "type": "Polygon"
      },
      "properties": {
        "address": "4345 Madison Ave Kansas City MO 64111",
        "case_number": "CPDC-2023-00220",
        "category": "Pre-Demolition Inspection - Commercial",
        "date": "2023-11-20T10:26:05.133",
        "detail_url": "https://compasskc.kcmo.org/EnerGov_Prod/SelfService#/permit/397d29e9-6147-42cb-b25c-3db94a662de9",
        "external_id": "397d29e9-6147-42cb-b25c-3db94a662de9",
        "geometry_source": "KCMO parcels",
        "has_parcel_polygon": true,
        "match_method": "parcel_id",
        "match_status": "matched",
        "parcel_address": "4345 Madison Ave",
        "parcel_id": "140565",
        "record_id": "case:397d29e9-6147-42cb-b25c-3db94a662de9",
        "record_type": "Pre-Demolition Inspection - Commercial",
        "status": "Issued",
        "year": "2023"
      },
      "type": "Feature"
    },
    {
      "geometry": {
        "coordinates": [
          [
            [
              -94.50764827936547,
              38.91438088884397
            ],
            [
              -94.50769086132006,
              38.9137872131682
            ],
            [
              -94.5054864612433,
              38.91363842523184
            ],
            [
              -94.50549408504082,
              38.91374618380882
            ],
            [
              -94.50552932781147,
              38.913901009888235
            ],
            [
              -94.50556897426188,
              38.91403863291528
            ],
            [
              -94.50562183040006,
              38.914148729508206
            ],
            [
              -94.50568349811299,
              38.91430699619335
            ],
            [
              -94.50571433685725,
              38.91445494082809
            ],
            [
              -94.5057407742295,
              38.91462697065339
            ],
            [
              -94.50573638095473,
              38.914771477923225
            ],
            [
              -94.50576193181736,
              38.91487125339551
            ],
            [
              -94.50586410534032,
              38.91487124830889
            ],
            [
              -94.5059521862931,
              38.9148987696308
            ],
            [
              -94.50627808016758,
              38.91490563357875
            ],
            [
              -94.5066876517832,
              38.91492281423573
            ],
            [
              -94.50701666506214,
              38.91494500821202
            ],
            [
              -94.50705993042456,
              38.914341885042596
            ],
            [
              -94.50764827936547,
              38.91438088884397
            ]
          ]
        ],
        "type": "Polygon"
      },
      "properties": {
        "address": "7205 Longview Rd Kansas City MO 64134",
        "case_number": "CPDC-2023-00217",
        "category": "Complete Building Demolition - Commercial",
        "date": "2023-11-20T11:02:14.42",
        "detail_url": "https://compasskc.kcmo.org/EnerGov_Prod/SelfService#/permit/2c4a6bd6-f54b-4613-907e-473850fdf831",
        "external_id": "2c4a6bd6-f54b-4613-907e-473850fdf831",
        "geometry_source": "KCMO parcels",
        "has_parcel_polygon": true,
        "match_method": "parcel_id",
        "match_status": "matched",
        "parcel_id": "293734",
        "record_id": "case:2c4a6bd6-f54b-4613-907e-473850fdf831",
        "record_type": "Complete Building Demolition - Commercial",
        "status": "Issued",
        "year": "2023"
      },
      "type": "Feature"
    },
    {
      "geometry": {
        "coordinates": [
          [
            [
              -94.55712482241837,
              38.99131102748343
            ],
            [
              -94.55665777394807,
              38.991288534818494
            ],
            [
              -94.55664598965721,
              38.99151192890419
            ],
            [
              -94.55711257042388,
              38.99153435377262
            ],
            [
              -94.55712482241837,
              38.99131102748343
            ]
          ]
        ],
        "type": "Polygon"
      },
      "properties": {
        "address": "7423 Prospect Ave Kansas City MO 64132",
        "case_number": "CPDC-2023-00222",
        "category": "Pre-Demolition Inspection - Commercial",
        "date": "2023-11-20T12:15:04.87",
        "detail_url": "https://compasskc.kcmo.org/EnerGov_Prod/SelfService#/permit/f24649d8-e8b9-4964-a81f-a0ddb9440325",
        "external_id": "f24649d8-e8b9-4964-a81f-a0ddb9440325",
        "geometry_source": "KCMO parcels",
        "has_parcel_polygon": true,
        "match_method": "parcel_id",
        "match_status": "matched",
        "parcel_address": "7427 Prospect Ave",
        "parcel_id": "3714",
        "record_id": "case:f24649d8-e8b9-4964-a81f-a0ddb9440325",
        "record_type": "Pre-Demolition Inspection - Commercial",
        "status": "Issued",
        "year": "2023"
      },
      "type": "Feature"
    },
    {
      "geometry": {
        "coordinates": [
          [
            [
              -94.55714493299116,
              38.99094315844243
            ],
            [
              -94.55706012415635,
              38.990884258178085
            ],
            [
              -94.55668004285104,
              38.99086671055237
            ],
            [
              -94.55666502383735,
              38.99115144993815
            ],
            [
              -94.5571323059838,
              38.991173966485576
            ],
            [
              -94.55714493299116,
              38.99094315844243
            ]
          ]
        ],
        "type": "Polygon"
      },
      "properties": {
        "address": "7445 Prospect Ave Kansas City MO 64132",
        "case_number": "CPDC-2023-00223",
        "category": "Pre-Demolition Inspection - Commercial",
        "date": "2023-11-20T12:15:08.917",
        "detail_url": "https://compasskc.kcmo.org/EnerGov_Prod/SelfService#/permit/c0f47aac-fc22-4769-ab9e-eee4d1f734ab",
        "external_id": "c0f47aac-fc22-4769-ab9e-eee4d1f734ab",
        "geometry_source": "KCMO parcels",
        "has_parcel_polygon": true,
        "match_method": "parcel_id",
        "match_status": "matched",
        "parcel_address": "7445 Prospect Ave",
        "parcel_id": "3712",
        "record_id": "case:c0f47aac-fc22-4769-ab9e-eee4d1f734ab",
        "record_type": "Pre-Demolition Inspection - Commercial",
        "status": "Issued",
        "year": "2023"
      },
      "type": "Feature"
    },
    {
      "geometry": {
        "coordinates": [
          [
            [
              -94.50764827936547,
              38.91438088884397
            ],
            [
              -94.50769086132006,
              38.9137872131682
            ],
            [
              -94.5054864612433,
              38.91363842523184
            ],
            [
              -94.50549408504082,
              38.91374618380882
            ],
            [
              -94.50552932781147,
              38.913901009888235
            ],
            [
              -94.50556897426188,
              38.91403863291528
            ],
            [
              -94.50562183040006,
              38.914148729508206
            ],
            [
              -94.50568349811299,
              38.91430699619335
            ],
            [
              -94.50571433685725,
              38.91445494082809
            ],
            [
              -94.5057407742295,
              38.91462697065339
            ],
            [
              -94.50573638095473,
              38.914771477923225
            ],
            [
              -94.50576193181736,
              38.91487125339551
            ],
            [
              -94.50586410534032,
              38.91487124830889
            ],
            [
              -94.5059521862931,
              38.9148987696308
            ],
            [
              -94.50627808016758,
              38.91490563357875
            ],
            [
              -94.5066876517832,
              38.91492281423573
            ],
            [
              -94.50701666506214,
              38.91494500821202
            ],
            [
              -94.50705993042456,
              38.914341885042596
            ],
            [
              -94.50764827936547,
              38.91438088884397
            ]
          ]
        ],
        "type": "Polygon"
      },
      "properties": {
        "address": "7201 Longview Rd Kansas City MO 64134",
        "case_number": "CPDR-2023-00230",
        "category": "Complete Building or Structure Demolition - Residential",
        "date": "2023-11-21T00:00:00",
        "detail_url": "https://compasskc.kcmo.org/EnerGov_Prod/SelfService#/permit/0ab20f0e-9e8c-456e-8c45-3e1af7acca55",
        "external_id": "0ab20f0e-9e8c-456e-8c45-3e1af7acca55",
        "geometry_source": "KCMO parcels",
        "has_parcel_polygon": true,
        "match_method": "parcel_id",
        "match_status": "matched",
        "parcel_id": "293734",
        "record_id": "case:0ab20f0e-9e8c-456e-8c45-3e1af7acca55",
        "record_type": "Complete Building or Structure Demolition - Residential",
        "status": "Issued",
        "year": "2023"
      },
      "type": "Feature"
    },
    {
      "geometry": {
        "coordinates": [
          [
            [
              -94.52086517782064,
              39.03035660584395
            ],
            [
              -94.51999219890288,
              39.03032763124859
            ],
            [
              -94.51996961570285,
              39.03076324296724
            ],
            [
              -94.52084289253477,
              39.03079201231903
            ],
            [
              -94.52086517782064,
              39.03035660584395
            ]
          ]
        ],
        "type": "Polygon"
      },
      "properties": {
        "address": "5210 Oakley Ave Kansas City MO 64130",
        "case_number": "CPDR-2023-00238",
        "category": "Complete Building or Structure Demolition - Residential",
        "date": "2023-11-21T14:03:22.673",
        "detail_url": "https://compasskc.kcmo.org/EnerGov_Prod/SelfService#/permit/1901e742-737e-445e-b772-56665b42aaf4",
        "external_id": "1901e742-737e-445e-b772-56665b42aaf4",
        "geometry_source": "KCMO parcels",
        "has_parcel_polygon": true,
        "match_method": "parcel_id",
        "match_status": "matched",
        "parcel_address": "5210 Oakley Ave",
        "parcel_id": "37424",
        "record_id": "case:1901e742-737e-445e-b772-56665b42aaf4",
        "record_type": "Complete Building or Structure Demolition - Residential",
        "status": "Voided-City",
        "year": "2023"
      },
      "type": "Feature"
    },
    {
      "geometry": {
        "coordinates": [
          [
            [
              -94.59894816253438,
              39.088175282076215
            ],
            [
              -94.59893735289513,
              39.088381629699725
            ],
            [
              -94.59908277662927,
              39.08838599084066
            ],
            [
              -94.59909294051033,
              39.0881795299211
            ],
            [
              -94.59894816253438,
              39.088175282076215
            ]
          ]
        ],
        "type": "Polygon"
      },
      "properties": {
        "address": "1218 W 21st St Kansas City MO 64102",
        "case_number": "CPDR-2023-00219",
        "category": "Complete Building or Structure Demolition - Residential",
        "date": "2023-11-28T10:55:05.59",
        "detail_url": "https://compasskc.kcmo.org/EnerGov_Prod/SelfService#/permit/ab6f8409-1c55-47ee-b02d-535c0709bf4c",
        "external_id": "ab6f8409-1c55-47ee-b02d-535c0709bf4c",
        "geometry_source": "KCMO parcels",
        "has_parcel_polygon": true,
        "match_method": "parcel_id",
        "match_status": "matched",
        "parcel_address": "1218 W 21st St",
        "parcel_id": "281770",
        "record_id": "case:ab6f8409-1c55-47ee-b02d-535c0709bf4c",
        "record_type": "Complete Building or Structure Demolition - Residential",
        "status": "Closed",
        "year": "2023"
      },
      "type": "Feature"
    },
    {
      "geometry": {
        "coordinates": [
          [
            [
              -94.5520886308396,
              39.10169099617525
            ],
            [
              -94.55191137825702,
              39.10168505818133
            ],
            [
              -94.55189249354068,
              39.10204259959608
            ],
            [
              -94.55206980646584,
              39.10204851585449
            ],
            [
              -94.5520886308396,
              39.10169099617525
            ]
          ]
        ],
        "type": "Polygon"
      },
      "properties": {
        "address": "2508 E 10th St Kansas City MO 64127",
        "case_number": "CPDR-2023-00239",
        "category": "Complete Building or Structure Demolition - Residential",
        "date": "2023-12-01T14:49:17.13",
        "detail_url": "https://compasskc.kcmo.org/EnerGov_Prod/SelfService#/permit/e5bfa4cf-6df4-4a48-9f57-90ae3564bb69",
        "external_id": "e5bfa4cf-6df4-4a48-9f57-90ae3564bb69",
        "geometry_source": "KCMO parcels",
        "has_parcel_polygon": true,
        "match_method": "parcel_id",
        "match_status": "matched",
        "parcel_address": "2508 E 10th St",
        "parcel_id": "11828",
        "record_id": "case:e5bfa4cf-6df4-4a48-9f57-90ae3564bb69",
        "record_type": "Complete Building or Structure Demolition - Residential",
        "status": "Closed",
        "year": "2023"
      },
      "type": "Feature"
    },
    {
      "geometry": {
        "coordinates": [
          [
            [
              -94.56812150695998,
              39.1065300247569
            ],
            [
              -94.56759334930182,
              39.10651021948278
            ],
            [
              -94.56758770382632,
              39.10662668648402
            ],
            [
              -94.56811583534055,
              39.10664665081895
            ],
            [
              -94.56812150695998,
              39.1065300247569
            ]
          ]
        ],
        "type": "Polygon"
      },
      "properties": {
        "address": "609 Forest Ave Kansas City MO 64106",
        "case_number": "CPDR-2023-00240",
        "category": "Complete Building or Structure Demolition - Residential",
        "date": "2023-12-04T20:38:36.457",
        "detail_url": "https://compasskc.kcmo.org/EnerGov_Prod/SelfService#/permit/42577460-53fe-482f-b57f-662c22a9cb2d",
        "external_id": "42577460-53fe-482f-b57f-662c22a9cb2d",
        "geometry_source": "KCMO parcels",
        "has_parcel_polygon": true,
        "match_method": "parcel_id",
        "match_status": "matched",
        "parcel_address": "609 Forest Ave",
        "parcel_id": "12010",
        "record_id": "case:42577460-53fe-482f-b57f-662c22a9cb2d",
        "record_type": "Complete Building or Structure Demolition - Residential",
        "status": "Voided-City",
        "year": "2023"
      },
      "type": "Feature"
    },
    {
      "geometry": {
        "coordinates": [
          [
            [
              -94.60833254931825,
              39.235446174476664
            ],
            [
              -94.60372565688576,
              39.235405934735724
            ],
            [
              -94.60371534316852,
              39.23757294513827
            ],
            [
              -94.60546692053661,
              39.23758224039857
            ],
            [
              -94.60546038224123,
              39.2390379112407
            ],
            [
              -94.60829436862257,
              39.23905428534217
            ],
            [
              -94.60833254931825,
              39.235446174476664
            ]
          ]
        ],
        "type": "Polygon"
      },
      "properties": {
        "address": "7900 N Baughman Rd Kansas City MO 64151",
        "case_number": "CPDC-2023-00165",
        "category": "Complete Building Demolition - Commercial",
        "date": "2023-12-05T11:09:32.113",
        "detail_url": "https://compasskc.kcmo.org/EnerGov_Prod/SelfService#/permit/2f1ea69f-e21e-4cb6-958d-50e5c2412a22",
        "external_id": "2f1ea69f-e21e-4cb6-958d-50e5c2412a22",
        "geometry_source": "KCMO parcels",
        "has_parcel_polygon": true,
        "match_method": "parcel_id",
        "match_status": "matched",
        "parcel_address": "7900 N Baughman Rd",
        "parcel_id": "162194",
        "record_id": "case:2f1ea69f-e21e-4cb6-958d-50e5c2412a22",
        "record_type": "Complete Building Demolition - Commercial",
        "status": "Issued",
        "year": "2023"
      },
      "type": "Feature"
    },
    {
      "geometry": {
        "coordinates": [
          [
            [
              -94.50355540635842,
              39.09743244463088
            ],
            [
              -94.50320257511375,
              39.09742282264968
            ],
            [
              -94.50319441998049,
              39.09759783737696
            ],
            [
              -94.50354842663239,
              39.09760739070467
            ],
            [
              -94.50355540635842,
              39.09743244463088
            ]
          ]
        ],
        "type": "Polygon"
      },
      "properties": {
        "address": "6714 E 12th St Kansas City MO 64126",
        "case_number": "CPDC-2023-00229",
        "category": "Pre-Demolition Inspection - Commercial",
        "date": "2023-12-06T14:43:56.08",
        "detail_url": "https://compasskc.kcmo.org/EnerGov_Prod/SelfService#/permit/5ed25146-bf4b-49de-a4b0-a4a2ca56a289",
        "external_id": "5ed25146-bf4b-49de-a4b0-a4a2ca56a289",
        "geometry_source": "KCMO parcels",
        "has_parcel_polygon": true,
        "match_method": "parcel_id",
        "match_status": "matched",
        "parcel_address": "6716 E 12th St",
        "parcel_id": "5254",
        "record_id": "case:5ed25146-bf4b-49de-a4b0-a4a2ca56a289",
        "record_type": "Pre-Demolition Inspection - Commercial",
        "status": "Closed",
        "year": "2023"
      },
      "type": "Feature"
    },
    {
      "geometry": {
        "coordinates": [
          [
            [
              -94.59879346747633,
              39.05859695562258
            ],
            [
              -94.59830519310687,
              39.05857924772065
            ],
            [
              -94.59829286068826,
              39.05878619194685
            ],
            [
              -94.59878187016555,
              39.05880337358905
            ],
            [
              -94.59879346747633,
              39.05859695562258
            ]
          ]
        ],
        "type": "Polygon"
      },
      "properties": {
        "address": "3418 Kansas City MO 64111",
        "case_number": "CPDR-2023-00243",
        "category": "Complete Building or Structure Demolition - Residential",
        "date": "2023-12-08T10:46:45.06",
        "detail_url": "https://compasskc.kcmo.org/EnerGov_Prod/SelfService#/permit/07fb6d47-d9eb-43f9-9ee0-818225134a7e",
        "external_id": "07fb6d47-d9eb-43f9-9ee0-818225134a7e",
        "geometry_source": "KCMO parcels",
        "has_parcel_polygon": true,
        "match_method": "address_geocode_point_in_polygon",
        "match_status": "matched",
        "parcel_address": "3725 Jarboe St",
        "parcel_id": "129823",
        "record_id": "case:07fb6d47-d9eb-43f9-9ee0-818225134a7e",
        "record_type": "Complete Building or Structure Demolition - Residential",
        "status": "Voided-City",
        "year": "2023"
      },
      "type": "Feature"
    },
    {
      "geometry": {
        "coordinates": [
          [
            [
              -94.5571323059838,
              38.991173966485576
            ],
            [
              -94.55666502383735,
              38.99115144993815
            ],
            [
              -94.55665777394807,
              38.991288534818494
            ],
            [
              -94.55712482241837,
              38.99131102748343
            ],
            [
              -94.5571323059838,
              38.991173966485576
            ]
          ]
        ],
        "type": "Polygon"
      },
      "properties": {
        "address": "7433 Prospect Ave Kansas City MO 64132",
        "case_number": "CPDC-2023-00232",
        "category": "Pre-Demolition Inspection - Commercial",
        "date": "2023-12-11T09:36:55",
        "detail_url": "https://compasskc.kcmo.org/EnerGov_Prod/SelfService#/permit/72285262-9ff7-4d95-81f2-42bf50cf7821",
        "external_id": "72285262-9ff7-4d95-81f2-42bf50cf7821",
        "geometry_source": "KCMO parcels",
        "has_parcel_polygon": true,
        "match_method": "parcel_id",
        "match_status": "matched",
        "parcel_address": "7435 Prospect Ave",
        "parcel_id": "3713",
        "record_id": "case:72285262-9ff7-4d95-81f2-42bf50cf7821",
        "record_type": "Pre-Demolition Inspection - Commercial",
        "status": "Issued",
        "year": "2023"
      },
      "type": "Feature"
    },
    {
      "geometry": {
        "coordinates": [
          [
            [
              -94.58772609595337,
              39.06722856347743
            ],
            [
              -94.58726274386126,
              39.06721259593967
            ],
            [
              -94.58727352729957,
              39.06700814833401
            ],
            [
              -94.58682085980095,
              39.0669928586116
            ],
            [
              -94.58677416824034,
              39.06788375853384
            ],
            [
              -94.58770313561322,
              39.0676727883473
            ],
            [
              -94.58772609595337,
              39.06722856347743
            ]
          ]
        ],
        "type": "Polygon"
      },
      "properties": {
        "address": "101 W Linwood Blvd Kansas City MO 64111",
        "case_number": "CPDC-2023-00236",
        "category": "Pre-Demolition Inspection - Commercial",
        "date": "2023-12-11T13:10:05.557",
        "detail_url": "https://compasskc.kcmo.org/EnerGov_Prod/SelfService#/permit/584537d8-ddf2-45fe-b4d6-962592d4cfc3",
        "external_id": "584537d8-ddf2-45fe-b4d6-962592d4cfc3",
        "geometry_source": "KCMO parcels",
        "has_parcel_polygon": true,
        "match_method": "parcel_id",
        "match_status": "matched",
        "parcel_address": "101 W Linwood Blvd",
        "parcel_id": "127746",
        "record_id": "case:584537d8-ddf2-45fe-b4d6-962592d4cfc3",
        "record_type": "Pre-Demolition Inspection - Commercial",
        "status": "Issued",
        "year": "2023"
      },
      "type": "Feature"
    },
    {
      "geometry": {
        "coordinates": [
          [
            [
              -94.58853085118653,
              39.06486537261009
            ],
            [
              -94.58806190556476,
              39.06484760603982
            ],
            [
              -94.58805403381979,
              39.064983958828506
            ],
            [
              -94.58852318525847,
              39.06500188601126
            ],
            [
              -94.58853085118653,
              39.06486537261009
            ]
          ]
        ],
        "type": "Polygon"
      },
      "properties": {
        "address": "3418 wyandotte Kansas City MO 64111",
        "case_number": "CPDR-2023-00245",
        "category": "Complete Building or Structure Demolition - Residential",
        "date": "2023-12-11T14:14:29.087",
        "detail_url": "https://compasskc.kcmo.org/EnerGov_Prod/SelfService#/permit/4dcc8ba3-d35a-4a38-8a63-2da2b4592b0d",
        "external_id": "4dcc8ba3-d35a-4a38-8a63-2da2b4592b0d",
        "geometry_source": "KCMO parcels",
        "has_parcel_polygon": true,
        "match_method": "address_geocode_point_in_polygon",
        "match_status": "matched",
        "parcel_address": "3418 Wyandotte St",
        "parcel_id": "127846",
        "record_id": "case:4dcc8ba3-d35a-4a38-8a63-2da2b4592b0d",
        "record_type": "Complete Building or Structure Demolition - Residential",
        "status": "Voided-City",
        "year": "2023"
      },
      "type": "Feature"
    },
    {
      "geometry": {
        "coordinates": [
          [
            [
              -94.58288848105396,
              39.0716443916735
            ],
            [
              -94.58248994139221,
              39.07162975541066
            ],
            [
              -94.58248214737225,
              39.071767068035285
            ],
            [
              -94.58288048168264,
              39.071781773684485
            ],
            [
              -94.58288848105396,
              39.0716443916735
            ]
          ]
        ],
        "type": "Polygon"
      },
      "properties": {
        "address": "3025 Grand Ave Kansas City MO 64108",
        "case_number": "CPDR-2023-00244",
        "category": "Complete Building or Structure Demolition - Residential",
        "date": "2023-12-12T13:44:49.667",
        "detail_url": "https://compasskc.kcmo.org/EnerGov_Prod/SelfService#/permit/42ec522c-c481-455c-ab0d-8c5c9aa2f5cf",
        "external_id": "42ec522c-c481-455c-ab0d-8c5c9aa2f5cf",
        "geometry_source": "KCMO parcels",
        "has_parcel_polygon": true,
        "match_method": "parcel_id",
        "match_status": "matched",
        "parcel_address": "3025 Grand Ave",
        "parcel_id": "127313",
        "record_id": "case:42ec522c-c481-455c-ab0d-8c5c9aa2f5cf",
        "record_type": "Complete Building or Structure Demolition - Residential",
        "status": "Closed",
        "year": "2023"
      },
      "type": "Feature"
    },
    {
      "geometry": {
        "coordinates": [
          [
            [
              -94.55711257042388,
              38.99153435377262
            ],
            [
              -94.55664598965721,
              38.99151192890419
            ],
            [
              -94.5566399517306,
              38.99162560523084
            ],
            [
              -94.55710635809373,
              38.99164807597035
            ],
            [
              -94.55711257042388,
              38.99153435377262
            ]
          ]
        ],
        "type": "Polygon"
      },
      "properties": {
        "address": "7419 Prospect Ave Kansas City MO 64132",
        "case_number": "CPDR-2023-00242",
        "category": "Complete Building or Structure Demolition - Residential",
        "date": "2023-12-12T14:53:06.727",
        "detail_url": "https://compasskc.kcmo.org/EnerGov_Prod/SelfService#/permit/9f71fbad-8324-450e-b008-a172bb139a4f",
        "external_id": "9f71fbad-8324-450e-b008-a172bb139a4f",
        "geometry_source": "KCMO parcels",
        "has_parcel_polygon": true,
        "match_method": "parcel_id",
        "match_status": "matched",
        "parcel_address": "7419 Prospect Ave",
        "parcel_id": "3715",
        "record_id": "case:9f71fbad-8324-450e-b008-a172bb139a4f",
        "record_type": "Complete Building or Structure Demolition - Residential",
        "status": "Closed",
        "year": "2023"
      },
      "type": "Feature"
    },
    {
      "geometry": {
        "coordinates": [
          [
            [
              -94.55714493299116,
              38.99094315844243
            ],
            [
              -94.55706012415635,
              38.990884258178085
            ],
            [
              -94.55668004285104,
              38.99086671055237
            ],
            [
              -94.55666502383735,
              38.99115144993815
            ],
            [
              -94.5571323059838,
              38.991173966485576
            ],
            [
              -94.55714493299116,
              38.99094315844243
            ]
          ]
        ],
        "type": "Polygon"
      },
      "properties": {
        "address": "7445 Prospect Ave Kansas City MO 64132",
        "case_number": "CPDC-2023-00235",
        "category": "Complete Building Demolition - Commercial",
        "date": "2023-12-13T14:14:04.863",
        "detail_url": "https://compasskc.kcmo.org/EnerGov_Prod/SelfService#/permit/6099f722-4056-4c78-b3f3-736aaf031990",
        "external_id": "6099f722-4056-4c78-b3f3-736aaf031990",
        "geometry_source": "KCMO parcels",
        "has_parcel_polygon": true,
        "match_method": "parcel_id",
        "match_status": "matched",
        "parcel_address": "7445 Prospect Ave",
        "parcel_id": "3712",
        "record_id": "case:6099f722-4056-4c78-b3f3-736aaf031990",
        "record_type": "Complete Building Demolition - Commercial",
        "status": "Closed",
        "year": "2023"
      },
      "type": "Feature"
    },
    {
      "geometry": {
        "coordinates": [
          [
            [
              -94.55712482241837,
              38.99131102748343
            ],
            [
              -94.55665777394807,
              38.991288534818494
            ],
            [
              -94.55664598965721,
              38.99151192890419
            ],
            [
              -94.55711257042388,
              38.99153435377262
            ],
            [
              -94.55712482241837,
              38.99131102748343
            ]
          ]
        ],
        "type": "Polygon"
      },
      "properties": {
        "address": "7423 Prospect Ave Kansas City MO 64132",
        "case_number": "CPDC-2023-00233",
        "category": "Complete Building Demolition - Commercial",
        "date": "2023-12-13T14:14:07.707",
        "detail_url": "https://compasskc.kcmo.org/EnerGov_Prod/SelfService#/permit/34424b45-c974-4744-b60e-be3633f95a70",
        "external_id": "34424b45-c974-4744-b60e-be3633f95a70",
        "geometry_source": "KCMO parcels",
        "has_parcel_polygon": true,
        "match_method": "parcel_id",
        "match_status": "matched",
        "parcel_address": "7427 Prospect Ave",
        "parcel_id": "3714",
        "record_id": "case:34424b45-c974-4744-b60e-be3633f95a70",
        "record_type": "Complete Building Demolition - Commercial",
        "status": "Closed",
        "year": "2023"
      },
      "type": "Feature"
    },
    {
      "geometry": {
        "coordinates": [
          [
            [
              -94.5571323059838,
              38.991173966485576
            ],
            [
              -94.55666502383735,
              38.99115144993815
            ],
            [
              -94.55665777394807,
              38.991288534818494
            ],
            [
              -94.55712482241837,
              38.99131102748343
            ],
            [
              -94.5571323059838,
              38.991173966485576
            ]
          ]
        ],
        "type": "Polygon"
      },
      "properties": {
        "address": "7433 Prospect Ave Kansas City MO 64132",
        "case_number": "CPDC-2023-00234",
        "category": "Complete Building Demolition - Commercial",
        "date": "2023-12-13T14:14:11.857",
        "detail_url": "https://compasskc.kcmo.org/EnerGov_Prod/SelfService#/permit/d283a4b4-dc2d-44ea-8e5c-c2f39e0b63b9",
        "external_id": "d283a4b4-dc2d-44ea-8e5c-c2f39e0b63b9",
        "geometry_source": "KCMO parcels",
        "has_parcel_polygon": true,
        "match_method": "parcel_id",
        "match_status": "matched",
        "parcel_address": "7435 Prospect Ave",
        "parcel_id": "3713",
        "record_id": "case:d283a4b4-dc2d-44ea-8e5c-c2f39e0b63b9",
        "record_type": "Complete Building Demolition - Commercial",
        "status": "Closed",
        "year": "2023"
      },
      "type": "Feature"
    },
    {
      "geometry": {
        "coordinates": [
          [
            [
              -94.5333212880893,
              38.9893973580187
            ],
            [
              -94.53386379309421,
              38.98944061191728
            ],
            [
              -94.53405274305373,
              38.98978977498934
            ],
            [
              -94.53411206971504,
              38.98841361846229
            ],
            [
              -94.53336309075236,
              38.98838717849086
            ],
            [
              -94.5333212880893,
              38.9893973580187
            ]
          ]
        ],
        "type": "Polygon"
      },
      "properties": {
        "address": "4530 E 75th Ter Kansas City MO 64132",
        "case_number": "CPDC-2023-00238",
        "category": "Partial Building Demolition - Commercial",
        "date": "2023-12-14T12:29:26.7",
        "detail_url": "https://compasskc.kcmo.org/EnerGov_Prod/SelfService#/permit/a52157b3-73c1-4dc6-ad53-bd91afc94363",
        "external_id": "a52157b3-73c1-4dc6-ad53-bd91afc94363",
        "geometry_source": "KCMO parcels",
        "has_parcel_polygon": true,
        "match_method": "parcel_id",
        "match_status": "matched",
        "parcel_address": "4530 E 75th Ter",
        "parcel_id": "283363",
        "record_id": "case:a52157b3-73c1-4dc6-ad53-bd91afc94363",
        "record_type": "Partial Building Demolition - Commercial",
        "status": "Voided-City",
        "year": "2023"
      },
      "type": "Feature"
    },
    {
      "geometry": {
        "coordinates": [
          [
            [
              -94.59404533221361,
              39.04797340325468
            ],
            [
              -94.59384549633067,
              39.04796594544792
            ],
            [
              -94.59382779552584,
              39.048292767465455
            ],
            [
              -94.59402763098142,
              39.04830031625361
            ],
            [
              -94.59404533221361,
              39.04797340325468
            ]
          ]
        ],
        "type": "Polygon"
      },
      "properties": {
        "address": "614 W 44th St Kansas City MO 64111",
        "case_number": "CPDR-2023-00247",
        "category": "Complete Building or Structure Demolition - Residential",
        "date": "2023-12-20T12:11:07.683",
        "detail_url": "https://compasskc.kcmo.org/EnerGov_Prod/SelfService#/permit/fe13c4bf-ef0e-463a-b0a6-e20ad913d00f",
        "external_id": "fe13c4bf-ef0e-463a-b0a6-e20ad913d00f",
        "geometry_source": "KCMO parcels",
        "has_parcel_polygon": true,
        "match_method": "parcel_id",
        "match_status": "matched",
        "parcel_address": "614 W 44th St",
        "parcel_id": "140528",
        "record_id": "case:fe13c4bf-ef0e-463a-b0a6-e20ad913d00f",
        "record_type": "Complete Building or Structure Demolition - Residential",
        "status": "Closed",
        "year": "2023"
      },
      "type": "Feature"
    },
    {
      "geometry": {
        "coordinates": [
          [
            [
              -94.59698699354159,
              39.04808386513626
            ],
            [
              -94.59673216623207,
              39.04807433006693
            ],
            [
              -94.59672793513738,
              39.04815620140536
            ],
            [
              -94.59698276224071,
              39.048165370961584
            ],
            [
              -94.59698699354159,
              39.04808386513626
            ]
          ]
        ],
        "type": "Polygon"
      },
      "properties": {
        "address": "4345 Madison Ave Kansas City MO 64111",
        "case_number": "CPDC-2023-00239",
        "category": "Complete Building Demolition - Commercial",
        "date": "2023-12-20T12:11:09.173",
        "detail_url": "https://compasskc.kcmo.org/EnerGov_Prod/SelfService#/permit/c143ffa1-4704-484b-abed-80987daf7643",
        "external_id": "c143ffa1-4704-484b-abed-80987daf7643",
        "geometry_source": "KCMO parcels",
        "has_parcel_polygon": true,
        "match_method": "parcel_id",
        "match_status": "matched",
        "parcel_address": "4345 Madison Ave",
        "parcel_id": "140565",
        "record_id": "case:c143ffa1-4704-484b-abed-80987daf7643",
        "record_type": "Complete Building Demolition - Commercial",
        "status": "Closed",
        "year": "2023"
      },
      "type": "Feature"
    },
    {
      "geometry": {
        "coordinates": [
          [
            [
              -94.58545914637426,
              38.97936774546185
            ],
            [
              -94.58335033792686,
              38.97928829545236
            ],
            [
              -94.5833313968346,
              38.97968513699029
            ],
            [
              -94.5833351788594,
              38.97978553625662
            ],
            [
              -94.58335088200253,
              38.979877392905685
            ],
            [
              -94.58345603610816,
              38.98022865797469
            ],
            [
              -94.58346393101831,
              38.980310772811286
            ],
            [
              -94.5834491048332,
              38.98039244684532
            ],
            [
              -94.58341228795611,
              38.98046976515172
            ],
            [
              -94.58335517565169,
              38.9805391358731
            ],
            [
              -94.58328608542448,
              38.98059378022105
            ],
            [
              -94.58325209692194,
              38.9810082045526
            ],
            [
              -94.58478406948818,
              38.98107050580908
            ],
            [
              -94.58478788758893,
              38.981003345695804
            ],
            [
              -94.5853709648911,
              38.981025710788494
            ],
            [
              -94.58545914637426,
              38.97936774546185
            ]
          ]
        ],
        "type": "Polygon"
      },
      "properties": {
        "address": "8111 Oak St Kansas City MO 64131",
        "case_number": "CPDC-2023-00240",
        "category": "Complete Building Demolition - Commercial",
        "date": "2023-12-21T10:04:05.57",
        "detail_url": "https://compasskc.kcmo.org/EnerGov_Prod/SelfService#/permit/717f7fc4-eaf7-42cf-82af-3e1cbd8552de",
        "external_id": "717f7fc4-eaf7-42cf-82af-3e1cbd8552de",
        "geometry_source": "KCMO parcels",
        "has_parcel_polygon": true,
        "match_method": "parcel_id",
        "match_status": "matched",
        "parcel_address": "8111 Oak St",
        "parcel_id": "119535",
        "record_id": "case:717f7fc4-eaf7-42cf-82af-3e1cbd8552de",
        "record_type": "Complete Building Demolition - Commercial",
        "status": "Closed",
        "year": "2023"
      },
      "type": "Feature"
    },
    {
      "geometry": {
        "coordinates": [
          [
            [
              -94.47170947665424,
              39.05585769909701
            ],
            [
              -94.47118237017746,
              39.055833637228645
            ],
            [
              -94.47116514273885,
              39.056054936142324
            ],
            [
              -94.47169197138622,
              39.05607886130722
            ],
            [
              -94.47170947665424,
              39.05585769909701
            ]
          ]
        ],
        "type": "Polygon"
      },
      "properties": {
        "address": "3627 Ditzler Ave Kansas City MO 64133",
        "case_number": "CPDR-2023-00248",
        "category": "Complete Building or Structure Demolition - Residential",
        "date": "2023-12-21T16:24:44.707",
        "detail_url": "https://compasskc.kcmo.org/EnerGov_Prod/SelfService#/permit/743935b3-64cd-4b34-9be3-4e4212327573",
        "external_id": "743935b3-64cd-4b34-9be3-4e4212327573",
        "geometry_source": "KCMO parcels",
        "has_parcel_polygon": true,
        "match_method": "parcel_id",
        "match_status": "matched",
        "parcel_address": "3627 Ditzler Ave",
        "parcel_id": "48207",
        "record_id": "case:743935b3-64cd-4b34-9be3-4e4212327573",
        "record_type": "Complete Building or Structure Demolition - Residential",
        "status": "Closed",
        "year": "2023"
      },
      "type": "Feature"
    },
    {
      "geometry": {
        "coordinates": [
          [
            [
              -94.50355540635842,
              39.09743244463088
            ],
            [
              -94.50320257511375,
              39.09742282264968
            ],
            [
              -94.50319441998049,
              39.09759783737696
            ],
            [
              -94.50354842663239,
              39.09760739070467
            ],
            [
              -94.50355540635842,
              39.09743244463088
            ]
          ]
        ],
        "type": "Polygon"
      },
      "properties": {
        "address": "6714 E 12th St Kansas City MO 64126",
        "case_number": "CPDC-2023-00242",
        "category": "Complete Building Demolition - Commercial",
        "date": "2023-12-22T13:07:19.84",
        "detail_url": "https://compasskc.kcmo.org/EnerGov_Prod/SelfService#/permit/897e4e37-ddb3-45d2-9fe2-7acca63d61ab",
        "external_id": "897e4e37-ddb3-45d2-9fe2-7acca63d61ab",
        "geometry_source": "KCMO parcels",
        "has_parcel_polygon": true,
        "match_method": "parcel_id",
        "match_status": "matched",
        "parcel_address": "6716 E 12th St",
        "parcel_id": "5254",
        "record_id": "case:897e4e37-ddb3-45d2-9fe2-7acca63d61ab",
        "record_type": "Complete Building Demolition - Commercial",
        "status": "Issued",
        "year": "2023"
      },
      "type": "Feature"
    },
    {
      "geometry": {
        "coordinates": [
          [
            [
              -94.52952315179687,
              39.05763876125769
            ],
            [
              -94.52941318907874,
              39.057568544800155
            ],
            [
              -94.52914761600073,
              39.057820667025624
            ],
            [
              -94.52925922267738,
              39.05789184431415
            ],
            [
              -94.52952315179687,
              39.05763876125769
            ]
          ]
        ],
        "type": "Polygon"
      },
      "properties": {
        "address": "4801 E 37th St Kansas City MO 64128",
        "case_number": "CPDR-2023-00252",
        "category": "Complete Building or Structure Demolition - Residential",
        "date": "2023-12-27T16:53:35",
        "detail_url": "https://compasskc.kcmo.org/EnerGov_Prod/SelfService#/permit/a71f6cd9-c04a-4e43-b225-556a3459ae64",
        "external_id": "a71f6cd9-c04a-4e43-b225-556a3459ae64",
        "geometry_source": "KCMO parcels",
        "has_parcel_polygon": true,
        "match_method": "parcel_id",
        "match_status": "matched",
        "parcel_address": "4801 E 37th St",
        "parcel_id": "31281",
        "record_id": "case:a71f6cd9-c04a-4e43-b225-556a3459ae64",
        "record_type": "Complete Building or Structure Demolition - Residential",
        "status": "Closed",
        "year": "2023"
      },
      "type": "Feature"
    },
    {
      "geometry": {
        "coordinates": [
          [
            [
              -94.54847213627637,
              39.03213073613162
            ],
            [
              -94.54798663717723,
              39.03211487557174
            ],
            [
              -94.54797949745137,
              39.032227703946674
            ],
            [
              -94.54846528925022,
              39.032243611320155
            ],
            [
              -94.54847213627637,
              39.03213073613162
            ]
          ]
        ],
        "type": "Polygon"
      },
      "properties": {
        "address": "5142 Walrond Ave Kansas City MO 64130",
        "case_number": "CPDR-2023-00249",
        "category": "Complete Building or Structure Demolition - Residential",
        "date": "2023-12-27T16:53:36.477",
        "detail_url": "https://compasskc.kcmo.org/EnerGov_Prod/SelfService#/permit/8973b102-1e04-4882-9304-ef04bedf0cc7",
        "external_id": "8973b102-1e04-4882-9304-ef04bedf0cc7",
        "geometry_source": "KCMO parcels",
        "has_parcel_polygon": true,
        "match_method": "parcel_id",
        "match_status": "matched",
        "parcel_address": "5142 Walrond Ave",
        "parcel_id": "36018",
        "record_id": "case:8973b102-1e04-4882-9304-ef04bedf0cc7",
        "record_type": "Complete Building or Structure Demolition - Residential",
        "status": "Closed",
        "year": "2023"
      },
      "type": "Feature"
    },
    {
      "geometry": {
        "coordinates": [
          [
            [
              -94.56531472994236,
              38.98001658141773
            ],
            [
              -94.56482412653202,
              38.979995392448544
            ],
            [
              -94.56482038916351,
              38.980076073505
            ],
            [
              -94.56531058272189,
              38.980097263290844
            ],
            [
              -94.56531472994236,
              38.98001658141773
            ]
          ]
        ],
        "type": "Polygon"
      },
      "properties": {
        "address": "8046 Euclid Ave Kansas City MO 64132",
        "case_number": "CPDR-2023-00251",
        "category": "Complete Building or Structure Demolition - Residential",
        "date": "2023-12-27T16:53:37.93",
        "detail_url": "https://compasskc.kcmo.org/EnerGov_Prod/SelfService#/permit/95ec2443-d9d6-4708-9457-e0e543c39e21",
        "external_id": "95ec2443-d9d6-4708-9457-e0e543c39e21",
        "geometry_source": "KCMO parcels",
        "has_parcel_polygon": true,
        "match_method": "parcel_id",
        "match_status": "matched",
        "parcel_address": "8046 Euclid Ave",
        "parcel_id": "117411",
        "record_id": "case:95ec2443-d9d6-4708-9457-e0e543c39e21",
        "record_type": "Complete Building or Structure Demolition - Residential",
        "status": "Closed",
        "year": "2023"
      },
      "type": "Feature"
    },
    {
      "geometry": {
        "coordinates": [
          [
            [
              -94.55436796936942,
              39.06051354554919
            ],
            [
              -94.55391579191617,
              39.06049902077058
            ],
            [
              -94.55391049403497,
              39.060594778993085
            ],
            [
              -94.55436278952614,
              39.06060935007055
            ],
            [
              -94.55436796936942,
              39.06051354554919
            ]
          ]
        ],
        "type": "Polygon"
      },
      "properties": {
        "address": "3609 Wabash Ave Kansas City MO 64128",
        "case_number": "CPDR-2023-00250",
        "category": "Complete Building or Structure Demolition - Residential",
        "date": "2023-12-27T16:53:39.417",
        "detail_url": "https://compasskc.kcmo.org/EnerGov_Prod/SelfService#/permit/6c225bfc-d8b5-41f4-9d91-89b6c8047309",
        "external_id": "6c225bfc-d8b5-41f4-9d91-89b6c8047309",
        "geometry_source": "KCMO parcels",
        "has_parcel_polygon": true,
        "match_method": "parcel_id",
        "match_status": "matched",
        "parcel_address": "3609 Wabash Ave",
        "parcel_id": "220775",
        "record_id": "case:6c225bfc-d8b5-41f4-9d91-89b6c8047309",
        "record_type": "Complete Building or Structure Demolition - Residential",
        "status": "Closed",
        "year": "2023"
      },
      "type": "Feature"
    },
    {
      "geometry": {
        "coordinates": [
          [
            [
              -94.58329900666384,
              39.095308427512556
            ],
            [
              -94.58289842643639,
              39.095294870177945
            ],
            [
              -94.5828780995413,
              39.095713806916535
            ],
            [
              -94.58327885833774,
              39.09572738650027
            ],
            [
              -94.58329900666384,
              39.095308427512556
            ]
          ]
        ],
        "type": "Polygon"
      },
      "properties": {
        "address": "1501 Main St Kansas City MO 64108",
        "case_number": "CPDC-2023-00241",
        "category": "Pre-Demolition Inspection - Commercial",
        "date": "2023-12-28T08:25:10.763",
        "detail_url": "https://compasskc.kcmo.org/EnerGov_Prod/SelfService#/permit/4ae0a09f-9883-4640-9176-52ef9ea428d8",
        "external_id": "4ae0a09f-9883-4640-9176-52ef9ea428d8",
        "geometry_source": "KCMO parcels",
        "has_parcel_polygon": true,
        "match_method": "parcel_id",
        "match_status": "matched",
        "parcel_address": "1501 Main St",
        "parcel_id": "122654",
        "record_id": "case:4ae0a09f-9883-4640-9176-52ef9ea428d8",
        "record_type": "Pre-Demolition Inspection - Commercial",
        "status": "Issued",
        "year": "2023"
      },
      "type": "Feature"
    },
    {
      "geometry": {
        "coordinates": [
          [
            [
              -94.55194755541132,
              39.16190566348699
            ],
            [
              -94.5519680985025,
              39.16190576873054
            ],
            [
              -94.55196443703102,
              39.1621611853751
            ],
            [
              -94.55229149368783,
              39.16216300737674
            ],
            [
              -94.5522980582795,
              39.16170093377817
            ],
            [
              -94.55195054853115,
              39.161698503141245
            ],
            [
              -94.55194755541132,
              39.16190566348699
            ]
          ]
        ],
        "type": "Polygon"
      },
      "properties": {
        "address": "2325 NE 37th Ter Kansas City MO 64116",
        "case_number": "CPDR-2023-00253",
        "category": "Complete Building or Structure Demolition - Residential",
        "date": "2023-12-29T00:00:00",
        "detail_url": "https://compasskc.kcmo.org/EnerGov_Prod/SelfService#/permit/8588a91f-d657-4054-a40f-3cf52cb23aa0",
        "external_id": "8588a91f-d657-4054-a40f-3cf52cb23aa0",
        "geometry_source": "KCMO parcels",
        "has_parcel_polygon": true,
        "match_method": "parcel_id",
        "match_status": "matched",
        "parcel_address": "3721 N Olive St",
        "parcel_id": "293295",
        "record_id": "case:8588a91f-d657-4054-a40f-3cf52cb23aa0",
        "record_type": "Complete Building or Structure Demolition - Residential",
        "status": "Closed",
        "year": "2023"
      },
      "type": "Feature"
    }
  ],
  "metadata": {
    "available_years": [
      "2021",
      "2022",
      "2023",
      "2024",
      "2025",
      "2026"
    ],
    "building_footprints_attribution": "",
    "building_footprints_license": "",
    "building_footprints_license_url": "",
    "building_footprints_note": "",
    "building_footprints_returned": 0,
    "building_footprints_source": "",
    "dataset": "compasskc-demolition-parcels",
    "error_records": 0,
    "etag": "78c52fd40007c4b7",
    "features_returned": 351,
    "generated_at": "2026-05-15T21:51:05Z",
    "parcel_polygon_features": 350,
    "point_fallback_features": 1,
    "project": "kc-demolitions",
    "records_total": 1829,
    "source": "CompassKC + KCMO parcels",
    "unmatched_records": 1,
    "year": "2023"
  },
  "type": "FeatureCollection"
}
