{
  "features": [
    {
      "geometry": {
        "coordinates": [
          -122.467149,
          47.21494329999999
        ],
        "type": "Point"
      },
      "properties": {
        "address": "4502 S Steele ST STE 1510 Tacoma WA 98409 United States",
        "business_name": "WOOBLING KOREAN BBQ",
        "city": "Tacoma",
        "current_grade": "Okay",
        "current_last_inspection_date": "05/18/2026",
        "current_score": "85",
        "date": "2026-05-18",
        "facility_detail_url": "https://aca-prod.accela.com/TPCHD/GeneralProperty/FoodFacilityInspectionDetail.aspx?LicenseeNumber=PR0040811&LicenseeType=Food+Facility",
        "facility_id": "PR0040811",
        "geocode_status": "row",
        "inspection_date": "05/18/2026",
        "inspection_date_iso": "2026-05-18",
        "inspection_identity": "PR0040811|697374",
        "inspection_result": "A Reinspection is Required",
        "inspection_type": "Routine Inspection",
        "inspection_year": "2026",
        "record_id": "tpchd-36be3f00a3b3",
        "red_point_severity": "red_points_76_100",
        "red_point_severity_label": "76-100 red points",
        "red_points": 85,
        "repeat_red_points": 0,
        "report_fetch_status": "ok",
        "report_url": "https://aca-prod.accela.com/TPCHD/GET_INSP_DOCHandler.ashx?AltId=PR0040811&InspId=697374",
        "source": "TPCHD Accela",
        "total_points": 85,
        "zip": "98409"
      },
      "type": "Feature"
    },
    {
      "geometry": {
        "coordinates": [
          -122.29394,
          47.188679
        ],
        "type": "Point"
      },
      "properties": {
        "address": "328 S Meridian Puyallup WA 98371 United States",
        "business_name": "GIORGIO'S GREEK CAFE",
        "city": "Puyallup",
        "current_grade": "Great",
        "current_last_inspection_date": "05/14/2026",
        "current_score": "60",
        "date": "2026-05-14",
        "facility_detail_url": "https://aca-prod.accela.com/TPCHD/GeneralProperty/FoodFacilityInspectionDetail.aspx?LicenseeNumber=PR0031472&LicenseeType=Food+Facility",
        "facility_id": "PR0031472",
        "geocode_status": "row",
        "inspection_date": "05/14/2026",
        "inspection_date_iso": "2026-05-14",
        "inspection_identity": "PR0031472|696294",
        "inspection_result": "A Reinspection is Required",
        "inspection_type": "Routine Inspection",
        "inspection_year": "2026",
        "record_id": "tpchd-e401f6cac369",
        "red_point_severity": "red_points_51_75",
        "red_point_severity_label": "51-75 red points",
        "red_points": 60,
        "repeat_red_points": 25,
        "report_fetch_status": "ok",
        "report_url": "https://aca-prod.accela.com/TPCHD/GET_INSP_DOCHandler.ashx?AltId=PR0031472&InspId=696294",
        "source": "TPCHD Accela",
        "total_points": 60,
        "zip": "98371"
      },
      "type": "Feature"
    },
    {
      "geometry": {
        "coordinates": [
          -122.5787864,
          47.3030301
        ],
        "type": "Point"
      },
      "properties": {
        "address": "4901 Point Fosdick DR N STE B600 Gig Harbor WA 98335 United States",
        "business_name": "MILKVUE DONUTS AND COFFEE",
        "city": "Gig Harbor",
        "current_grade": "Great",
        "current_last_inspection_date": "05/14/2026",
        "current_score": "45",
        "date": "2026-05-14",
        "facility_detail_url": "https://aca-prod.accela.com/TPCHD/GeneralProperty/FoodFacilityInspectionDetail.aspx?LicenseeNumber=PR0038671&LicenseeType=Food+Facility",
        "facility_id": "PR0038671",
        "geocode_status": "row",
        "inspection_date": "05/14/2026",
        "inspection_date_iso": "2026-05-14",
        "inspection_identity": "PR0038671|669414",
        "inspection_result": "A Reinspection is Required & Compliance Order Issued",
        "inspection_type": "Routine Inspection",
        "inspection_year": "2026",
        "record_id": "tpchd-2bfe10a08c50",
        "red_point_severity": "red_points_36_50",
        "red_point_severity_label": "36-50 red points",
        "red_points": 45,
        "repeat_red_points": 0,
        "report_fetch_status": "ok",
        "report_url": "https://aca-prod.accela.com/TPCHD/GET_INSP_DOCHandler.ashx?AltId=PR0038671&InspId=669414",
        "source": "TPCHD Accela",
        "total_points": 47,
        "zip": "98335"
      },
      "type": "Feature"
    },
    {
      "geometry": {
        "coordinates": [
          -122.4403333,
          47.2504061
        ],
        "type": "Point"
      },
      "properties": {
        "address": "1320 Broadway Plaza Tacoma WA 98402 United States",
        "business_name": "HOTEL MURANO",
        "city": "Tacoma",
        "current_grade": "Okay",
        "current_last_inspection_date": "05/13/2026",
        "current_score": "65",
        "date": "2026-05-13",
        "facility_detail_url": "https://aca-prod.accela.com/TPCHD/GeneralProperty/FoodFacilityInspectionDetail.aspx?LicenseeNumber=PR0000307&LicenseeType=Food+Facility",
        "facility_id": "PR0000307",
        "geocode_status": "row",
        "inspection_date": "05/13/2026",
        "inspection_date_iso": "2026-05-13",
        "inspection_identity": "PR0000307|495962",
        "inspection_result": "A Reinspection is Required",
        "inspection_type": "Routine Inspection",
        "inspection_year": "2026",
        "record_id": "tpchd-c3e420fb1aed",
        "red_point_severity": "red_points_51_75",
        "red_point_severity_label": "51-75 red points",
        "red_points": 65,
        "repeat_red_points": 35,
        "report_fetch_status": "ok",
        "report_url": "https://aca-prod.accela.com/TPCHD/GET_INSP_DOCHandler.ashx?AltId=PR0000307&InspId=495962",
        "source": "TPCHD Accela",
        "total_points": 65,
        "zip": "98402"
      },
      "type": "Feature"
    },
    {
      "geometry": {
        "coordinates": [
          -122.0548102,
          47.1573433
        ],
        "type": "Point"
      },
      "properties": {
        "address": "28120 State Route 410 E STE A4 Buckley WA 98321 United States",
        "business_name": "ISLAND VYBZ FOOD TRUCK - TPCHD #0292",
        "city": "Buckley",
        "current_grade": "Okay",
        "current_last_inspection_date": "05/12/2026",
        "current_score": "40",
        "date": "2026-05-12",
        "facility_detail_url": "https://aca-prod.accela.com/TPCHD/GeneralProperty/FoodFacilityInspectionDetail.aspx?LicenseeNumber=PR0039962&LicenseeType=Food+Facility",
        "facility_id": "PR0039962",
        "geocode_status": "row",
        "inspection_date": "05/12/2026",
        "inspection_date_iso": "2026-05-12",
        "inspection_identity": "PR0039962|682014",
        "inspection_result": "A Reinspection is Required & Compliance Order Issued",
        "inspection_type": "Routine Inspection",
        "inspection_year": "2026",
        "record_id": "tpchd-8ec83821a798",
        "red_point_severity": "red_points_36_50",
        "red_point_severity_label": "36-50 red points",
        "red_points": 40,
        "repeat_red_points": 35,
        "report_fetch_status": "ok",
        "report_url": "https://aca-prod.accela.com/TPCHD/GET_INSP_DOCHandler.ashx?AltId=PR0039962&InspId=682014",
        "source": "TPCHD Accela",
        "total_points": 40,
        "zip": "98321"
      },
      "type": "Feature"
    },
    {
      "geometry": {
        "coordinates": [
          -122.2934034,
          47.14409389999999
        ],
        "type": "Point"
      },
      "properties": {
        "address": "12314 Meridian AVE E Ste 4 & 5 Puyallup WA 98373",
        "business_name": "PHOTASTIC HAPPY LEMON - FE",
        "city": "Puyallup",
        "current_grade": "",
        "current_last_inspection_date": "05/22/2026",
        "current_score": "0",
        "date": "2026-05-08",
        "facility_detail_url": "https://aca-prod.accela.com/TPCHD/GeneralProperty/FoodFacilityInspectionDetail.aspx?LicenseeNumber=FEP2026-00174&LicenseeType=Food+Facility",
        "facility_id": "FEP2026-00174",
        "geocode_status": "row",
        "inspection_date": "05/08/2026",
        "inspection_date_iso": "2026-05-08",
        "inspection_identity": "FEP2026-00174|805024",
        "inspection_result": "A Reinspection is Required",
        "inspection_type": "Routine Inspection",
        "inspection_year": "2026",
        "record_id": "tpchd-a7503f2397ab",
        "red_point_severity": "red_points_36_50",
        "red_point_severity_label": "36-50 red points",
        "red_points": 45,
        "repeat_red_points": 0,
        "report_fetch_status": "ok",
        "report_url": "https://aca-prod.accela.com/TPCHD/GET_INSP_DOCHandler.ashx?AltId=FEP2026-00174&InspId=805024",
        "source": "TPCHD Accela",
        "total_points": 45,
        "zip": "98373"
      },
      "type": "Feature"
    },
    {
      "geometry": {
        "coordinates": [
          -122.2453106,
          47.2360833
        ],
        "type": "Point"
      },
      "properties": {
        "address": "13701 24th ST E #A1 Sumner WA 98390 United States",
        "business_name": "BRANKS BBQ & CATERING - SIP PROGRAM",
        "city": "Sumner",
        "current_grade": "",
        "current_last_inspection_date": "05/21/2026",
        "current_score": "0",
        "date": "2026-05-08",
        "facility_detail_url": "https://aca-prod.accela.com/TPCHD/GeneralProperty/FoodFacilityInspectionDetail.aspx?LicenseeNumber=PR0027433&LicenseeType=Food+Facility",
        "facility_id": "PR0027433",
        "geocode_status": "row",
        "inspection_date": "05/08/2026",
        "inspection_date_iso": "2026-05-08",
        "inspection_identity": "PR0027433|713294",
        "inspection_result": "A Reinspection is Required",
        "inspection_type": "Routine Inspection",
        "inspection_year": "2026",
        "record_id": "tpchd-a40ba7ee26c6",
        "red_point_severity": "red_points_36_50",
        "red_point_severity_label": "36-50 red points",
        "red_points": 45,
        "repeat_red_points": 0,
        "report_fetch_status": "ok",
        "report_url": "https://aca-prod.accela.com/TPCHD/GET_INSP_DOCHandler.ashx?AltId=PR0027433&InspId=713294",
        "source": "TPCHD Accela",
        "total_points": 45,
        "zip": "98390"
      },
      "type": "Feature"
    },
    {
      "geometry": {
        "coordinates": [
          -122.481023,
          47.255613
        ],
        "type": "Point"
      },
      "properties": {
        "address": "3401 6th AVE #F&G Tacoma WA 98406 United States",
        "business_name": "SILK THAI CAFE",
        "city": "Tacoma",
        "current_grade": "",
        "current_last_inspection_date": "05/21/2026",
        "current_score": "0",
        "date": "2026-05-07",
        "facility_detail_url": "https://aca-prod.accela.com/TPCHD/GeneralProperty/FoodFacilityInspectionDetail.aspx?LicenseeNumber=PR0022641&LicenseeType=Food+Facility",
        "facility_id": "PR0022641",
        "geocode_status": "row",
        "inspection_date": "05/07/2026",
        "inspection_date_iso": "2026-05-07",
        "inspection_identity": "PR0022641|223697",
        "inspection_result": "A Reinspection is Required & Compliance Order Issued",
        "inspection_type": "Routine Inspection",
        "inspection_year": "2026",
        "record_id": "tpchd-c4362dc4794c",
        "red_point_severity": "red_points_36_50",
        "red_point_severity_label": "36-50 red points",
        "red_points": 45,
        "repeat_red_points": 10,
        "report_fetch_status": "ok",
        "report_url": "https://aca-prod.accela.com/TPCHD/GET_INSP_DOCHandler.ashx?AltId=PR0022641&InspId=223697",
        "source": "TPCHD Accela",
        "total_points": 45,
        "zip": "98406"
      },
      "type": "Feature"
    },
    {
      "geometry": {
        "coordinates": [
          -122.4110072,
          47.1914375
        ],
        "type": "Point"
      },
      "properties": {
        "address": "1232 E 72ND ST Tacoma WA 98404 United States",
        "business_name": "JANITZIO MARKET - DELI",
        "city": "Tacoma",
        "current_grade": "",
        "current_last_inspection_date": "05/20/2026",
        "current_score": "0",
        "date": "2026-05-06",
        "facility_detail_url": "https://aca-prod.accela.com/TPCHD/GeneralProperty/FoodFacilityInspectionDetail.aspx?LicenseeNumber=PR0040512&LicenseeType=Food+Facility",
        "facility_id": "PR0040512",
        "geocode_status": "row",
        "inspection_date": "05/06/2026",
        "inspection_date_iso": "2026-05-06",
        "inspection_identity": "PR0040512|668139",
        "inspection_result": "A Reinspection is Required",
        "inspection_type": "Routine Inspection",
        "inspection_year": "2026",
        "record_id": "tpchd-1a36349cc952",
        "red_point_severity": "red_points_36_50",
        "red_point_severity_label": "36-50 red points",
        "red_points": 45,
        "repeat_red_points": 0,
        "report_fetch_status": "ok",
        "report_url": "https://aca-prod.accela.com/TPCHD/GET_INSP_DOCHandler.ashx?AltId=PR0040512&InspId=668139",
        "source": "TPCHD Accela",
        "total_points": 45,
        "zip": "98404"
      },
      "type": "Feature"
    },
    {
      "geometry": {
        "coordinates": [
          -122.0272996,
          47.1631633
        ],
        "type": "Point"
      },
      "properties": {
        "address": "790 MAIN ST Buckley WA 98321",
        "business_name": "BARREL DOGS",
        "city": "Buckley",
        "current_grade": "",
        "current_last_inspection_date": "05/15/2026",
        "current_score": "0",
        "date": "2026-05-01",
        "facility_detail_url": "https://aca-prod.accela.com/TPCHD/GeneralProperty/FoodFacilityInspectionDetail.aspx?LicenseeNumber=FEP2026-00104&LicenseeType=Food+Facility",
        "facility_id": "FEP2026-00104",
        "geocode_status": "row",
        "inspection_date": "05/01/2026",
        "inspection_date_iso": "2026-05-01",
        "inspection_identity": "FEP2026-00104|764460",
        "inspection_result": "A Reinspection is Required & Compliance Order Issued",
        "inspection_type": "Routine Inspection",
        "inspection_year": "2026",
        "record_id": "tpchd-e539317f6d49",
        "red_point_severity": "red_points_76_100",
        "red_point_severity_label": "76-100 red points",
        "red_points": 85,
        "repeat_red_points": 0,
        "report_fetch_status": "ok",
        "report_url": "https://aca-prod.accela.com/TPCHD/GET_INSP_DOCHandler.ashx?AltId=FEP2026-00104&InspId=764460",
        "source": "TPCHD Accela",
        "total_points": 85,
        "zip": "98321"
      },
      "type": "Feature"
    },
    {
      "geometry": {
        "coordinates": [
          -122.4492028,
          47.24328999999999
        ],
        "type": "Point"
      },
      "properties": {
        "address": "1901 Martin Luther King JR WAY STE B Tacoma WA 98405 United States",
        "business_name": "MIMI TERIYAKI & SUSHI BURRITO",
        "city": "Tacoma",
        "current_grade": "",
        "current_last_inspection_date": "05/14/2026",
        "current_score": "0",
        "date": "2026-04-15",
        "facility_detail_url": "https://aca-prod.accela.com/TPCHD/GeneralProperty/FoodFacilityInspectionDetail.aspx?LicenseeNumber=PR0039323&LicenseeType=Food+Facility",
        "facility_id": "PR0039323",
        "geocode_status": "row",
        "inspection_date": "04/15/2026",
        "inspection_date_iso": "2026-04-15",
        "inspection_identity": "PR0039323|480646",
        "inspection_result": "A Reinspection is Required",
        "inspection_type": "Routine Inspection",
        "inspection_year": "2026",
        "record_id": "tpchd-a4c54c6d96b6",
        "red_point_severity": "red_points_36_50",
        "red_point_severity_label": "36-50 red points",
        "red_points": 50,
        "repeat_red_points": 10,
        "report_fetch_status": "ok",
        "report_url": "https://aca-prod.accela.com/TPCHD/GET_INSP_DOCHandler.ashx?AltId=PR0039323&InspId=480646",
        "source": "TPCHD Accela",
        "total_points": 50,
        "zip": "98405"
      },
      "type": "Feature"
    },
    {
      "geometry": {
        "coordinates": [
          -122.4502844,
          47.24336530000001
        ],
        "type": "Point"
      },
      "properties": {
        "address": "1902 MLK JR WAY Tacoma WA 98405 United States",
        "business_name": "EZELLS FAMOUS CHICKEN",
        "city": "Tacoma",
        "current_grade": "",
        "current_last_inspection_date": "05/14/2026",
        "current_score": "0",
        "date": "2026-04-14",
        "facility_detail_url": "https://aca-prod.accela.com/TPCHD/GeneralProperty/FoodFacilityInspectionDetail.aspx?LicenseeNumber=PR0031849&LicenseeType=Food+Facility",
        "facility_id": "PR0031849",
        "geocode_status": "row",
        "inspection_date": "04/14/2026",
        "inspection_date_iso": "2026-04-14",
        "inspection_identity": "PR0031849|222075",
        "inspection_result": "A Reinspection is Required",
        "inspection_type": "Routine Inspection",
        "inspection_year": "2026",
        "record_id": "tpchd-53e8a35850ed",
        "red_point_severity": "red_points_76_100",
        "red_point_severity_label": "76-100 red points",
        "red_points": 85,
        "repeat_red_points": 50,
        "report_fetch_status": "ok",
        "report_url": "https://aca-prod.accela.com/TPCHD/GET_INSP_DOCHandler.ashx?AltId=PR0031849&InspId=222075",
        "source": "TPCHD Accela",
        "total_points": 85,
        "zip": "98405"
      },
      "type": "Feature"
    },
    {
      "geometry": {
        "coordinates": [
          -122.5021869,
          47.28932959999999
        ],
        "type": "Point"
      },
      "properties": {
        "address": "4818 N 45th St Tacoma WA 98407 United States",
        "business_name": "DELIGHTFUL NEIGHBORHOOD MARKET",
        "city": "Tacoma",
        "current_grade": "",
        "current_last_inspection_date": "04/17/2026",
        "current_score": "0",
        "date": "2026-04-03",
        "facility_detail_url": "https://aca-prod.accela.com/TPCHD/GeneralProperty/FoodFacilityInspectionDetail.aspx?LicenseeNumber=PR0038994&LicenseeType=Food+Facility",
        "facility_id": "PR0038994",
        "geocode_status": "row",
        "inspection_date": "04/03/2026",
        "inspection_date_iso": "2026-04-03",
        "inspection_identity": "PR0038994|660496",
        "inspection_result": "A Reinspection is Required & Compliance Order Issued",
        "inspection_type": "Routine Inspection",
        "inspection_year": "2026",
        "record_id": "tpchd-a822d17e67b7",
        "red_point_severity": "red_points_36_50",
        "red_point_severity_label": "36-50 red points",
        "red_points": 50,
        "repeat_red_points": 15,
        "report_fetch_status": "ok",
        "report_url": "https://aca-prod.accela.com/TPCHD/GET_INSP_DOCHandler.ashx?AltId=PR0038994&InspId=660496",
        "source": "TPCHD Accela",
        "total_points": 50,
        "zip": "98407"
      },
      "type": "Feature"
    },
    {
      "geometry": {
        "coordinates": [
          -122.5154746,
          47.2986288
        ],
        "type": "Point"
      },
      "properties": {
        "address": "5105 N Pearl ST Tacoma WA 98407 United States",
        "business_name": "WELCOME RESTAURANT",
        "city": "Tacoma",
        "current_grade": "",
        "current_last_inspection_date": "05/04/2026",
        "current_score": "0",
        "date": "2026-03-26",
        "facility_detail_url": "https://aca-prod.accela.com/TPCHD/GeneralProperty/FoodFacilityInspectionDetail.aspx?LicenseeNumber=PR0040778&LicenseeType=Food+Facility",
        "facility_id": "PR0040778",
        "geocode_status": "row",
        "inspection_date": "03/26/2026",
        "inspection_date_iso": "2026-03-26",
        "inspection_identity": "PR0040778|772262",
        "inspection_result": "A Reinspection is Required & Compliance Order Issued",
        "inspection_type": "Routine Inspection",
        "inspection_year": "2026",
        "record_id": "tpchd-212177bbc7f1",
        "red_point_severity": "red_points_36_50",
        "red_point_severity_label": "36-50 red points",
        "red_points": 50,
        "repeat_red_points": 0,
        "report_fetch_status": "ok",
        "report_url": "https://aca-prod.accela.com/TPCHD/GET_INSP_DOCHandler.ashx?AltId=PR0040778&InspId=772262",
        "source": "TPCHD Accela",
        "total_points": 55,
        "zip": "98407"
      },
      "type": "Feature"
    },
    {
      "geometry": {
        "coordinates": [
          -122.2997164,
          47.1582032
        ],
        "type": "Point"
      },
      "properties": {
        "address": "3601 9th ST SW Puyallup WA 98373 United States",
        "business_name": "HOMEWOOD SUITES",
        "city": "Puyallup",
        "current_grade": "",
        "current_last_inspection_date": "03/23/2026",
        "current_score": "0",
        "date": "2026-03-12",
        "facility_detail_url": "https://aca-prod.accela.com/TPCHD/GeneralProperty/FoodFacilityInspectionDetail.aspx?LicenseeNumber=PR0040433&LicenseeType=Food+Facility",
        "facility_id": "PR0040433",
        "geocode_status": "row",
        "inspection_date": "03/12/2026",
        "inspection_date_iso": "2026-03-12",
        "inspection_identity": "PR0040433|669094",
        "inspection_result": "A Reinspection is Required",
        "inspection_type": "Routine Inspection",
        "inspection_year": "2026",
        "record_id": "tpchd-ab93712fcdc5",
        "red_point_severity": "red_points_36_50",
        "red_point_severity_label": "36-50 red points",
        "red_points": 45,
        "repeat_red_points": 0,
        "report_fetch_status": "ok",
        "report_url": "https://aca-prod.accela.com/TPCHD/GET_INSP_DOCHandler.ashx?AltId=PR0040433&InspId=669094",
        "source": "TPCHD Accela",
        "total_points": 45,
        "zip": "98373"
      },
      "type": "Feature"
    },
    {
      "geometry": {
        "coordinates": [
          -122.4444624,
          47.22283669999999
        ],
        "type": "Point"
      },
      "properties": {
        "address": "820 S 38th ST Tacoma WA 98418 United States",
        "business_name": "BURRITOS CALIFORNIA",
        "city": "Tacoma",
        "current_grade": "",
        "current_last_inspection_date": "03/19/2026",
        "current_score": "0",
        "date": "2026-03-10",
        "facility_detail_url": "https://aca-prod.accela.com/TPCHD/GeneralProperty/FoodFacilityInspectionDetail.aspx?LicenseeNumber=PR0040496&LicenseeType=Food+Facility",
        "facility_id": "PR0040496",
        "geocode_status": "row",
        "inspection_date": "03/10/2026",
        "inspection_date_iso": "2026-03-10",
        "inspection_identity": "PR0040496|709696",
        "inspection_result": "A Reinspection is Required",
        "inspection_type": "Routine Inspection",
        "inspection_year": "2026",
        "record_id": "tpchd-21f3c44b962a",
        "red_point_severity": "red_points_36_50",
        "red_point_severity_label": "36-50 red points",
        "red_points": 50,
        "repeat_red_points": 0,
        "report_fetch_status": "ok",
        "report_url": "https://aca-prod.accela.com/TPCHD/GET_INSP_DOCHandler.ashx?AltId=PR0040496&InspId=709696",
        "source": "TPCHD Accela",
        "total_points": 50,
        "zip": "98418"
      },
      "type": "Feature"
    },
    {
      "geometry": {
        "coordinates": [
          -122.5874741,
          47.32077719999999
        ],
        "type": "Point"
      },
      "properties": {
        "address": "6820 Kimball Dr A-1 Gig Harbor WA 98335 United States",
        "business_name": "KINZA TERIYAKI",
        "city": "Gig Harbor",
        "current_grade": "",
        "current_last_inspection_date": "03/16/2026",
        "current_score": "0",
        "date": "2026-03-09",
        "facility_detail_url": "https://aca-prod.accela.com/TPCHD/GeneralProperty/FoodFacilityInspectionDetail.aspx?LicenseeNumber=PR0039437&LicenseeType=Food+Facility",
        "facility_id": "PR0039437",
        "geocode_status": "row",
        "inspection_date": "03/09/2026",
        "inspection_date_iso": "2026-03-09",
        "inspection_identity": "PR0039437|331615",
        "inspection_result": "A Reinspection is Required",
        "inspection_type": "Routine Inspection",
        "inspection_year": "2026",
        "record_id": "tpchd-76b288c175c0",
        "red_point_severity": "red_points_36_50",
        "red_point_severity_label": "36-50 red points",
        "red_points": 45,
        "repeat_red_points": 0,
        "report_fetch_status": "ok",
        "report_url": "https://aca-prod.accela.com/TPCHD/GET_INSP_DOCHandler.ashx?AltId=PR0039437&InspId=331615",
        "source": "TPCHD Accela",
        "total_points": 51,
        "zip": "98335"
      },
      "type": "Feature"
    },
    {
      "geometry": {
        "coordinates": [
          -122.4336044,
          47.1611096
        ],
        "type": "Point"
      },
      "properties": {
        "address": "10435 Pacific AVE S #A-2 Tacoma WA 98444 United States",
        "business_name": "KAMEI SUSHI RESTAURANT",
        "city": "Tacoma",
        "current_grade": "",
        "current_last_inspection_date": "03/26/2026",
        "current_score": "0",
        "date": "2026-02-26",
        "facility_detail_url": "https://aca-prod.accela.com/TPCHD/GeneralProperty/FoodFacilityInspectionDetail.aspx?LicenseeNumber=PR0039491&LicenseeType=Food+Facility",
        "facility_id": "PR0039491",
        "geocode_status": "row",
        "inspection_date": "02/26/2026",
        "inspection_date_iso": "2026-02-26",
        "inspection_identity": "PR0039491|298136",
        "inspection_result": "A Reinspection is Required",
        "inspection_type": "Routine Inspection",
        "inspection_year": "2026",
        "record_id": "tpchd-d118df5b1758",
        "red_point_severity": "red_points_36_50",
        "red_point_severity_label": "36-50 red points",
        "red_points": 40,
        "repeat_red_points": 5,
        "report_fetch_status": "ok",
        "report_url": "https://aca-prod.accela.com/TPCHD/GET_INSP_DOCHandler.ashx?AltId=PR0039491&InspId=298136",
        "source": "TPCHD Accela",
        "total_points": 40,
        "zip": "98444"
      },
      "type": "Feature"
    },
    {
      "geometry": {
        "coordinates": [
          -122.611856,
          47.5347885
        ],
        "type": "Point"
      },
      "properties": {
        "address": "1472 Olney AVE SE Port Orchard WA 98366 United States",
        "business_name": "TAQUERIA EL GUERO - TPCHD #0264",
        "city": "Port Orchard",
        "current_grade": "",
        "current_last_inspection_date": "03/05/2026",
        "current_score": "0",
        "date": "2026-02-19",
        "facility_detail_url": "https://aca-prod.accela.com/TPCHD/GeneralProperty/FoodFacilityInspectionDetail.aspx?LicenseeNumber=PR0040302&LicenseeType=Food+Facility",
        "facility_id": "PR0040302",
        "geocode_status": "row",
        "inspection_date": "02/19/2026",
        "inspection_date_iso": "2026-02-19",
        "inspection_identity": "PR0040302|419575",
        "inspection_result": "A Reinspection is Required",
        "inspection_type": "Routine Inspection",
        "inspection_year": "2026",
        "record_id": "tpchd-92439ca24b52",
        "red_point_severity": "red_points_36_50",
        "red_point_severity_label": "36-50 red points",
        "red_points": 50,
        "repeat_red_points": 0,
        "report_fetch_status": "ok",
        "report_url": "https://aca-prod.accela.com/TPCHD/GET_INSP_DOCHandler.ashx?AltId=PR0040302&InspId=419575",
        "source": "TPCHD Accela",
        "total_points": 50,
        "zip": "98366"
      },
      "type": "Feature"
    },
    {
      "geometry": {
        "coordinates": [
          -122.4344029,
          47.12274679999999
        ],
        "type": "Point"
      },
      "properties": {
        "address": "14803 Pacific AVE S Tacoma WA 98444 United States",
        "business_name": "POPEYES #12090",
        "city": "Tacoma",
        "current_grade": "",
        "current_last_inspection_date": "03/05/2026",
        "current_score": "25",
        "date": "2026-02-19",
        "facility_detail_url": "https://aca-prod.accela.com/TPCHD/GeneralProperty/FoodFacilityInspectionDetail.aspx?LicenseeNumber=PR0036969&LicenseeType=Food+Facility",
        "facility_id": "PR0036969",
        "geocode_status": "row",
        "inspection_date": "02/19/2026",
        "inspection_date_iso": "2026-02-19",
        "inspection_identity": "PR0036969|380190",
        "inspection_result": "A Reinspection is Required",
        "inspection_type": "Routine Inspection",
        "inspection_year": "2026",
        "record_id": "tpchd-9826cc2cb3b8",
        "red_point_severity": "red_points_36_50",
        "red_point_severity_label": "36-50 red points",
        "red_points": 50,
        "repeat_red_points": 0,
        "report_fetch_status": "ok",
        "report_url": "https://aca-prod.accela.com/TPCHD/GET_INSP_DOCHandler.ashx?AltId=PR0036969&InspId=380190",
        "source": "TPCHD Accela",
        "total_points": 50,
        "zip": "98444"
      },
      "type": "Feature"
    },
    {
      "geometry": {
        "coordinates": [
          -122.5756561,
          47.3074415
        ],
        "type": "Point"
      },
      "properties": {
        "address": "5500 Olympic DR A109 Gig Harbor WA 98335 United States",
        "business_name": "WOK ON FIRE BBQ",
        "city": "Gig Harbor",
        "current_grade": "",
        "current_last_inspection_date": "02/26/2026",
        "current_score": "0",
        "date": "2026-02-18",
        "facility_detail_url": "https://aca-prod.accela.com/TPCHD/GeneralProperty/FoodFacilityInspectionDetail.aspx?LicenseeNumber=PR0040728&LicenseeType=Food+Facility",
        "facility_id": "PR0040728",
        "geocode_status": "row",
        "inspection_date": "02/18/2026",
        "inspection_date_iso": "2026-02-18",
        "inspection_identity": "PR0040728|754374",
        "inspection_result": "A Reinspection is Required",
        "inspection_type": "Reinspection With Charge",
        "inspection_year": "2026",
        "record_id": "tpchd-c116be7c6ae2",
        "red_point_severity": "red_points_51_75",
        "red_point_severity_label": "51-75 red points",
        "red_points": 65,
        "repeat_red_points": 0,
        "report_fetch_status": "ok",
        "report_url": "https://aca-prod.accela.com/TPCHD/GET_INSP_DOCHandler.ashx?AltId=PR0040728&InspId=754374",
        "source": "TPCHD Accela",
        "total_points": 65,
        "zip": "98335"
      },
      "type": "Feature"
    },
    {
      "geometry": {
        "coordinates": [
          -122.5756561,
          47.3074415
        ],
        "type": "Point"
      },
      "properties": {
        "address": "5500 Olympic DR A109 Gig Harbor WA 98335 United States",
        "business_name": "WOK ON FIRE BBQ",
        "city": "Gig Harbor",
        "current_grade": "",
        "current_last_inspection_date": "02/26/2026",
        "current_score": "0",
        "date": "2026-02-12",
        "facility_detail_url": "https://aca-prod.accela.com/TPCHD/GeneralProperty/FoodFacilityInspectionDetail.aspx?LicenseeNumber=PR0040728&LicenseeType=Food+Facility",
        "facility_id": "PR0040728",
        "geocode_status": "row",
        "inspection_date": "02/12/2026",
        "inspection_date_iso": "2026-02-12",
        "inspection_identity": "PR0040728|496341",
        "inspection_result": "A Reinspection is Required",
        "inspection_type": "Routine Inspection",
        "inspection_year": "2026",
        "record_id": "tpchd-42bf85909c3c",
        "red_point_severity": "red_points_101_plus",
        "red_point_severity_label": "101+ red points",
        "red_points": 125,
        "repeat_red_points": 0,
        "report_fetch_status": "ok",
        "report_url": "https://aca-prod.accela.com/TPCHD/GET_INSP_DOCHandler.ashx?AltId=PR0040728&InspId=496341",
        "source": "TPCHD Accela",
        "total_points": 125,
        "zip": "98335"
      },
      "type": "Feature"
    },
    {
      "geometry": {
        "coordinates": [
          -122.4392532,
          47.2570953
        ],
        "type": "Point"
      },
      "properties": {
        "address": "705 Pacific Ave Tacoma WA 98402",
        "business_name": "EN SUSHI",
        "city": "Tacoma",
        "current_grade": "",
        "current_last_inspection_date": "02/11/2026",
        "current_score": "0",
        "date": "2026-01-28",
        "facility_detail_url": "https://aca-prod.accela.com/TPCHD/GeneralProperty/FoodFacilityInspectionDetail.aspx?LicenseeNumber=FEP2026-00015&LicenseeType=Food+Facility",
        "facility_id": "FEP2026-00015",
        "geocode_status": "row",
        "inspection_date": "01/28/2026",
        "inspection_date_iso": "2026-01-28",
        "inspection_identity": "FEP2026-00015|724541",
        "inspection_result": "A Reinspection is Required & Compliance Order Issued",
        "inspection_type": "Routine Inspection",
        "inspection_year": "2026",
        "record_id": "tpchd-b2a8bb1fdcb4",
        "red_point_severity": "red_points_51_75",
        "red_point_severity_label": "51-75 red points",
        "red_points": 55,
        "repeat_red_points": 0,
        "report_fetch_status": "ok",
        "report_url": "https://aca-prod.accela.com/TPCHD/GET_INSP_DOCHandler.ashx?AltId=FEP2026-00015&InspId=724541",
        "source": "TPCHD Accela",
        "total_points": 58,
        "zip": "98402"
      },
      "type": "Feature"
    },
    {
      "geometry": {
        "coordinates": [
          -122.3589866,
          47.2420078
        ],
        "type": "Point"
      },
      "properties": {
        "address": "5306 Pacific HWY E Fife WA 98424",
        "business_name": "PHO TAI",
        "city": "Fife",
        "current_grade": "",
        "current_last_inspection_date": "02/12/2026",
        "current_score": "0",
        "date": "2026-01-27",
        "facility_detail_url": "https://aca-prod.accela.com/TPCHD/GeneralProperty/FoodFacilityInspectionDetail.aspx?LicenseeNumber=FEP2025-00090&LicenseeType=Food+Facility",
        "facility_id": "FEP2025-00090",
        "geocode_status": "row",
        "inspection_date": "01/27/2026",
        "inspection_date_iso": "2026-01-27",
        "inspection_identity": "FEP2025-00090|716494",
        "inspection_result": "A Reinspection is Required",
        "inspection_type": "Routine Inspection",
        "inspection_year": "2026",
        "record_id": "tpchd-b2a42ad27e44",
        "red_point_severity": "red_points_51_75",
        "red_point_severity_label": "51-75 red points",
        "red_points": 55,
        "repeat_red_points": 0,
        "report_fetch_status": "ok",
        "report_url": "https://aca-prod.accela.com/TPCHD/GET_INSP_DOCHandler.ashx?AltId=FEP2025-00090&InspId=716494",
        "source": "TPCHD Accela",
        "total_points": 55,
        "zip": "98424"
      },
      "type": "Feature"
    },
    {
      "geometry": {
        "coordinates": [
          -122.5133821,
          47.1664687
        ],
        "type": "Point"
      },
      "properties": {
        "address": "5700 100TH ST SW STE 500 Lakewood WA 98499 United States",
        "business_name": "KOTO TERIYAKI",
        "city": "Lakewood",
        "current_grade": "Okay",
        "current_last_inspection_date": "04/20/2026",
        "current_score": "25",
        "date": "2026-01-21",
        "facility_detail_url": "https://aca-prod.accela.com/TPCHD/GeneralProperty/FoodFacilityInspectionDetail.aspx?LicenseeNumber=PR0040695&LicenseeType=Food+Facility",
        "facility_id": "PR0040695",
        "geocode_status": "row",
        "inspection_date": "01/21/2026",
        "inspection_date_iso": "2026-01-21",
        "inspection_identity": "PR0040695|733256",
        "inspection_result": "A Reinspection is Required",
        "inspection_type": "Reinspection With Charge",
        "inspection_year": "2026",
        "record_id": "tpchd-329cd665a2fc",
        "red_point_severity": "red_points_51_75",
        "red_point_severity_label": "51-75 red points",
        "red_points": 60,
        "repeat_red_points": 0,
        "report_fetch_status": "ok",
        "report_url": "https://aca-prod.accela.com/TPCHD/GET_INSP_DOCHandler.ashx?AltId=PR0040695&InspId=733256",
        "source": "TPCHD Accela",
        "total_points": 60,
        "zip": "98499"
      },
      "type": "Feature"
    },
    {
      "geometry": {
        "coordinates": [
          -122.5268618,
          47.25521519999999
        ],
        "type": "Point"
      },
      "properties": {
        "address": "6702 6th AVE Tacoma Wa 98406 United States",
        "business_name": "CALIFORNIA BURRITO & TACO SHOP",
        "city": "Tacoma",
        "current_grade": "",
        "current_last_inspection_date": "02/11/2026",
        "current_score": "0",
        "date": "2026-01-14",
        "facility_detail_url": "https://aca-prod.accela.com/TPCHD/GeneralProperty/FoodFacilityInspectionDetail.aspx?LicenseeNumber=PR0040840&LicenseeType=Food+Facility",
        "facility_id": "PR0040840",
        "geocode_status": "row",
        "inspection_date": "01/14/2026",
        "inspection_date_iso": "2026-01-14",
        "inspection_identity": "PR0040840|480400",
        "inspection_result": "A Reinspection is Required",
        "inspection_type": "Routine Inspection",
        "inspection_year": "2026",
        "record_id": "tpchd-07f63ce2a66f",
        "red_point_severity": "red_points_36_50",
        "red_point_severity_label": "36-50 red points",
        "red_points": 45,
        "repeat_red_points": 0,
        "report_fetch_status": "ok",
        "report_url": "https://aca-prod.accela.com/TPCHD/GET_INSP_DOCHandler.ashx?AltId=PR0040840&InspId=480400",
        "source": "TPCHD Accela",
        "total_points": 45,
        "zip": "98406"
      },
      "type": "Feature"
    },
    {
      "geometry": {
        "coordinates": [
          -122.5133821,
          47.1664687
        ],
        "type": "Point"
      },
      "properties": {
        "address": "5700 100TH ST SW STE 500 Lakewood WA 98499 United States",
        "business_name": "KOTO TERIYAKI",
        "city": "Lakewood",
        "current_grade": "Okay",
        "current_last_inspection_date": "04/20/2026",
        "current_score": "25",
        "date": "2026-01-07",
        "facility_detail_url": "https://aca-prod.accela.com/TPCHD/GeneralProperty/FoodFacilityInspectionDetail.aspx?LicenseeNumber=PR0040695&LicenseeType=Food+Facility",
        "facility_id": "PR0040695",
        "geocode_status": "row",
        "inspection_date": "01/07/2026",
        "inspection_date_iso": "2026-01-07",
        "inspection_identity": "PR0040695|333040",
        "inspection_result": "A Reinspection is Required",
        "inspection_type": "Routine Inspection",
        "inspection_year": "2026",
        "record_id": "tpchd-f4bbe04e808c",
        "red_point_severity": "red_points_51_75",
        "red_point_severity_label": "51-75 red points",
        "red_points": 60,
        "repeat_red_points": 25,
        "report_fetch_status": "ok",
        "report_url": "https://aca-prod.accela.com/TPCHD/GET_INSP_DOCHandler.ashx?AltId=PR0040695&InspId=333040",
        "source": "TPCHD Accela",
        "total_points": 65,
        "zip": "98499"
      },
      "type": "Feature"
    },
    {
      "geometry": {
        "coordinates": [
          -122.4352686,
          47.2398546
        ],
        "type": "Point"
      },
      "properties": {
        "address": "2401 Pacific AVE Tacoma WA 98402 United States",
        "business_name": "BERLINER BEERHALL",
        "city": "Tacoma",
        "current_grade": "",
        "current_last_inspection_date": "01/08/2026",
        "current_score": "0",
        "date": "2025-12-18",
        "facility_detail_url": "https://aca-prod.accela.com/TPCHD/GeneralProperty/FoodFacilityInspectionDetail.aspx?LicenseeNumber=PR0035984&LicenseeType=Food+Facility",
        "facility_id": "PR0035984",
        "geocode_status": "row",
        "inspection_date": "12/18/2025",
        "inspection_date_iso": "2025-12-18",
        "inspection_identity": "PR0035984|655377",
        "inspection_result": "A Reinspection is Required",
        "inspection_type": "Routine Inspection",
        "inspection_year": "2025",
        "record_id": "tpchd-5537bf8c6bc8",
        "red_point_severity": "red_points_36_50",
        "red_point_severity_label": "36-50 red points",
        "red_points": 40,
        "repeat_red_points": 0,
        "report_fetch_status": "ok",
        "report_url": "https://aca-prod.accela.com/TPCHD/GET_INSP_DOCHandler.ashx?AltId=PR0035984&InspId=655377",
        "source": "TPCHD Accela",
        "total_points": 40,
        "zip": "98402"
      },
      "type": "Feature"
    },
    {
      "geometry": {
        "coordinates": [
          -122.415501,
          47.2419106
        ],
        "type": "Point"
      },
      "properties": {
        "address": "1302 Puyallup Ave Tacoma WA 98421 United States",
        "business_name": "PHB FUEL",
        "city": "Tacoma",
        "current_grade": "",
        "current_last_inspection_date": "05/04/2026",
        "current_score": "0",
        "date": "2025-12-11",
        "facility_detail_url": "https://aca-prod.accela.com/TPCHD/GeneralProperty/FoodFacilityInspectionDetail.aspx?LicenseeNumber=PR0038920&LicenseeType=Food+Facility",
        "facility_id": "PR0038920",
        "geocode_status": "row",
        "inspection_date": "12/11/2025",
        "inspection_date_iso": "2025-12-11",
        "inspection_identity": "PR0038920|379733",
        "inspection_result": "A Reinspection is Required",
        "inspection_type": "Routine Inspection",
        "inspection_year": "2025",
        "record_id": "tpchd-2c2690a6f175",
        "red_point_severity": "red_points_36_50",
        "red_point_severity_label": "36-50 red points",
        "red_points": 45,
        "repeat_red_points": 0,
        "report_fetch_status": "ok",
        "report_url": "https://aca-prod.accela.com/TPCHD/GET_INSP_DOCHandler.ashx?AltId=PR0038920&InspId=379733",
        "source": "TPCHD Accela",
        "total_points": 45,
        "zip": "98421"
      },
      "type": "Feature"
    },
    {
      "geometry": {
        "coordinates": [
          -122.148073,
          47.1671142
        ],
        "type": "Point"
      },
      "properties": {
        "address": "21109 State Route 410 Bonney Lake WA 98391 United States",
        "business_name": "SUMO SUSHI",
        "city": "Bonney Lake",
        "current_grade": "",
        "current_last_inspection_date": "12/17/2025",
        "current_score": "0",
        "date": "2025-12-03",
        "facility_detail_url": "https://aca-prod.accela.com/TPCHD/GeneralProperty/FoodFacilityInspectionDetail.aspx?LicenseeNumber=PR0040232&LicenseeType=Food+Facility",
        "facility_id": "PR0040232",
        "geocode_status": "row",
        "inspection_date": "12/03/2025",
        "inspection_date_iso": "2025-12-03",
        "inspection_identity": "PR0040232|381856",
        "inspection_result": "A Reinspection is Required",
        "inspection_type": "Routine Inspection",
        "inspection_year": "2025",
        "record_id": "tpchd-655374b800c6",
        "red_point_severity": "red_points_36_50",
        "red_point_severity_label": "36-50 red points",
        "red_points": 45,
        "repeat_red_points": 0,
        "report_fetch_status": "ok",
        "report_url": "https://aca-prod.accela.com/TPCHD/GET_INSP_DOCHandler.ashx?AltId=PR0040232&InspId=381856",
        "source": "TPCHD Accela",
        "total_points": 45,
        "zip": "98391"
      },
      "type": "Feature"
    },
    {
      "geometry": {
        "coordinates": [
          -122.4205391,
          47.2297494
        ],
        "type": "Point"
      },
      "properties": {
        "address": "3511 McKinley AVE Tacoma WA 98404 United States",
        "business_name": "LECHON LOCO",
        "city": "Tacoma",
        "current_grade": "",
        "current_last_inspection_date": "12/11/2025",
        "current_score": "0",
        "date": "2025-12-03",
        "facility_detail_url": "https://aca-prod.accela.com/TPCHD/GeneralProperty/FoodFacilityInspectionDetail.aspx?LicenseeNumber=PR0040749&LicenseeType=Food+Facility",
        "facility_id": "PR0040749",
        "geocode_status": "row",
        "inspection_date": "12/03/2025",
        "inspection_date_iso": "2025-12-03",
        "inspection_identity": "PR0040749|552075",
        "inspection_result": "A Reinspection is Required",
        "inspection_type": "Routine Inspection",
        "inspection_year": "2025",
        "record_id": "tpchd-c9b1c1e07d5a",
        "red_point_severity": "red_points_36_50",
        "red_point_severity_label": "36-50 red points",
        "red_points": 45,
        "repeat_red_points": 0,
        "report_fetch_status": "ok",
        "report_url": "https://aca-prod.accela.com/TPCHD/GET_INSP_DOCHandler.ashx?AltId=PR0040749&InspId=552075",
        "source": "TPCHD Accela",
        "total_points": 45,
        "zip": "98404"
      },
      "type": "Feature"
    },
    {
      "geometry": {
        "coordinates": [
          -122.3680115,
          47.2427071
        ],
        "type": "Point"
      },
      "properties": {
        "address": "4500 Pacific HWY E Fife WA 98424 United States",
        "business_name": "SUNNY'S DONUTS & DELI",
        "city": "Fife",
        "current_grade": "",
        "current_last_inspection_date": "12/11/2025",
        "current_score": "0",
        "date": "2025-12-02",
        "facility_detail_url": "https://aca-prod.accela.com/TPCHD/GeneralProperty/FoodFacilityInspectionDetail.aspx?LicenseeNumber=PR0040740&LicenseeType=Food+Facility",
        "facility_id": "PR0040740",
        "geocode_status": "row",
        "inspection_date": "12/02/2025",
        "inspection_date_iso": "2025-12-02",
        "inspection_identity": "PR0040740|695743",
        "inspection_result": "A Reinspection is Required",
        "inspection_type": "Routine Inspection",
        "inspection_year": "2025",
        "record_id": "tpchd-52ed8acff921",
        "red_point_severity": "red_points_36_50",
        "red_point_severity_label": "36-50 red points",
        "red_points": 45,
        "repeat_red_points": 0,
        "report_fetch_status": "ok",
        "report_url": "https://aca-prod.accela.com/TPCHD/GET_INSP_DOCHandler.ashx?AltId=PR0040740&InspId=695743",
        "source": "TPCHD Accela",
        "total_points": 45,
        "zip": "98424"
      },
      "type": "Feature"
    },
    {
      "geometry": {
        "coordinates": [
          -122.4846981,
          47.172449
        ],
        "type": "Point"
      },
      "properties": {
        "address": "9312 S Tacoma WAY STE 130 Lakewood WA 98499 United States",
        "business_name": "GRILL (THE)",
        "city": "Lakewood",
        "current_grade": "Okay",
        "current_last_inspection_date": "05/19/2026",
        "current_score": "0",
        "date": "2025-11-13",
        "facility_detail_url": "https://aca-prod.accela.com/TPCHD/GeneralProperty/FoodFacilityInspectionDetail.aspx?LicenseeNumber=PR0039284&LicenseeType=Food+Facility",
        "facility_id": "PR0039284",
        "geocode_status": "row",
        "inspection_date": "11/13/2025",
        "inspection_date_iso": "2025-11-13",
        "inspection_identity": "PR0039284|380178",
        "inspection_result": "A Reinspection is Required",
        "inspection_type": "Routine Inspection",
        "inspection_year": "2025",
        "record_id": "tpchd-fb6432bd6382",
        "red_point_severity": "red_points_36_50",
        "red_point_severity_label": "36-50 red points",
        "red_points": 45,
        "repeat_red_points": 30,
        "report_fetch_status": "ok",
        "report_url": "https://aca-prod.accela.com/TPCHD/GET_INSP_DOCHandler.ashx?AltId=PR0039284&InspId=380178",
        "source": "TPCHD Accela",
        "total_points": 45,
        "zip": "98499"
      },
      "type": "Feature"
    },
    {
      "geometry": {
        "coordinates": [
          -122.4916877,
          47.1562577
        ],
        "type": "Point"
      },
      "properties": {
        "address": "11107 Pacific HWY SW Lakewood WA 98499 United States",
        "business_name": "JOY JOY'S BAKERY",
        "city": "Lakewood",
        "current_grade": "Great",
        "current_last_inspection_date": "03/27/2026",
        "current_score": "5",
        "date": "2025-11-12",
        "facility_detail_url": "https://aca-prod.accela.com/TPCHD/GeneralProperty/FoodFacilityInspectionDetail.aspx?LicenseeNumber=PR0040891&LicenseeType=Food+Facility",
        "facility_id": "PR0040891",
        "geocode_status": "row",
        "inspection_date": "11/12/2025",
        "inspection_date_iso": "2025-11-12",
        "inspection_identity": "PR0040891|72725",
        "inspection_result": "A Reinspection is Required",
        "inspection_type": "Routine Inspection",
        "inspection_year": "2025",
        "record_id": "tpchd-577e06a2d60c",
        "red_point_severity": "red_points_36_50",
        "red_point_severity_label": "36-50 red points",
        "red_points": 40,
        "repeat_red_points": 5,
        "report_fetch_status": "ok",
        "report_url": "https://aca-prod.accela.com/TPCHD/GET_INSP_DOCHandler.ashx?AltId=PR0040891&InspId=72725",
        "source": "TPCHD Accela",
        "total_points": 40,
        "zip": "98499"
      },
      "type": "Feature"
    },
    {
      "geometry": {
        "coordinates": [
          -122.4384563,
          47.2553844
        ],
        "type": "Point"
      },
      "properties": {
        "address": "112 S 9th ST Tacoma WA 98402 United States",
        "business_name": "AL BACHA",
        "city": "Tacoma",
        "current_grade": "",
        "current_last_inspection_date": "05/18/2026",
        "current_score": "0",
        "date": "2025-11-10",
        "facility_detail_url": "https://aca-prod.accela.com/TPCHD/GeneralProperty/FoodFacilityInspectionDetail.aspx?LicenseeNumber=PR0039292&LicenseeType=Food+Facility",
        "facility_id": "PR0039292",
        "geocode_status": "row",
        "inspection_date": "11/10/2025",
        "inspection_date_iso": "2025-11-10",
        "inspection_identity": "PR0039292|151085",
        "inspection_result": "A Reinspection is Required",
        "inspection_type": "Routine Inspection",
        "inspection_year": "2025",
        "record_id": "tpchd-5357ab9a9c26",
        "red_point_severity": "red_points_36_50",
        "red_point_severity_label": "36-50 red points",
        "red_points": 50,
        "repeat_red_points": 0,
        "report_fetch_status": "ok",
        "report_url": "https://aca-prod.accela.com/TPCHD/GET_INSP_DOCHandler.ashx?AltId=PR0039292&InspId=151085",
        "source": "TPCHD Accela",
        "total_points": 50,
        "zip": "98402"
      },
      "type": "Feature"
    },
    {
      "geometry": {
        "coordinates": [
          -122.467149,
          47.21494329999999
        ],
        "type": "Point"
      },
      "properties": {
        "address": "4502 S Steele ST STE 1510 Tacoma WA 98409 United States",
        "business_name": "WOOBLING KOREAN BBQ",
        "city": "Tacoma",
        "current_grade": "Okay",
        "current_last_inspection_date": "05/18/2026",
        "current_score": "85",
        "date": "2025-11-07",
        "facility_detail_url": "https://aca-prod.accela.com/TPCHD/GeneralProperty/FoodFacilityInspectionDetail.aspx?LicenseeNumber=PR0040811&LicenseeType=Food+Facility",
        "facility_id": "PR0040811",
        "geocode_status": "row",
        "inspection_date": "11/07/2025",
        "inspection_date_iso": "2025-11-07",
        "inspection_identity": "PR0040811|658935",
        "inspection_result": "A Reinspection is Required",
        "inspection_type": "Routine Inspection",
        "inspection_year": "2025",
        "record_id": "tpchd-fbc94f80ad63",
        "red_point_severity": "red_points_51_75",
        "red_point_severity_label": "51-75 red points",
        "red_points": 75,
        "repeat_red_points": 0,
        "report_fetch_status": "ok",
        "report_url": "https://aca-prod.accela.com/TPCHD/GET_INSP_DOCHandler.ashx?AltId=PR0040811&InspId=658935",
        "source": "TPCHD Accela",
        "total_points": 75,
        "zip": "98409"
      },
      "type": "Feature"
    },
    {
      "geometry": {
        "coordinates": [
          -122.4369063,
          47.1209515
        ],
        "type": "Point"
      },
      "properties": {
        "address": "14906 Pacific AVE S Parkland WA 98444 United States",
        "business_name": "STACKS BURGERS",
        "city": "Parkland",
        "current_grade": "Okay",
        "current_last_inspection_date": "10/29/2025",
        "current_score": "110",
        "date": "2025-10-29",
        "facility_detail_url": "https://aca-prod.accela.com/TPCHD/GeneralProperty/FoodFacilityInspectionDetail.aspx?LicenseeNumber=PR0038869&LicenseeType=Food+Facility",
        "facility_id": "PR0038869",
        "geocode_status": "row",
        "inspection_date": "10/29/2025",
        "inspection_date_iso": "2025-10-29",
        "inspection_identity": "PR0038869|480514",
        "inspection_result": "A Reinspection is Required & Compliance Order Issued",
        "inspection_type": "Routine Inspection",
        "inspection_year": "2025",
        "record_id": "tpchd-cf0bc9b2254d",
        "red_point_severity": "red_points_51_75",
        "red_point_severity_label": "51-75 red points",
        "red_points": 60,
        "repeat_red_points": 10,
        "report_fetch_status": "ok",
        "report_url": "https://aca-prod.accela.com/TPCHD/GET_INSP_DOCHandler.ashx?AltId=PR0038869&InspId=480514",
        "source": "TPCHD Accela",
        "total_points": 65,
        "zip": "98444"
      },
      "type": "Feature"
    },
    {
      "geometry": {
        "coordinates": [
          -122.5589393,
          47.1443611
        ],
        "type": "Point"
      },
      "properties": {
        "address": "9124 Veterans DR SW Tacoma WA 98498 United States",
        "business_name": "LA TENTACION TACOS AND TEQUILA",
        "city": "Tacoma",
        "current_grade": "",
        "current_last_inspection_date": "10/24/2025",
        "current_score": "25",
        "date": "2025-10-10",
        "facility_detail_url": "https://aca-prod.accela.com/TPCHD/GeneralProperty/FoodFacilityInspectionDetail.aspx?LicenseeNumber=PR0038654&LicenseeType=Food+Facility",
        "facility_id": "PR0038654",
        "geocode_status": "row",
        "inspection_date": "10/10/2025",
        "inspection_date_iso": "2025-10-10",
        "inspection_identity": "PR0038654|99909",
        "inspection_result": "A Reinspection is Required",
        "inspection_type": "Routine Inspection",
        "inspection_year": "2025",
        "record_id": "tpchd-7374582545b9",
        "red_point_severity": "red_points_51_75",
        "red_point_severity_label": "51-75 red points",
        "red_points": 60,
        "repeat_red_points": 25,
        "report_fetch_status": "ok",
        "report_url": "https://aca-prod.accela.com/TPCHD/GET_INSP_DOCHandler.ashx?AltId=PR0038654&InspId=99909",
        "source": "TPCHD Accela",
        "total_points": 65,
        "zip": "98498"
      },
      "type": "Feature"
    },
    {
      "geometry": {
        "coordinates": [
          -122.565957,
          47.1532485
        ],
        "type": "Point"
      },
      "properties": {
        "address": "11509 Holden Rd SW Lakewood WA 98498 United States",
        "business_name": "THOMAS MIDDLE SCHOOL",
        "city": "Lakewood",
        "current_grade": "Great",
        "current_last_inspection_date": "03/27/2026",
        "current_score": "5",
        "date": "2025-10-10",
        "facility_detail_url": "https://aca-prod.accela.com/TPCHD/GeneralProperty/FoodFacilityInspectionDetail.aspx?LicenseeNumber=PR0037017&LicenseeType=Food+Facility",
        "facility_id": "PR0037017",
        "geocode_status": "row",
        "inspection_date": "10/10/2025",
        "inspection_date_iso": "2025-10-10",
        "inspection_identity": "PR0037017|552180",
        "inspection_result": "A Reinspection is Required & Compliance Order Issued",
        "inspection_type": "Routine Inspection",
        "inspection_year": "2025",
        "record_id": "tpchd-17a435c01b12",
        "red_point_severity": "red_points_36_50",
        "red_point_severity_label": "36-50 red points",
        "red_points": 45,
        "repeat_red_points": 0,
        "report_fetch_status": "ok",
        "report_url": "https://aca-prod.accela.com/TPCHD/GET_INSP_DOCHandler.ashx?AltId=PR0037017&InspId=552180",
        "source": "TPCHD Accela",
        "total_points": 50,
        "zip": "98498"
      },
      "type": "Feature"
    },
    {
      "geometry": {
        "coordinates": [
          -122.0548102,
          47.1573433
        ],
        "type": "Point"
      },
      "properties": {
        "address": "28120 State Route 410 E STE A4 Buckley WA 98321 United States",
        "business_name": "ISLAND VYBZ FOOD TRUCK - TPCHD #0292",
        "city": "Buckley",
        "current_grade": "Okay",
        "current_last_inspection_date": "05/12/2026",
        "current_score": "40",
        "date": "2025-09-30",
        "facility_detail_url": "https://aca-prod.accela.com/TPCHD/GeneralProperty/FoodFacilityInspectionDetail.aspx?LicenseeNumber=PR0039962&LicenseeType=Food+Facility",
        "facility_id": "PR0039962",
        "geocode_status": "row",
        "inspection_date": "09/30/2025",
        "inspection_date_iso": "2025-09-30",
        "inspection_identity": "PR0039962|222134",
        "inspection_result": "A Reinspection is Required & Compliance Order Issued",
        "inspection_type": "Routine Inspection",
        "inspection_year": "2025",
        "record_id": "tpchd-366f4aad570f",
        "red_point_severity": "red_points_51_75",
        "red_point_severity_label": "51-75 red points",
        "red_points": 55,
        "repeat_red_points": 10,
        "report_fetch_status": "ok",
        "report_url": "https://aca-prod.accela.com/TPCHD/GET_INSP_DOCHandler.ashx?AltId=PR0039962&InspId=222134",
        "source": "TPCHD Accela",
        "total_points": 55,
        "zip": "98321"
      },
      "type": "Feature"
    },
    {
      "geometry": {
        "coordinates": [
          -122.437772,
          47.14635699999999
        ],
        "type": "Point"
      },
      "properties": {
        "address": "411 Garfield ST S Tacoma WA 98444 United States",
        "business_name": "HERNANDEZ MEXICAN BAR AND GRILL",
        "city": "Tacoma",
        "current_grade": "We are still new",
        "current_last_inspection_date": "09/26/2025",
        "current_score": "150",
        "date": "2025-09-26",
        "facility_detail_url": "https://aca-prod.accela.com/TPCHD/GeneralProperty/FoodFacilityInspectionDetail.aspx?LicenseeNumber=PR0040797&LicenseeType=Food+Facility",
        "facility_id": "PR0040797",
        "geocode_status": "row",
        "inspection_date": "09/26/2025",
        "inspection_date_iso": "2025-09-26",
        "inspection_identity": "PR0040797|298042",
        "inspection_result": "A Reinspection is Required",
        "inspection_type": "Routine Inspection",
        "inspection_year": "2025",
        "record_id": "tpchd-e46f2f541b5b",
        "red_point_severity": "red_points_51_75",
        "red_point_severity_label": "51-75 red points",
        "red_points": 75,
        "repeat_red_points": 0,
        "report_fetch_status": "ok",
        "report_url": "https://aca-prod.accela.com/TPCHD/GET_INSP_DOCHandler.ashx?AltId=PR0040797&InspId=298042",
        "source": "TPCHD Accela",
        "total_points": 75,
        "zip": "98444"
      },
      "type": "Feature"
    },
    {
      "geometry": {
        "coordinates": [
          -122.5563389,
          47.24388339999999
        ],
        "type": "Point"
      },
      "properties": {
        "address": "9001 S 19th ST Tacoma WA 98466 United States",
        "business_name": "ANTHONY'S BOATHOUSE",
        "city": "Tacoma",
        "current_grade": "Great",
        "current_last_inspection_date": "02/23/2026",
        "current_score": "0",
        "date": "2025-08-15",
        "facility_detail_url": "https://aca-prod.accela.com/TPCHD/GeneralProperty/FoodFacilityInspectionDetail.aspx?LicenseeNumber=PR0038203&LicenseeType=Food+Facility",
        "facility_id": "PR0038203",
        "geocode_status": "row",
        "inspection_date": "08/15/2025",
        "inspection_date_iso": "2025-08-15",
        "inspection_identity": "PR0038203|332247",
        "inspection_result": "A Reinspection is Required",
        "inspection_type": "Routine Inspection",
        "inspection_year": "2025",
        "record_id": "tpchd-ece1ceeeba79",
        "red_point_severity": "red_points_36_50",
        "red_point_severity_label": "36-50 red points",
        "red_points": 50,
        "repeat_red_points": 0,
        "report_fetch_status": "ok",
        "report_url": "https://aca-prod.accela.com/TPCHD/GET_INSP_DOCHandler.ashx?AltId=PR0038203&InspId=332247",
        "source": "TPCHD Accela",
        "total_points": 50,
        "zip": "98466"
      },
      "type": "Feature"
    },
    {
      "geometry": {
        "coordinates": [
          -122.5518983,
          47.1224732
        ],
        "type": "Point"
      },
      "properties": {
        "address": "14909 Union AVE SW Lakewood WA 98498 United States",
        "business_name": "DULCE TENTACION",
        "city": "Lakewood",
        "current_grade": "",
        "current_last_inspection_date": "08/14/2025",
        "current_score": "0",
        "date": "2025-08-13",
        "facility_detail_url": "https://aca-prod.accela.com/TPCHD/GeneralProperty/FoodFacilityInspectionDetail.aspx?LicenseeNumber=PR0039572&LicenseeType=Food+Facility",
        "facility_id": "PR0039572",
        "geocode_status": "row",
        "inspection_date": "08/13/2025",
        "inspection_date_iso": "2025-08-13",
        "inspection_identity": "PR0039572|298065",
        "inspection_result": "FSE is Closed Until Approved to Reopen by TPCHD & Pre-opening Required",
        "inspection_type": "Routine Inspection",
        "inspection_year": "2025",
        "record_id": "tpchd-aa4a6316039a",
        "red_point_severity": "red_points_51_75",
        "red_point_severity_label": "51-75 red points",
        "red_points": 75,
        "repeat_red_points": 0,
        "report_fetch_status": "ok",
        "report_url": "https://aca-prod.accela.com/TPCHD/GET_INSP_DOCHandler.ashx?AltId=PR0039572&InspId=298065",
        "source": "TPCHD Accela",
        "total_points": 80,
        "zip": "98498"
      },
      "type": "Feature"
    },
    {
      "geometry": {
        "coordinates": [
          -122.4833047,
          47.1735459
        ],
        "type": "Point"
      },
      "properties": {
        "address": "9205 South Tacoma Way STE 101 Lakewood WA 98499 United States",
        "business_name": "LA MICHOACANA ICE CREAM AND MARKET - DELI",
        "city": "Lakewood",
        "current_grade": "Great",
        "current_last_inspection_date": "01/23/2026",
        "current_score": "0",
        "date": "2025-08-04",
        "facility_detail_url": "https://aca-prod.accela.com/TPCHD/GeneralProperty/FoodFacilityInspectionDetail.aspx?LicenseeNumber=PR0039539&LicenseeType=Food+Facility",
        "facility_id": "PR0039539",
        "geocode_status": "row",
        "inspection_date": "08/04/2025",
        "inspection_date_iso": "2025-08-04",
        "inspection_identity": "PR0039539|480645",
        "inspection_result": "A Reinspection is Required",
        "inspection_type": "Routine Inspection",
        "inspection_year": "2025",
        "record_id": "tpchd-22cd007288a0",
        "red_point_severity": "red_points_36_50",
        "red_point_severity_label": "36-50 red points",
        "red_points": 45,
        "repeat_red_points": 0,
        "report_fetch_status": "ok",
        "report_url": "https://aca-prod.accela.com/TPCHD/GET_INSP_DOCHandler.ashx?AltId=PR0039539&InspId=480645",
        "source": "TPCHD Accela",
        "total_points": 45,
        "zip": "98499"
      },
      "type": "Feature"
    },
    {
      "geometry": {
        "coordinates": [
          -122.5545976,
          47.1208575
        ],
        "type": "Point"
      },
      "properties": {
        "address": "15201 Union AVE SW Lakewood WA 98498 United States",
        "business_name": "POPEYES #11709",
        "city": "Lakewood",
        "current_grade": "Great",
        "current_last_inspection_date": "03/24/2026",
        "current_score": "30",
        "date": "2025-07-30",
        "facility_detail_url": "https://aca-prod.accela.com/TPCHD/GeneralProperty/FoodFacilityInspectionDetail.aspx?LicenseeNumber=PR0036973&LicenseeType=Food+Facility",
        "facility_id": "PR0036973",
        "geocode_status": "row",
        "inspection_date": "07/30/2025",
        "inspection_date_iso": "2025-07-30",
        "inspection_identity": "PR0036973|383640",
        "inspection_result": "A Reinspection is Required & Compliance Order Issued",
        "inspection_type": "Routine Inspection",
        "inspection_year": "2025",
        "record_id": "tpchd-ecb7c75d9154",
        "red_point_severity": "red_points_36_50",
        "red_point_severity_label": "36-50 red points",
        "red_points": 45,
        "repeat_red_points": 0,
        "report_fetch_status": "ok",
        "report_url": "https://aca-prod.accela.com/TPCHD/GET_INSP_DOCHandler.ashx?AltId=PR0036973&InspId=383640",
        "source": "TPCHD Accela",
        "total_points": 57,
        "zip": "98498"
      },
      "type": "Feature"
    },
    {
      "geometry": {
        "coordinates": [
          -122.5154746,
          47.2986288
        ],
        "type": "Point"
      },
      "properties": {
        "address": "5105 N Pearl ST Tacoma WA 98407 United States",
        "business_name": "WELCOME RESTAURANT",
        "city": "Tacoma",
        "current_grade": "",
        "current_last_inspection_date": "05/04/2026",
        "current_score": "0",
        "date": "2025-06-30",
        "facility_detail_url": "https://aca-prod.accela.com/TPCHD/GeneralProperty/FoodFacilityInspectionDetail.aspx?LicenseeNumber=PR0040778&LicenseeType=Food+Facility",
        "facility_id": "PR0040778",
        "geocode_status": "row",
        "inspection_date": "06/30/2025",
        "inspection_date_iso": "2025-06-30",
        "inspection_identity": "PR0040778|726",
        "inspection_result": "A REINSPECTION IS REQUIRED",
        "inspection_type": "Routine Inspection- F&CS",
        "inspection_year": "2025",
        "record_id": "tpchd-b63970e479db",
        "red_point_severity": "red_points_76_100",
        "red_point_severity_label": "76-100 red points",
        "red_points": 90,
        "repeat_red_points": 0,
        "report_fetch_status": "ok",
        "report_url": "https://aca-prod.accela.com/TPCHD/GET_INSP_DOCHandler.ashx?AltId=PR0040778&InspId=726",
        "source": "TPCHD Accela",
        "total_points": 90,
        "zip": "98407"
      },
      "type": "Feature"
    },
    {
      "geometry": {
        "coordinates": [
          -122.4362735,
          47.1346918
        ],
        "type": "Point"
      },
      "properties": {
        "address": "306 134th ST S Tacoma WA 98444 United States",
        "business_name": "TASTE OF SAMOA - TPCHD #1275",
        "city": "Tacoma",
        "current_grade": "",
        "current_last_inspection_date": "05/13/2026",
        "current_score": "0",
        "date": "2025-06-27",
        "facility_detail_url": "https://aca-prod.accela.com/TPCHD/GeneralProperty/FoodFacilityInspectionDetail.aspx?LicenseeNumber=PR0037334&LicenseeType=Food+Facility",
        "facility_id": "PR0037334",
        "geocode_status": "row",
        "inspection_date": "06/27/2025",
        "inspection_date_iso": "2025-06-27",
        "inspection_identity": "PR0037334|219917",
        "inspection_result": "A REINSPECTION IS REQUIRED",
        "inspection_type": "Routine Inspection- F&CS",
        "inspection_year": "2025",
        "record_id": "tpchd-f70abfe31ab4",
        "red_point_severity": "red_points_51_75",
        "red_point_severity_label": "51-75 red points",
        "red_points": 70,
        "repeat_red_points": 10,
        "report_fetch_status": "ok",
        "report_url": "https://aca-prod.accela.com/TPCHD/GET_INSP_DOCHandler.ashx?AltId=PR0037334&InspId=219917",
        "source": "TPCHD Accela",
        "total_points": 75,
        "zip": "98444"
      },
      "type": "Feature"
    },
    {
      "geometry": {
        "coordinates": [
          -122.4846981,
          47.172449
        ],
        "type": "Point"
      },
      "properties": {
        "address": "9312 S Tacoma WAY STE 130 Lakewood WA 98499 United States",
        "business_name": "GRILL (THE)",
        "city": "Lakewood",
        "current_grade": "Okay",
        "current_last_inspection_date": "05/19/2026",
        "current_score": "0",
        "date": "2025-06-23",
        "facility_detail_url": "https://aca-prod.accela.com/TPCHD/GeneralProperty/FoodFacilityInspectionDetail.aspx?LicenseeNumber=PR0039284&LicenseeType=Food+Facility",
        "facility_id": "PR0039284",
        "geocode_status": "row",
        "inspection_date": "06/23/2025",
        "inspection_date_iso": "2025-06-23",
        "inspection_identity": "PR0039284|379394",
        "inspection_result": "A REINSPECTION IS REQUIRED",
        "inspection_type": "Routine Inspection- F&CS",
        "inspection_year": "2025",
        "record_id": "tpchd-be19795ee55b",
        "red_point_severity": "red_points_51_75",
        "red_point_severity_label": "51-75 red points",
        "red_points": 65,
        "repeat_red_points": 65,
        "report_fetch_status": "ok",
        "report_url": "https://aca-prod.accela.com/TPCHD/GET_INSP_DOCHandler.ashx?AltId=PR0039284&InspId=379394",
        "source": "TPCHD Accela",
        "total_points": 96,
        "zip": "98499"
      },
      "type": "Feature"
    },
    {
      "geometry": {
        "coordinates": [
          -122.4362735,
          47.1346918
        ],
        "type": "Point"
      },
      "properties": {
        "address": "306 134th ST S Tacoma WA 98444 United States",
        "business_name": "MAN BBQ RED TRUCK (THE) - RED TRUCK(TPCHD BLUE#1822)",
        "city": "Tacoma",
        "current_grade": "",
        "current_last_inspection_date": "06/19/2025",
        "current_score": "40",
        "date": "2025-06-19",
        "facility_detail_url": "https://aca-prod.accela.com/TPCHD/GeneralProperty/FoodFacilityInspectionDetail.aspx?LicenseeNumber=PR0040153&LicenseeType=Food+Facility",
        "facility_id": "PR0040153",
        "geocode_status": "row",
        "inspection_date": "06/19/2025",
        "inspection_date_iso": "2025-06-19",
        "inspection_identity": "PR0040153|222849",
        "inspection_result": "A REINSPECTION IS REQUIRED",
        "inspection_type": "Routine Inspection- F&CS",
        "inspection_year": "2025",
        "record_id": "tpchd-5032765b9af4",
        "red_point_severity": "red_points_36_50",
        "red_point_severity_label": "36-50 red points",
        "red_points": 40,
        "repeat_red_points": 0,
        "report_fetch_status": "ok",
        "report_url": "https://aca-prod.accela.com/TPCHD/GET_INSP_DOCHandler.ashx?AltId=PR0040153&InspId=222849",
        "source": "TPCHD Accela",
        "total_points": 40,
        "zip": "98444"
      },
      "type": "Feature"
    },
    {
      "geometry": {
        "coordinates": [
          -122.5853862,
          47.3184233
        ],
        "type": "Point"
      },
      "properties": {
        "address": "6575 Kimball Dr Gig Harbor WA 98335 United States",
        "business_name": "WESLEY INN OF GIG HARBOR",
        "city": "Gig Harbor",
        "current_grade": "Great",
        "current_last_inspection_date": "12/19/2025",
        "current_score": "0",
        "date": "2025-05-29",
        "facility_detail_url": "https://aca-prod.accela.com/TPCHD/GeneralProperty/FoodFacilityInspectionDetail.aspx?LicenseeNumber=PR0034691&LicenseeType=Food+Facility",
        "facility_id": "PR0034691",
        "geocode_status": "row",
        "inspection_date": "05/29/2025",
        "inspection_date_iso": "2025-05-29",
        "inspection_identity": "PR0034691|428842",
        "inspection_result": "A REINSPECTION IS REQUIRED",
        "inspection_type": "FOLLOW  UP REINSPECTION (CHG) - Food",
        "inspection_year": "2025",
        "record_id": "tpchd-c08235bdb990",
        "red_point_severity": "red_points_51_75",
        "red_point_severity_label": "51-75 red points",
        "red_points": 70,
        "repeat_red_points": 0,
        "report_fetch_status": "ok",
        "report_url": "https://aca-prod.accela.com/TPCHD/GET_INSP_DOCHandler.ashx?AltId=PR0034691&InspId=428842",
        "source": "TPCHD Accela",
        "total_points": 70,
        "zip": "98335"
      },
      "type": "Feature"
    },
    {
      "geometry": {
        "coordinates": [
          -122.5853862,
          47.3184233
        ],
        "type": "Point"
      },
      "properties": {
        "address": "6575 Kimball Dr Gig Harbor WA 98335 United States",
        "business_name": "WESLEY INN OF GIG HARBOR",
        "city": "Gig Harbor",
        "current_grade": "Great",
        "current_last_inspection_date": "12/19/2025",
        "current_score": "0",
        "date": "2025-05-15",
        "facility_detail_url": "https://aca-prod.accela.com/TPCHD/GeneralProperty/FoodFacilityInspectionDetail.aspx?LicenseeNumber=PR0034691&LicenseeType=Food+Facility",
        "facility_id": "PR0034691",
        "geocode_status": "row",
        "inspection_date": "05/15/2025",
        "inspection_date_iso": "2025-05-15",
        "inspection_identity": "PR0034691|428843",
        "inspection_result": "A REINSPECTION IS REQUIRED",
        "inspection_type": "Routine Inspection- F&CS",
        "inspection_year": "2025",
        "record_id": "tpchd-76469273c9ce",
        "red_point_severity": "red_points_76_100",
        "red_point_severity_label": "76-100 red points",
        "red_points": 90,
        "repeat_red_points": 0,
        "report_fetch_status": "ok",
        "report_url": "https://aca-prod.accela.com/TPCHD/GET_INSP_DOCHandler.ashx?AltId=PR0034691&InspId=428843",
        "source": "TPCHD Accela",
        "total_points": 90,
        "zip": "98335"
      },
      "type": "Feature"
    },
    {
      "geometry": {
        "coordinates": [
          -122.5133821,
          47.1664687
        ],
        "type": "Point"
      },
      "properties": {
        "address": "5700 100TH ST SW STE 500 Lakewood WA 98499 United States",
        "business_name": "KOTO TERIYAKI",
        "city": "Lakewood",
        "current_grade": "Okay",
        "current_last_inspection_date": "04/20/2026",
        "current_score": "25",
        "date": "2025-05-01",
        "facility_detail_url": "https://aca-prod.accela.com/TPCHD/GeneralProperty/FoodFacilityInspectionDetail.aspx?LicenseeNumber=PR0040695&LicenseeType=Food+Facility",
        "facility_id": "PR0040695",
        "geocode_status": "row",
        "inspection_date": "05/01/2025",
        "inspection_date_iso": "2025-05-01",
        "inspection_identity": "PR0040695|325608",
        "inspection_result": "MEETS TPCHD MINIMUM HEALTH STANDARDS",
        "inspection_type": "Routine Inspection- F&CS",
        "inspection_year": "2025",
        "record_id": "tpchd-57d3732ebe9c",
        "red_point_severity": "red_points_51_75",
        "red_point_severity_label": "51-75 red points",
        "red_points": 70,
        "repeat_red_points": 0,
        "report_fetch_status": "ok",
        "report_url": "https://aca-prod.accela.com/TPCHD/GET_INSP_DOCHandler.ashx?AltId=PR0040695&InspId=325608",
        "source": "TPCHD Accela",
        "total_points": 70,
        "zip": "98499"
      },
      "type": "Feature"
    },
    {
      "geometry": {
        "coordinates": [
          -122.5589393,
          47.1443611
        ],
        "type": "Point"
      },
      "properties": {
        "address": "9124 Veterans DR SW Tacoma WA 98498 United States",
        "business_name": "LA TENTACION TACOS AND TEQUILA",
        "city": "Tacoma",
        "current_grade": "",
        "current_last_inspection_date": "10/24/2025",
        "current_score": "25",
        "date": "2025-04-17",
        "facility_detail_url": "https://aca-prod.accela.com/TPCHD/GeneralProperty/FoodFacilityInspectionDetail.aspx?LicenseeNumber=PR0038654&LicenseeType=Food+Facility",
        "facility_id": "PR0038654",
        "geocode_status": "row",
        "inspection_date": "04/17/2025",
        "inspection_date_iso": "2025-04-17",
        "inspection_identity": "PR0038654|427971",
        "inspection_result": "A REINSPECTION IS REQUIRED",
        "inspection_type": "Routine Inspection- F&CS",
        "inspection_year": "2025",
        "record_id": "tpchd-c5f9bc716de5",
        "red_point_severity": "red_points_76_100",
        "red_point_severity_label": "76-100 red points",
        "red_points": 85,
        "repeat_red_points": 0,
        "report_fetch_status": "ok",
        "report_url": "https://aca-prod.accela.com/TPCHD/GET_INSP_DOCHandler.ashx?AltId=PR0038654&InspId=427971",
        "source": "TPCHD Accela",
        "total_points": 88,
        "zip": "98498"
      },
      "type": "Feature"
    },
    {
      "geometry": {
        "coordinates": [
          -122.481023,
          47.255613
        ],
        "type": "Point"
      },
      "properties": {
        "address": "3401 6th AVE #F&G Tacoma WA 98406 United States",
        "business_name": "SILK THAI CAFE",
        "city": "Tacoma",
        "current_grade": "",
        "current_last_inspection_date": "05/21/2026",
        "current_score": "0",
        "date": "2025-04-10",
        "facility_detail_url": "https://aca-prod.accela.com/TPCHD/GeneralProperty/FoodFacilityInspectionDetail.aspx?LicenseeNumber=PR0022641&LicenseeType=Food+Facility",
        "facility_id": "PR0022641",
        "geocode_status": "row",
        "inspection_date": "04/10/2025",
        "inspection_date_iso": "2025-04-10",
        "inspection_identity": "PR0022641|20424",
        "inspection_result": "A REINSPECTION IS REQUIRED",
        "inspection_type": "Routine Inspection- F&CS",
        "inspection_year": "2025",
        "record_id": "tpchd-0d26f73b2f77",
        "red_point_severity": "red_points_36_50",
        "red_point_severity_label": "36-50 red points",
        "red_points": 45,
        "repeat_red_points": 45,
        "report_fetch_status": "ok",
        "report_url": "https://aca-prod.accela.com/TPCHD/GET_INSP_DOCHandler.ashx?AltId=PR0022641&InspId=20424",
        "source": "TPCHD Accela",
        "total_points": 94,
        "zip": "98406"
      },
      "type": "Feature"
    },
    {
      "geometry": {
        "coordinates": [
          -122.467149,
          47.21494329999999
        ],
        "type": "Point"
      },
      "properties": {
        "address": "4502 S Steele ST STE 1510 Tacoma WA 98409 United States",
        "business_name": "WOOBLING KOREAN BBQ",
        "city": "Tacoma",
        "current_grade": "Okay",
        "current_last_inspection_date": "05/18/2026",
        "current_score": "85",
        "date": "2025-04-09",
        "facility_detail_url": "https://aca-prod.accela.com/TPCHD/GeneralProperty/FoodFacilityInspectionDetail.aspx?LicenseeNumber=PR0040811&LicenseeType=Food+Facility",
        "facility_id": "PR0040811",
        "geocode_status": "row",
        "inspection_date": "04/09/2025",
        "inspection_date_iso": "2025-04-09",
        "inspection_identity": "PR0040811|379991",
        "inspection_result": "A REINSPECTION IS REQUIRED",
        "inspection_type": "Routine Inspection- F&CS",
        "inspection_year": "2025",
        "record_id": "tpchd-8eae54de4da7",
        "red_point_severity": "red_points_76_100",
        "red_point_severity_label": "76-100 red points",
        "red_points": 80,
        "repeat_red_points": 75,
        "report_fetch_status": "ok",
        "report_url": "https://aca-prod.accela.com/TPCHD/GET_INSP_DOCHandler.ashx?AltId=PR0040811&InspId=379991",
        "source": "TPCHD Accela",
        "total_points": 85,
        "zip": "98409"
      },
      "type": "Feature"
    },
    {
      "geometry": {
        "coordinates": [
          -122.4502844,
          47.24336530000001
        ],
        "type": "Point"
      },
      "properties": {
        "address": "1902 MLK JR WAY Tacoma WA 98405 United States",
        "business_name": "EZELLS FAMOUS CHICKEN",
        "city": "Tacoma",
        "current_grade": "",
        "current_last_inspection_date": "05/14/2026",
        "current_score": "0",
        "date": "2025-03-25",
        "facility_detail_url": "https://aca-prod.accela.com/TPCHD/GeneralProperty/FoodFacilityInspectionDetail.aspx?LicenseeNumber=PR0031849&LicenseeType=Food+Facility",
        "facility_id": "PR0031849",
        "geocode_status": "row",
        "inspection_date": "03/25/2025",
        "inspection_date_iso": "2025-03-25",
        "inspection_identity": "PR0031849|300512",
        "inspection_result": "A REINSPECTION IS REQUIRED",
        "inspection_type": "Routine Inspection- F&CS",
        "inspection_year": "2025",
        "record_id": "tpchd-43ade74d8eed",
        "red_point_severity": "red_points_51_75",
        "red_point_severity_label": "51-75 red points",
        "red_points": 65,
        "repeat_red_points": 60,
        "report_fetch_status": "ok",
        "report_url": "https://aca-prod.accela.com/TPCHD/GET_INSP_DOCHandler.ashx?AltId=PR0031849&InspId=300512",
        "source": "TPCHD Accela",
        "total_points": 189,
        "zip": "98405"
      },
      "type": "Feature"
    },
    {
      "geometry": {
        "coordinates": [
          -122.4403333,
          47.2504061
        ],
        "type": "Point"
      },
      "properties": {
        "address": "1320 Broadway Plaza Tacoma WA 98402 United States",
        "business_name": "HOTEL MURANO",
        "city": "Tacoma",
        "current_grade": "Okay",
        "current_last_inspection_date": "05/13/2026",
        "current_score": "65",
        "date": "2025-03-20",
        "facility_detail_url": "https://aca-prod.accela.com/TPCHD/GeneralProperty/FoodFacilityInspectionDetail.aspx?LicenseeNumber=PR0000307&LicenseeType=Food+Facility",
        "facility_id": "PR0000307",
        "geocode_status": "row",
        "inspection_date": "03/20/2025",
        "inspection_date_iso": "2025-03-20",
        "inspection_identity": "PR0000307|588332",
        "inspection_result": "A REINSPECTION IS REQUIRED",
        "inspection_type": "Routine Inspection- F&CS",
        "inspection_year": "2025",
        "record_id": "tpchd-9dfa3a75a2ed",
        "red_point_severity": "red_points_76_100",
        "red_point_severity_label": "76-100 red points",
        "red_points": 80,
        "repeat_red_points": 70,
        "report_fetch_status": "ok",
        "report_url": "https://aca-prod.accela.com/TPCHD/GET_INSP_DOCHandler.ashx?AltId=PR0000307&InspId=588332",
        "source": "TPCHD Accela",
        "total_points": 131,
        "zip": "98402"
      },
      "type": "Feature"
    },
    {
      "geometry": {
        "coordinates": [
          -122.5787864,
          47.3030301
        ],
        "type": "Point"
      },
      "properties": {
        "address": "4901 Point Fosdick DR N STE B600 Gig Harbor WA 98335 United States",
        "business_name": "MILKVUE DONUTS AND COFFEE",
        "city": "Gig Harbor",
        "current_grade": "Great",
        "current_last_inspection_date": "05/14/2026",
        "current_score": "45",
        "date": "2025-03-20",
        "facility_detail_url": "https://aca-prod.accela.com/TPCHD/GeneralProperty/FoodFacilityInspectionDetail.aspx?LicenseeNumber=PR0038671&LicenseeType=Food+Facility",
        "facility_id": "PR0038671",
        "geocode_status": "row",
        "inspection_date": "03/20/2025",
        "inspection_date_iso": "2025-03-20",
        "inspection_identity": "PR0038671|606006",
        "inspection_result": "MEETS TPCHD MINIMUM HEALTH STANDARDS",
        "inspection_type": "Routine Inspection- F&CS",
        "inspection_year": "2025",
        "record_id": "tpchd-a7432e90722e",
        "red_point_severity": "red_points_36_50",
        "red_point_severity_label": "36-50 red points",
        "red_points": 42,
        "repeat_red_points": 30,
        "report_fetch_status": "ok",
        "report_url": "https://aca-prod.accela.com/TPCHD/GET_INSP_DOCHandler.ashx?AltId=PR0038671&InspId=606006",
        "source": "TPCHD Accela",
        "total_points": 97,
        "zip": "98335"
      },
      "type": "Feature"
    },
    {
      "geometry": {
        "coordinates": [
          -122.5988608,
          47.17286259999999
        ],
        "type": "Point"
      },
      "properties": {
        "address": "1617 Lafayette ST Steilacoom WA 98388 United States",
        "business_name": "BAIR (THE)",
        "city": "Steilacoom",
        "current_grade": "",
        "current_last_inspection_date": "12/09/2025",
        "current_score": "0",
        "date": "2025-03-14",
        "facility_detail_url": "https://aca-prod.accela.com/TPCHD/GeneralProperty/FoodFacilityInspectionDetail.aspx?LicenseeNumber=PR0036828&LicenseeType=Food+Facility",
        "facility_id": "PR0036828",
        "geocode_status": "row",
        "inspection_date": "03/14/2025",
        "inspection_date_iso": "2025-03-14",
        "inspection_identity": "PR0036828|245856",
        "inspection_result": "A REINSPECTION IS REQUIRED",
        "inspection_type": "Routine Inspection- F&CS",
        "inspection_year": "2025",
        "record_id": "tpchd-958d618e7058",
        "red_point_severity": "red_points_51_75",
        "red_point_severity_label": "51-75 red points",
        "red_points": 75,
        "repeat_red_points": 75,
        "report_fetch_status": "ok",
        "report_url": "https://aca-prod.accela.com/TPCHD/GET_INSP_DOCHandler.ashx?AltId=PR0036828&InspId=245856",
        "source": "TPCHD Accela",
        "total_points": 115,
        "zip": "98388"
      },
      "type": "Feature"
    },
    {
      "geometry": {
        "coordinates": [
          -122.4492028,
          47.24328999999999
        ],
        "type": "Point"
      },
      "properties": {
        "address": "1901 Martin Luther King JR WAY STE B Tacoma WA 98405 United States",
        "business_name": "MIMI TERIYAKI & SUSHI BURRITO",
        "city": "Tacoma",
        "current_grade": "",
        "current_last_inspection_date": "05/14/2026",
        "current_score": "0",
        "date": "2025-03-05",
        "facility_detail_url": "https://aca-prod.accela.com/TPCHD/GeneralProperty/FoodFacilityInspectionDetail.aspx?LicenseeNumber=PR0039323&LicenseeType=Food+Facility",
        "facility_id": "PR0039323",
        "geocode_status": "row",
        "inspection_date": "03/05/2025",
        "inspection_date_iso": "2025-03-05",
        "inspection_identity": "PR0039323|137671",
        "inspection_result": "A REINSPECTION IS REQUIRED",
        "inspection_type": "Routine Inspection- F&CS",
        "inspection_year": "2025",
        "record_id": "tpchd-fbb2318fc218",
        "red_point_severity": "red_points_36_50",
        "red_point_severity_label": "36-50 red points",
        "red_points": 50,
        "repeat_red_points": 45,
        "report_fetch_status": "ok",
        "report_url": "https://aca-prod.accela.com/TPCHD/GET_INSP_DOCHandler.ashx?AltId=PR0039323&InspId=137671",
        "source": "TPCHD Accela",
        "total_points": 149,
        "zip": "98405"
      },
      "type": "Feature"
    },
    {
      "geometry": {
        "coordinates": [
          -122.4369063,
          47.1209515
        ],
        "type": "Point"
      },
      "properties": {
        "address": "14906 Pacific AVE S Parkland WA 98444 United States",
        "business_name": "STACKS BURGERS",
        "city": "Parkland",
        "current_grade": "Okay",
        "current_last_inspection_date": "10/29/2025",
        "current_score": "110",
        "date": "2025-02-26",
        "facility_detail_url": "https://aca-prod.accela.com/TPCHD/GeneralProperty/FoodFacilityInspectionDetail.aspx?LicenseeNumber=PR0038869&LicenseeType=Food+Facility",
        "facility_id": "PR0038869",
        "geocode_status": "row",
        "inspection_date": "02/26/2025",
        "inspection_date_iso": "2025-02-26",
        "inspection_identity": "PR0038869|138217",
        "inspection_result": "A REINSPECTION IS REQUIRED",
        "inspection_type": "Routine Inspection- F&CS",
        "inspection_year": "2025",
        "record_id": "tpchd-76afd2ff28f4",
        "red_point_severity": "red_points_101_plus",
        "red_point_severity_label": "101+ red points",
        "red_points": 135,
        "repeat_red_points": 0,
        "report_fetch_status": "ok",
        "report_url": "https://aca-prod.accela.com/TPCHD/GET_INSP_DOCHandler.ashx?AltId=PR0038869&InspId=138217",
        "source": "TPCHD Accela",
        "total_points": 135,
        "zip": "98444"
      },
      "type": "Feature"
    },
    {
      "geometry": {
        "coordinates": [
          -122.5874741,
          47.32077719999999
        ],
        "type": "Point"
      },
      "properties": {
        "address": "6820 Kimball Dr A-1 Gig Harbor WA 98335 United States",
        "business_name": "KINZA TERIYAKI",
        "city": "Gig Harbor",
        "current_grade": "",
        "current_last_inspection_date": "03/16/2026",
        "current_score": "0",
        "date": "2025-02-20",
        "facility_detail_url": "https://aca-prod.accela.com/TPCHD/GeneralProperty/FoodFacilityInspectionDetail.aspx?LicenseeNumber=PR0039437&LicenseeType=Food+Facility",
        "facility_id": "PR0039437",
        "geocode_status": "row",
        "inspection_date": "02/20/2025",
        "inspection_date_iso": "2025-02-20",
        "inspection_identity": "PR0039437|325850",
        "inspection_result": "A REINSPECTION IS REQUIRED",
        "inspection_type": "Routine Inspection- F&CS",
        "inspection_year": "2025",
        "record_id": "tpchd-9edb6242387d",
        "red_point_severity": "red_points_51_75",
        "red_point_severity_label": "51-75 red points",
        "red_points": 60,
        "repeat_red_points": 60,
        "report_fetch_status": "ok",
        "report_url": "https://aca-prod.accela.com/TPCHD/GET_INSP_DOCHandler.ashx?AltId=PR0039437&InspId=325850",
        "source": "TPCHD Accela",
        "total_points": 63,
        "zip": "98335"
      },
      "type": "Feature"
    },
    {
      "geometry": {
        "coordinates": [
          -122.4352686,
          47.2398546
        ],
        "type": "Point"
      },
      "properties": {
        "address": "2401 Pacific AVE Tacoma WA 98402 United States",
        "business_name": "BERLINER BEERHALL",
        "city": "Tacoma",
        "current_grade": "",
        "current_last_inspection_date": "01/08/2026",
        "current_score": "0",
        "date": "2024-12-19",
        "facility_detail_url": "https://aca-prod.accela.com/TPCHD/GeneralProperty/FoodFacilityInspectionDetail.aspx?LicenseeNumber=PR0035984&LicenseeType=Food+Facility",
        "facility_id": "PR0035984",
        "geocode_status": "row",
        "inspection_date": "12/19/2024",
        "inspection_date_iso": "2024-12-19",
        "inspection_identity": "PR0035984|302878",
        "inspection_result": "A REINSPECTION IS REQUIRED",
        "inspection_type": "Routine Inspection- F&CS",
        "inspection_year": "2024",
        "record_id": "tpchd-b72b28568699",
        "red_point_severity": "red_points_36_50",
        "red_point_severity_label": "36-50 red points",
        "red_points": 50,
        "repeat_red_points": 50,
        "report_fetch_status": "ok",
        "report_url": "https://aca-prod.accela.com/TPCHD/GET_INSP_DOCHandler.ashx?AltId=PR0035984&InspId=302878",
        "source": "TPCHD Accela",
        "total_points": 104,
        "zip": "98402"
      },
      "type": "Feature"
    },
    {
      "geometry": {
        "coordinates": [
          -122.611856,
          47.5347885
        ],
        "type": "Point"
      },
      "properties": {
        "address": "1472 Olney AVE SE Port Orchard WA 98366 United States",
        "business_name": "TAQUERIA EL GUERO - TPCHD #0264",
        "city": "Port Orchard",
        "current_grade": "",
        "current_last_inspection_date": "03/05/2026",
        "current_score": "0",
        "date": "2024-10-30",
        "facility_detail_url": "https://aca-prod.accela.com/TPCHD/GeneralProperty/FoodFacilityInspectionDetail.aspx?LicenseeNumber=PR0040302&LicenseeType=Food+Facility",
        "facility_id": "PR0040302",
        "geocode_status": "row",
        "inspection_date": "10/30/2024",
        "inspection_date_iso": "2024-10-30",
        "inspection_identity": "PR0040302|419836",
        "inspection_result": "A REINSPECTION IS REQUIRED",
        "inspection_type": "Routine Inspection- F&CS",
        "inspection_year": "2024",
        "record_id": "tpchd-486ddf12f19d",
        "red_point_severity": "red_points_51_75",
        "red_point_severity_label": "51-75 red points",
        "red_points": 55,
        "repeat_red_points": 0,
        "report_fetch_status": "ok",
        "report_url": "https://aca-prod.accela.com/TPCHD/GET_INSP_DOCHandler.ashx?AltId=PR0040302&InspId=419836",
        "source": "TPCHD Accela",
        "total_points": 55,
        "zip": "98366"
      },
      "type": "Feature"
    },
    {
      "geometry": {
        "coordinates": [
          -122.5874741,
          47.32077719999999
        ],
        "type": "Point"
      },
      "properties": {
        "address": "6820 Kimball Dr A-1 Gig Harbor WA 98335 United States",
        "business_name": "KINZA TERIYAKI",
        "city": "Gig Harbor",
        "current_grade": "",
        "current_last_inspection_date": "03/16/2026",
        "current_score": "0",
        "date": "2024-10-11",
        "facility_detail_url": "https://aca-prod.accela.com/TPCHD/GeneralProperty/FoodFacilityInspectionDetail.aspx?LicenseeNumber=PR0039437&LicenseeType=Food+Facility",
        "facility_id": "PR0039437",
        "geocode_status": "row",
        "inspection_date": "10/11/2024",
        "inspection_date_iso": "2024-10-11",
        "inspection_identity": "PR0039437|325852",
        "inspection_result": "A REINSPECTION IS REQUIRED",
        "inspection_type": "Routine Inspection- F&CS",
        "inspection_year": "2024",
        "record_id": "tpchd-c6a2ade62ddd",
        "red_point_severity": "red_points_51_75",
        "red_point_severity_label": "51-75 red points",
        "red_points": 60,
        "repeat_red_points": 50,
        "report_fetch_status": "ok",
        "report_url": "https://aca-prod.accela.com/TPCHD/GET_INSP_DOCHandler.ashx?AltId=PR0039437&InspId=325852",
        "source": "TPCHD Accela",
        "total_points": 88,
        "zip": "98335"
      },
      "type": "Feature"
    },
    {
      "geometry": {
        "coordinates": [
          -122.467149,
          47.21494329999999
        ],
        "type": "Point"
      },
      "properties": {
        "address": "4502 S Steele ST STE 1510 Tacoma WA 98409 United States",
        "business_name": "WOOBLING KOREAN BBQ",
        "city": "Tacoma",
        "current_grade": "Okay",
        "current_last_inspection_date": "05/18/2026",
        "current_score": "85",
        "date": "2024-10-03",
        "facility_detail_url": "https://aca-prod.accela.com/TPCHD/GeneralProperty/FoodFacilityInspectionDetail.aspx?LicenseeNumber=PR0040811&LicenseeType=Food+Facility",
        "facility_id": "PR0040811",
        "geocode_status": "row",
        "inspection_date": "10/03/2024",
        "inspection_date_iso": "2024-10-03",
        "inspection_identity": "PR0040811|379996",
        "inspection_result": "A REINSPECTION IS REQUIRED",
        "inspection_type": "Routine Inspection- F&CS",
        "inspection_year": "2024",
        "record_id": "tpchd-4f9f1111d719",
        "red_point_severity": "red_points_36_50",
        "red_point_severity_label": "36-50 red points",
        "red_points": 45,
        "repeat_red_points": 45,
        "report_fetch_status": "ok",
        "report_url": "https://aca-prod.accela.com/TPCHD/GET_INSP_DOCHandler.ashx?AltId=PR0040811&InspId=379996",
        "source": "TPCHD Accela",
        "total_points": 68,
        "zip": "98409"
      },
      "type": "Feature"
    },
    {
      "geometry": {
        "coordinates": [
          -122.0495945,
          47.1287607
        ],
        "type": "Point"
      },
      "properties": {
        "address": "14204 State Route 165 E Buckley WA 98321 United States",
        "business_name": "BURNETT STORE",
        "city": "Buckley",
        "current_grade": "Okay",
        "current_last_inspection_date": "11/07/2025",
        "current_score": "55",
        "date": "2024-09-17",
        "facility_detail_url": "https://aca-prod.accela.com/TPCHD/GeneralProperty/FoodFacilityInspectionDetail.aspx?LicenseeNumber=PR0037669&LicenseeType=Food+Facility",
        "facility_id": "PR0037669",
        "geocode_status": "row",
        "inspection_date": "09/17/2024",
        "inspection_date_iso": "2024-09-17",
        "inspection_identity": "PR0037669|96336",
        "inspection_result": "A REINSPECTION IS REQUIRED",
        "inspection_type": "Routine Inspection- F&CS",
        "inspection_year": "2024",
        "record_id": "tpchd-aff50ca93326",
        "red_point_severity": "red_points_36_50",
        "red_point_severity_label": "36-50 red points",
        "red_points": 50,
        "repeat_red_points": 45,
        "report_fetch_status": "ok",
        "report_url": "https://aca-prod.accela.com/TPCHD/GET_INSP_DOCHandler.ashx?AltId=PR0037669&InspId=96336",
        "source": "TPCHD Accela",
        "total_points": 79,
        "zip": "98321"
      },
      "type": "Feature"
    },
    {
      "geometry": {
        "coordinates": [
          -122.4384563,
          47.2553844
        ],
        "type": "Point"
      },
      "properties": {
        "address": "112 S 9th ST Tacoma WA 98402 United States",
        "business_name": "AL BACHA",
        "city": "Tacoma",
        "current_grade": "",
        "current_last_inspection_date": "05/18/2026",
        "current_score": "0",
        "date": "2024-08-21",
        "facility_detail_url": "https://aca-prod.accela.com/TPCHD/GeneralProperty/FoodFacilityInspectionDetail.aspx?LicenseeNumber=PR0039292&LicenseeType=Food+Facility",
        "facility_id": "PR0039292",
        "geocode_status": "row",
        "inspection_date": "08/21/2024",
        "inspection_date_iso": "2024-08-21",
        "inspection_identity": "PR0039292|336099",
        "inspection_result": "A REINSPECTION IS REQUIRED",
        "inspection_type": "Routine Inspection- F&CS",
        "inspection_year": "2024",
        "record_id": "tpchd-5100657d215a",
        "red_point_severity": "red_points_76_100",
        "red_point_severity_label": "76-100 red points",
        "red_points": 85,
        "repeat_red_points": 80,
        "report_fetch_status": "ok",
        "report_url": "https://aca-prod.accela.com/TPCHD/GET_INSP_DOCHandler.ashx?AltId=PR0039292&InspId=336099",
        "source": "TPCHD Accela",
        "total_points": 112,
        "zip": "98402"
      },
      "type": "Feature"
    },
    {
      "geometry": {
        "coordinates": [
          -122.037983,
          47.158295
        ],
        "type": "Point"
      },
      "properties": {
        "address": "29297 State Route 410 STE A Buckley WA 98321 United States",
        "business_name": "VERONICA'S MEXICAN FOOD TRUCK #2 - TPCHD #1377",
        "city": "Buckley",
        "current_grade": "Okay",
        "current_last_inspection_date": "02/06/2026",
        "current_score": "20",
        "date": "2024-08-20",
        "facility_detail_url": "https://aca-prod.accela.com/TPCHD/GeneralProperty/FoodFacilityInspectionDetail.aspx?LicenseeNumber=PR0040063&LicenseeType=Food+Facility",
        "facility_id": "PR0040063",
        "geocode_status": "row",
        "inspection_date": "08/20/2024",
        "inspection_date_iso": "2024-08-20",
        "inspection_identity": "PR0040063|497989",
        "inspection_result": "A REINSPECTION IS REQUIRED",
        "inspection_type": "Routine Inspection- F&CS",
        "inspection_year": "2024",
        "record_id": "tpchd-fdcfaefae40f",
        "red_point_severity": "red_points_76_100",
        "red_point_severity_label": "76-100 red points",
        "red_points": 90,
        "repeat_red_points": 85,
        "report_fetch_status": "ok",
        "report_url": "https://aca-prod.accela.com/TPCHD/GET_INSP_DOCHandler.ashx?AltId=PR0040063&InspId=497989",
        "source": "TPCHD Accela",
        "total_points": 119,
        "zip": "98321"
      },
      "type": "Feature"
    },
    {
      "geometry": {
        "coordinates": [
          -122.4492028,
          47.24328999999999
        ],
        "type": "Point"
      },
      "properties": {
        "address": "1901 Martin Luther King JR WAY STE B Tacoma WA 98405 United States",
        "business_name": "MIMI TERIYAKI & SUSHI BURRITO",
        "city": "Tacoma",
        "current_grade": "",
        "current_last_inspection_date": "05/14/2026",
        "current_score": "0",
        "date": "2024-07-23",
        "facility_detail_url": "https://aca-prod.accela.com/TPCHD/GeneralProperty/FoodFacilityInspectionDetail.aspx?LicenseeNumber=PR0039323&LicenseeType=Food+Facility",
        "facility_id": "PR0039323",
        "geocode_status": "row",
        "inspection_date": "07/23/2024",
        "inspection_date_iso": "2024-07-23",
        "inspection_identity": "PR0039323|137673",
        "inspection_result": "A REINSPECTION IS REQUIRED",
        "inspection_type": "Routine Inspection- F&CS",
        "inspection_year": "2024",
        "record_id": "tpchd-54cb17a7e6c2",
        "red_point_severity": "red_points_36_50",
        "red_point_severity_label": "36-50 red points",
        "red_points": 45,
        "repeat_red_points": 45,
        "report_fetch_status": "ok",
        "report_url": "https://aca-prod.accela.com/TPCHD/GET_INSP_DOCHandler.ashx?AltId=PR0039323&InspId=137673",
        "source": "TPCHD Accela",
        "total_points": 49,
        "zip": "98405"
      },
      "type": "Feature"
    },
    {
      "geometry": {
        "coordinates": [
          -122.5067449,
          47.30115989999999
        ],
        "type": "Point"
      },
      "properties": {
        "address": "5125 Grand Loop Ruston WA 98407 United States",
        "business_name": "SILVER CLOUD",
        "city": "Ruston",
        "current_grade": "Great",
        "current_last_inspection_date": "02/06/2026",
        "current_score": "0",
        "date": "2024-04-19",
        "facility_detail_url": "https://aca-prod.accela.com/TPCHD/GeneralProperty/FoodFacilityInspectionDetail.aspx?LicenseeNumber=PR0037564&LicenseeType=Food+Facility",
        "facility_id": "PR0037564",
        "geocode_status": "row",
        "inspection_date": "04/19/2024",
        "inspection_date_iso": "2024-04-19",
        "inspection_identity": "PR0037564|421065",
        "inspection_result": "A REINSPECTION IS REQUIRED",
        "inspection_type": "Routine Inspection- F&CS",
        "inspection_year": "2024",
        "record_id": "tpchd-1902f85891cc",
        "red_point_severity": "red_points_51_75",
        "red_point_severity_label": "51-75 red points",
        "red_points": 55,
        "repeat_red_points": 55,
        "report_fetch_status": "ok",
        "report_url": "https://aca-prod.accela.com/TPCHD/GET_INSP_DOCHandler.ashx?AltId=PR0037564&InspId=421065",
        "source": "TPCHD Accela",
        "total_points": 102,
        "zip": "98407"
      },
      "type": "Feature"
    },
    {
      "geometry": {
        "coordinates": [
          -122.481023,
          47.255613
        ],
        "type": "Point"
      },
      "properties": {
        "address": "3401 6th AVE #F&G Tacoma WA 98406 United States",
        "business_name": "SILK THAI CAFE",
        "city": "Tacoma",
        "current_grade": "",
        "current_last_inspection_date": "05/21/2026",
        "current_score": "0",
        "date": "2024-01-31",
        "facility_detail_url": "https://aca-prod.accela.com/TPCHD/GeneralProperty/FoodFacilityInspectionDetail.aspx?LicenseeNumber=PR0022641&LicenseeType=Food+Facility",
        "facility_id": "PR0022641",
        "geocode_status": "row",
        "inspection_date": "01/31/2024",
        "inspection_date_iso": "2024-01-31",
        "inspection_identity": "PR0022641|20430",
        "inspection_result": "A REINSPECTION IS REQUIRED",
        "inspection_type": "Routine Inspection- F&CS",
        "inspection_year": "2024",
        "record_id": "tpchd-53554fec300d",
        "red_point_severity": "red_points_76_100",
        "red_point_severity_label": "76-100 red points",
        "red_points": 80,
        "repeat_red_points": 70,
        "report_fetch_status": "ok",
        "report_url": "https://aca-prod.accela.com/TPCHD/GET_INSP_DOCHandler.ashx?AltId=PR0022641&InspId=20430",
        "source": "TPCHD Accela",
        "total_points": 210,
        "zip": "98406"
      },
      "type": "Feature"
    },
    {
      "geometry": {
        "coordinates": [
          -122.5160428,
          47.2982448
        ],
        "type": "Point"
      },
      "properties": {
        "address": "5102 N Pearl St Tacoma WA 98407 United States",
        "business_name": "ANTIQUE SANDWICH",
        "city": "Tacoma",
        "current_grade": "Great",
        "current_last_inspection_date": "02/20/2026",
        "current_score": "0",
        "date": "2023-12-20",
        "facility_detail_url": "https://aca-prod.accela.com/TPCHD/GeneralProperty/FoodFacilityInspectionDetail.aspx?LicenseeNumber=PR0000002&LicenseeType=Food+Facility",
        "facility_id": "PR0000002",
        "geocode_status": "row",
        "inspection_date": "12/20/2023",
        "inspection_date_iso": "2023-12-20",
        "inspection_identity": "PR0000002|272559",
        "inspection_result": "A REINSPECTION IS REQUIRED",
        "inspection_type": "Routine Inspection- F&CS",
        "inspection_year": "2023",
        "record_id": "tpchd-d29869fe00a7",
        "red_point_severity": "red_points_51_75",
        "red_point_severity_label": "51-75 red points",
        "red_points": 60,
        "repeat_red_points": 55,
        "report_fetch_status": "ok",
        "report_url": "https://aca-prod.accela.com/TPCHD/GET_INSP_DOCHandler.ashx?AltId=PR0000002&InspId=272559",
        "source": "TPCHD Accela",
        "total_points": 62,
        "zip": "98407"
      },
      "type": "Feature"
    },
    {
      "geometry": {
        "coordinates": [
          -122.5874741,
          47.32077719999999
        ],
        "type": "Point"
      },
      "properties": {
        "address": "6820 Kimball Dr A-1 Gig Harbor WA 98335 United States",
        "business_name": "KINZA TERIYAKI",
        "city": "Gig Harbor",
        "current_grade": "",
        "current_last_inspection_date": "03/16/2026",
        "current_score": "0",
        "date": "2023-12-15",
        "facility_detail_url": "https://aca-prod.accela.com/TPCHD/GeneralProperty/FoodFacilityInspectionDetail.aspx?LicenseeNumber=PR0039437&LicenseeType=Food+Facility",
        "facility_id": "PR0039437",
        "geocode_status": "row",
        "inspection_date": "12/15/2023",
        "inspection_date_iso": "2023-12-15",
        "inspection_identity": "PR0039437|325854",
        "inspection_result": "A REINSPECTION IS REQUIRED",
        "inspection_type": "Routine Inspection- F&CS",
        "inspection_year": "2023",
        "record_id": "tpchd-0231f4d8e43f",
        "red_point_severity": "red_points_51_75",
        "red_point_severity_label": "51-75 red points",
        "red_points": 65,
        "repeat_red_points": 65,
        "report_fetch_status": "ok",
        "report_url": "https://aca-prod.accela.com/TPCHD/GET_INSP_DOCHandler.ashx?AltId=PR0039437&InspId=325854",
        "source": "TPCHD Accela",
        "total_points": 69,
        "zip": "98335"
      },
      "type": "Feature"
    },
    {
      "geometry": {
        "coordinates": [
          -122.611856,
          47.5347885
        ],
        "type": "Point"
      },
      "properties": {
        "address": "1472 Olney AVE SE Port Orchard WA 98366 United States",
        "business_name": "TAQUERIA EL GUERO - TPCHD #0264",
        "city": "Port Orchard",
        "current_grade": "",
        "current_last_inspection_date": "03/05/2026",
        "current_score": "0",
        "date": "2023-12-12",
        "facility_detail_url": "https://aca-prod.accela.com/TPCHD/GeneralProperty/FoodFacilityInspectionDetail.aspx?LicenseeNumber=PR0040302&LicenseeType=Food+Facility",
        "facility_id": "PR0040302",
        "geocode_status": "row",
        "inspection_date": "12/12/2023",
        "inspection_date_iso": "2023-12-12",
        "inspection_identity": "PR0040302|419843",
        "inspection_result": "A REINSPECTION IS REQUIRED",
        "inspection_type": "Routine Inspection- F&CS",
        "inspection_year": "2023",
        "record_id": "tpchd-84f789aded83",
        "red_point_severity": "red_points_51_75",
        "red_point_severity_label": "51-75 red points",
        "red_points": 63,
        "repeat_red_points": 60,
        "report_fetch_status": "ok",
        "report_url": "https://aca-prod.accela.com/TPCHD/GET_INSP_DOCHandler.ashx?AltId=PR0040302&InspId=419843",
        "source": "TPCHD Accela",
        "total_points": 77,
        "zip": "98366"
      },
      "type": "Feature"
    },
    {
      "geometry": {
        "coordinates": [
          -122.4352686,
          47.2398546
        ],
        "type": "Point"
      },
      "properties": {
        "address": "2401 Pacific AVE Tacoma WA 98402 United States",
        "business_name": "BERLINER BEERHALL",
        "city": "Tacoma",
        "current_grade": "",
        "current_last_inspection_date": "01/08/2026",
        "current_score": "0",
        "date": "2023-12-08",
        "facility_detail_url": "https://aca-prod.accela.com/TPCHD/GeneralProperty/FoodFacilityInspectionDetail.aspx?LicenseeNumber=PR0035984&LicenseeType=Food+Facility",
        "facility_id": "PR0035984",
        "geocode_status": "row",
        "inspection_date": "12/08/2023",
        "inspection_date_iso": "2023-12-08",
        "inspection_identity": "PR0035984|302879",
        "inspection_result": "NOT APPLICABLE",
        "inspection_type": "Routine Inspection- F&CS",
        "inspection_year": "2023",
        "record_id": "tpchd-a782b407c86c",
        "red_point_severity": "red_points_51_75",
        "red_point_severity_label": "51-75 red points",
        "red_points": 60,
        "repeat_red_points": 60,
        "report_fetch_status": "ok",
        "report_url": "https://aca-prod.accela.com/TPCHD/GET_INSP_DOCHandler.ashx?AltId=PR0035984&InspId=302879",
        "source": "TPCHD Accela",
        "total_points": 68,
        "zip": "98402"
      },
      "type": "Feature"
    },
    {
      "geometry": {
        "coordinates": [
          -122.3033912,
          47.1605233
        ],
        "type": "Point"
      },
      "properties": {
        "address": "804 South Hill Park DR Puyallup WA 98373 United States",
        "business_name": "MCDONALD'S #19976",
        "city": "Puyallup",
        "current_grade": "Great",
        "current_last_inspection_date": "02/20/2026",
        "current_score": "0",
        "date": "2023-12-01",
        "facility_detail_url": "https://aca-prod.accela.com/TPCHD/GeneralProperty/FoodFacilityInspectionDetail.aspx?LicenseeNumber=PR0038184&LicenseeType=Food+Facility",
        "facility_id": "PR0038184",
        "geocode_status": "row",
        "inspection_date": "12/01/2023",
        "inspection_date_iso": "2023-12-01",
        "inspection_identity": "PR0038184|389080",
        "inspection_result": "A REINSPECTION IS REQUIRED",
        "inspection_type": "Routine Inspection- F&CS",
        "inspection_year": "2023",
        "record_id": "tpchd-e261c1f8d041",
        "red_point_severity": "red_points_36_50",
        "red_point_severity_label": "36-50 red points",
        "red_points": 45,
        "repeat_red_points": 45,
        "report_fetch_status": "ok",
        "report_url": "https://aca-prod.accela.com/TPCHD/GET_INSP_DOCHandler.ashx?AltId=PR0038184&InspId=389080",
        "source": "TPCHD Accela",
        "total_points": 93,
        "zip": "98373"
      },
      "type": "Feature"
    },
    {
      "geometry": {
        "coordinates": [
          -122.5563389,
          47.24388339999999
        ],
        "type": "Point"
      },
      "properties": {
        "address": "9001 S 19th ST Tacoma WA 98466 United States",
        "business_name": "ANTHONY'S BOATHOUSE",
        "city": "Tacoma",
        "current_grade": "Great",
        "current_last_inspection_date": "02/23/2026",
        "current_score": "0",
        "date": "2023-10-25",
        "facility_detail_url": "https://aca-prod.accela.com/TPCHD/GeneralProperty/FoodFacilityInspectionDetail.aspx?LicenseeNumber=PR0038203&LicenseeType=Food+Facility",
        "facility_id": "PR0038203",
        "geocode_status": "row",
        "inspection_date": "10/25/2023",
        "inspection_date_iso": "2023-10-25",
        "inspection_identity": "PR0038203|332255",
        "inspection_result": "A REINSPECTION IS REQUIRED",
        "inspection_type": "Routine Inspection- F&CS",
        "inspection_year": "2023",
        "record_id": "tpchd-f2e76ff89c43",
        "red_point_severity": "red_points_36_50",
        "red_point_severity_label": "36-50 red points",
        "red_points": 48,
        "repeat_red_points": 40,
        "report_fetch_status": "ok",
        "report_url": "https://aca-prod.accela.com/TPCHD/GET_INSP_DOCHandler.ashx?AltId=PR0038203&InspId=332255",
        "source": "TPCHD Accela",
        "total_points": 129,
        "zip": "98466"
      },
      "type": "Feature"
    },
    {
      "geometry": {
        "coordinates": [
          -122.4502844,
          47.24336530000001
        ],
        "type": "Point"
      },
      "properties": {
        "address": "1902 MLK JR WAY Tacoma WA 98405 United States",
        "business_name": "EZELLS FAMOUS CHICKEN",
        "city": "Tacoma",
        "current_grade": "",
        "current_last_inspection_date": "05/14/2026",
        "current_score": "0",
        "date": "2023-10-12",
        "facility_detail_url": "https://aca-prod.accela.com/TPCHD/GeneralProperty/FoodFacilityInspectionDetail.aspx?LicenseeNumber=PR0031849&LicenseeType=Food+Facility",
        "facility_id": "PR0031849",
        "geocode_status": "row",
        "inspection_date": "10/12/2023",
        "inspection_date_iso": "2023-10-12",
        "inspection_identity": "PR0031849|300521",
        "inspection_result": "A REINSPECTION IS REQUIRED",
        "inspection_type": "Routine Inspection- F&CS",
        "inspection_year": "2023",
        "record_id": "tpchd-069fe6845ccc",
        "red_point_severity": "red_points_51_75",
        "red_point_severity_label": "51-75 red points",
        "red_points": 65,
        "repeat_red_points": 60,
        "report_fetch_status": "ok",
        "report_url": "https://aca-prod.accela.com/TPCHD/GET_INSP_DOCHandler.ashx?AltId=PR0031849&InspId=300521",
        "source": "TPCHD Accela",
        "total_points": 98,
        "zip": "98405"
      },
      "type": "Feature"
    },
    {
      "geometry": {
        "coordinates": [
          -122.5988608,
          47.17286259999999
        ],
        "type": "Point"
      },
      "properties": {
        "address": "1617 Lafayette ST Steilacoom WA 98388 United States",
        "business_name": "BAIR (THE)",
        "city": "Steilacoom",
        "current_grade": "",
        "current_last_inspection_date": "12/09/2025",
        "current_score": "0",
        "date": "2023-09-15",
        "facility_detail_url": "https://aca-prod.accela.com/TPCHD/GeneralProperty/FoodFacilityInspectionDetail.aspx?LicenseeNumber=PR0036828&LicenseeType=Food+Facility",
        "facility_id": "PR0036828",
        "geocode_status": "row",
        "inspection_date": "09/15/2023",
        "inspection_date_iso": "2023-09-15",
        "inspection_identity": "PR0036828|245869",
        "inspection_result": "A REINSPECTION IS REQUIRED",
        "inspection_type": "Routine Inspection- F&CS",
        "inspection_year": "2023",
        "record_id": "tpchd-06e3b3fed126",
        "red_point_severity": "red_points_36_50",
        "red_point_severity_label": "36-50 red points",
        "red_points": 50,
        "repeat_red_points": 45,
        "report_fetch_status": "ok",
        "report_url": "https://aca-prod.accela.com/TPCHD/GET_INSP_DOCHandler.ashx?AltId=PR0036828&InspId=245869",
        "source": "TPCHD Accela",
        "total_points": 165,
        "zip": "98388"
      },
      "type": "Feature"
    },
    {
      "geometry": {
        "coordinates": [
          -122.4354001,
          47.1009943
        ],
        "type": "Point"
      },
      "properties": {
        "address": "17106 Pacific AVE S Spanaway WA 98387 United States",
        "business_name": "FLYING TOMATO BAR & GRILL",
        "city": "Spanaway",
        "current_grade": "Great",
        "current_last_inspection_date": "01/29/2026",
        "current_score": "20",
        "date": "2023-08-16",
        "facility_detail_url": "https://aca-prod.accela.com/TPCHD/GeneralProperty/FoodFacilityInspectionDetail.aspx?LicenseeNumber=PR0038773&LicenseeType=Food+Facility",
        "facility_id": "PR0038773",
        "geocode_status": "row",
        "inspection_date": "08/16/2023",
        "inspection_date_iso": "2023-08-16",
        "inspection_identity": "PR0038773|389702",
        "inspection_result": "A REINSPECTION IS REQUIRED",
        "inspection_type": "Routine Inspection- F&CS",
        "inspection_year": "2023",
        "record_id": "tpchd-0ab825a4e1d4",
        "red_point_severity": "red_points_36_50",
        "red_point_severity_label": "36-50 red points",
        "red_points": 45,
        "repeat_red_points": 45,
        "report_fetch_status": "ok",
        "report_url": "https://aca-prod.accela.com/TPCHD/GET_INSP_DOCHandler.ashx?AltId=PR0038773&InspId=389702",
        "source": "TPCHD Accela",
        "total_points": 71,
        "zip": "98387"
      },
      "type": "Feature"
    },
    {
      "geometry": {
        "coordinates": [
          -122.5067449,
          47.30115989999999
        ],
        "type": "Point"
      },
      "properties": {
        "address": "5125 Grand Loop Ruston WA 98407 United States",
        "business_name": "SILVER CLOUD",
        "city": "Ruston",
        "current_grade": "Great",
        "current_last_inspection_date": "02/06/2026",
        "current_score": "0",
        "date": "2023-08-07",
        "facility_detail_url": "https://aca-prod.accela.com/TPCHD/GeneralProperty/FoodFacilityInspectionDetail.aspx?LicenseeNumber=PR0037564&LicenseeType=Food+Facility",
        "facility_id": "PR0037564",
        "geocode_status": "row",
        "inspection_date": "08/07/2023",
        "inspection_date_iso": "2023-08-07",
        "inspection_identity": "PR0037564|421068",
        "inspection_result": "A REINSPECTION IS REQUIRED",
        "inspection_type": "Routine Inspection- F&CS",
        "inspection_year": "2023",
        "record_id": "tpchd-f7169e9622fd",
        "red_point_severity": "red_points_36_50",
        "red_point_severity_label": "36-50 red points",
        "red_points": 50,
        "repeat_red_points": 50,
        "report_fetch_status": "ok",
        "report_url": "https://aca-prod.accela.com/TPCHD/GET_INSP_DOCHandler.ashx?AltId=PR0037564&InspId=421068",
        "source": "TPCHD Accela",
        "total_points": 110,
        "zip": "98407"
      },
      "type": "Feature"
    },
    {
      "geometry": {
        "coordinates": [
          -122.2419218,
          47.20341
        ],
        "type": "Point"
      },
      "properties": {
        "address": "905 Main ST Sumner WA 98390 United States",
        "business_name": "ELECTRIC COFFEE HOUSE",
        "city": "Sumner",
        "current_grade": "",
        "current_last_inspection_date": "05/29/2025",
        "current_score": "5",
        "date": "2023-03-20",
        "facility_detail_url": "https://aca-prod.accela.com/TPCHD/GeneralProperty/FoodFacilityInspectionDetail.aspx?LicenseeNumber=PR0036408&LicenseeType=Food+Facility",
        "facility_id": "PR0036408",
        "geocode_status": "row",
        "inspection_date": "03/20/2023",
        "inspection_date_iso": "2023-03-20",
        "inspection_identity": "PR0036408|606946",
        "inspection_result": "A REINSPECTION IS REQUIRED",
        "inspection_type": "Routine Inspection- F&CS",
        "inspection_year": "2023",
        "record_id": "tpchd-647c8c3a2354",
        "red_point_severity": "red_points_51_75",
        "red_point_severity_label": "51-75 red points",
        "red_points": 60,
        "repeat_red_points": 55,
        "report_fetch_status": "ok",
        "report_url": "https://aca-prod.accela.com/TPCHD/GET_INSP_DOCHandler.ashx?AltId=PR0036408&InspId=606946",
        "source": "TPCHD Accela",
        "total_points": 117,
        "zip": "98390"
      },
      "type": "Feature"
    },
    {
      "geometry": {
        "coordinates": [
          -122.481023,
          47.255613
        ],
        "type": "Point"
      },
      "properties": {
        "address": "3401 6th AVE #F&G Tacoma WA 98406 United States",
        "business_name": "SILK THAI CAFE",
        "city": "Tacoma",
        "current_grade": "",
        "current_last_inspection_date": "05/21/2026",
        "current_score": "0",
        "date": "2022-11-16",
        "facility_detail_url": "https://aca-prod.accela.com/TPCHD/GeneralProperty/FoodFacilityInspectionDetail.aspx?LicenseeNumber=PR0022641&LicenseeType=Food+Facility",
        "facility_id": "PR0022641",
        "geocode_status": "row",
        "inspection_date": "11/16/2022",
        "inspection_date_iso": "2022-11-16",
        "inspection_identity": "PR0022641|20431",
        "inspection_result": "A REINSPECTION IS REQUIRED",
        "inspection_type": "Routine Inspection- F&CS",
        "inspection_year": "2022",
        "record_id": "tpchd-5629db7630e3",
        "red_point_severity": "red_points_51_75",
        "red_point_severity_label": "51-75 red points",
        "red_points": 75,
        "repeat_red_points": 70,
        "report_fetch_status": "ok",
        "report_url": "https://aca-prod.accela.com/TPCHD/GET_INSP_DOCHandler.ashx?AltId=PR0022641&InspId=20431",
        "source": "TPCHD Accela",
        "total_points": 84,
        "zip": "98406"
      },
      "type": "Feature"
    },
    {
      "geometry": {
        "coordinates": [
          -122.4705136,
          47.2304003
        ],
        "type": "Point"
      },
      "properties": {
        "address": "2534 South Tacoma WAY Tacoma WA 98405 United States",
        "business_name": "SIG BREWING COMPANY",
        "city": "Tacoma",
        "current_grade": "",
        "current_last_inspection_date": "05/07/2026",
        "current_score": "0",
        "date": "2022-11-09",
        "facility_detail_url": "https://aca-prod.accela.com/TPCHD/GeneralProperty/FoodFacilityInspectionDetail.aspx?LicenseeNumber=PR0039293&LicenseeType=Food+Facility",
        "facility_id": "PR0039293",
        "geocode_status": "row",
        "inspection_date": "11/09/2022",
        "inspection_date_iso": "2022-11-09",
        "inspection_identity": "PR0039293|923",
        "inspection_result": "A REINSPECTION IS REQUIRED",
        "inspection_type": "Routine Inspection- F&CS",
        "inspection_year": "2022",
        "record_id": "tpchd-0812a6e86930",
        "red_point_severity": "red_points_76_100",
        "red_point_severity_label": "76-100 red points",
        "red_points": 95,
        "repeat_red_points": 10,
        "report_fetch_status": "ok",
        "report_url": "https://aca-prod.accela.com/TPCHD/GET_INSP_DOCHandler.ashx?AltId=PR0039293&InspId=923",
        "source": "TPCHD Accela",
        "total_points": 95,
        "zip": "98405"
      },
      "type": "Feature"
    },
    {
      "geometry": {
        "coordinates": [
          -122.29394,
          47.188679
        ],
        "type": "Point"
      },
      "properties": {
        "address": "328 S Meridian Puyallup WA 98371 United States",
        "business_name": "GIORGIO'S GREEK CAFE",
        "city": "Puyallup",
        "current_grade": "Great",
        "current_last_inspection_date": "05/14/2026",
        "current_score": "60",
        "date": "2022-08-17",
        "facility_detail_url": "https://aca-prod.accela.com/TPCHD/GeneralProperty/FoodFacilityInspectionDetail.aspx?LicenseeNumber=PR0031472&LicenseeType=Food+Facility",
        "facility_id": "PR0031472",
        "geocode_status": "row",
        "inspection_date": "08/17/2022",
        "inspection_date_iso": "2022-08-17",
        "inspection_identity": "PR0031472|401522",
        "inspection_result": "A REINSPECTION IS REQUIRED",
        "inspection_type": "Routine Inspection- F&CS",
        "inspection_year": "2022",
        "record_id": "tpchd-42db038eb02c",
        "red_point_severity": "red_points_51_75",
        "red_point_severity_label": "51-75 red points",
        "red_points": 75,
        "repeat_red_points": 0,
        "report_fetch_status": "ok",
        "report_url": "https://aca-prod.accela.com/TPCHD/GET_INSP_DOCHandler.ashx?AltId=PR0031472&InspId=401522",
        "source": "TPCHD Accela",
        "total_points": 75,
        "zip": "98371"
      },
      "type": "Feature"
    },
    {
      "geometry": {
        "coordinates": [
          -122.2419218,
          47.20341
        ],
        "type": "Point"
      },
      "properties": {
        "address": "905 Main ST Sumner WA 98390 United States",
        "business_name": "ELECTRIC COFFEE HOUSE",
        "city": "Sumner",
        "current_grade": "",
        "current_last_inspection_date": "05/29/2025",
        "current_score": "5",
        "date": "2022-01-14",
        "facility_detail_url": "https://aca-prod.accela.com/TPCHD/GeneralProperty/FoodFacilityInspectionDetail.aspx?LicenseeNumber=PR0036408&LicenseeType=Food+Facility",
        "facility_id": "PR0036408",
        "geocode_status": "row",
        "inspection_date": "01/14/2022",
        "inspection_date_iso": "2022-01-14",
        "inspection_identity": "PR0036408|606947",
        "inspection_result": "A REINSPECTION IS REQUIRED",
        "inspection_type": "Routine Inspection- F&CS",
        "inspection_year": "2022",
        "record_id": "tpchd-5489e4c65cc8",
        "red_point_severity": "red_points_76_100",
        "red_point_severity_label": "76-100 red points",
        "red_points": 80,
        "repeat_red_points": 0,
        "report_fetch_status": "ok",
        "report_url": "https://aca-prod.accela.com/TPCHD/GET_INSP_DOCHandler.ashx?AltId=PR0036408&InspId=606947",
        "source": "TPCHD Accela",
        "total_points": 80,
        "zip": "98390"
      },
      "type": "Feature"
    },
    {
      "geometry": {
        "coordinates": [
          -122.2453106,
          47.2360833
        ],
        "type": "Point"
      },
      "properties": {
        "address": "13701 24th ST E #A1 Sumner WA 98390 United States",
        "business_name": "BRANKS BBQ & CATERING - SIP PROGRAM",
        "city": "Sumner",
        "current_grade": "",
        "current_last_inspection_date": "05/21/2026",
        "current_score": "0",
        "date": "2021-09-22",
        "facility_detail_url": "https://aca-prod.accela.com/TPCHD/GeneralProperty/FoodFacilityInspectionDetail.aspx?LicenseeNumber=PR0027433&LicenseeType=Food+Facility",
        "facility_id": "PR0027433",
        "geocode_status": "row",
        "inspection_date": "09/22/2021",
        "inspection_date_iso": "2021-09-22",
        "inspection_identity": "PR0027433|568132",
        "inspection_result": "A REINSPECTION IS REQUIRED",
        "inspection_type": "Routine Inspection- F&CS",
        "inspection_year": "2021",
        "record_id": "tpchd-02217aef7d91",
        "red_point_severity": "red_points_36_50",
        "red_point_severity_label": "36-50 red points",
        "red_points": 50,
        "repeat_red_points": 50,
        "report_fetch_status": "ok",
        "report_url": "https://aca-prod.accela.com/TPCHD/GET_INSP_DOCHandler.ashx?AltId=PR0027433&InspId=568132",
        "source": "TPCHD Accela",
        "total_points": 77,
        "zip": "98390"
      },
      "type": "Feature"
    },
    {
      "geometry": {
        "coordinates": [
          -122.481023,
          47.255613
        ],
        "type": "Point"
      },
      "properties": {
        "address": "3401 6th AVE #F&G Tacoma WA 98406 United States",
        "business_name": "SILK THAI CAFE",
        "city": "Tacoma",
        "current_grade": "",
        "current_last_inspection_date": "05/21/2026",
        "current_score": "0",
        "date": "2021-06-22",
        "facility_detail_url": "https://aca-prod.accela.com/TPCHD/GeneralProperty/FoodFacilityInspectionDetail.aspx?LicenseeNumber=PR0022641&LicenseeType=Food+Facility",
        "facility_id": "PR0022641",
        "geocode_status": "row",
        "inspection_date": "06/22/2021",
        "inspection_date_iso": "2021-06-22",
        "inspection_identity": "PR0022641|20433",
        "inspection_result": "A REINSPECTION IS REQUIRED",
        "inspection_type": "COVID-19 Routine Inspection",
        "inspection_year": "2021",
        "record_id": "tpchd-f0445f3aa9d5",
        "red_point_severity": "red_points_51_75",
        "red_point_severity_label": "51-75 red points",
        "red_points": 60,
        "repeat_red_points": 0,
        "report_fetch_status": "ok",
        "report_url": "https://aca-prod.accela.com/TPCHD/GET_INSP_DOCHandler.ashx?AltId=PR0022641&InspId=20433",
        "source": "TPCHD Accela",
        "total_points": 65,
        "zip": "98406"
      },
      "type": "Feature"
    },
    {
      "geometry": {
        "coordinates": [
          -122.3851465,
          47.2439583
        ],
        "type": "Point"
      },
      "properties": {
        "address": "3309 Pacific HWY Fife WA 98424 United States",
        "business_name": "7-ELEVEN #38722H",
        "city": "Fife",
        "current_grade": "",
        "current_last_inspection_date": "02/19/2026",
        "current_score": "0",
        "date": "2021-02-02",
        "facility_detail_url": "https://aca-prod.accela.com/TPCHD/GeneralProperty/FoodFacilityInspectionDetail.aspx?LicenseeNumber=PR0040189&LicenseeType=Food+Facility",
        "facility_id": "PR0040189",
        "geocode_status": "row",
        "inspection_date": "02/02/2021",
        "inspection_date_iso": "2021-02-02",
        "inspection_identity": "PR0040189|73793",
        "inspection_result": "A REINSPECTION IS REQUIRED",
        "inspection_type": "COVID-19 Routine Inspection",
        "inspection_year": "2021",
        "record_id": "tpchd-db3ccb110e04",
        "red_point_severity": "red_points_36_50",
        "red_point_severity_label": "36-50 red points",
        "red_points": 40,
        "repeat_red_points": 40,
        "report_fetch_status": "ok",
        "report_url": "https://aca-prod.accela.com/TPCHD/GET_INSP_DOCHandler.ashx?AltId=PR0040189&InspId=73793",
        "source": "TPCHD Accela",
        "total_points": 41,
        "zip": "98424"
      },
      "type": "Feature"
    }
  ],
  "metadata": {
    "available_years": [
      "2021",
      "2022",
      "2023",
      "2024",
      "2025",
      "2026"
    ],
    "coverage_note": "Rows below the threshold and unparsed reports are not drawn on this over-threshold map. Rows above the threshold without reviewed coordinates are counted as unmapped.",
    "data_universe": "Scraper-observed TPCHD Accela food-facility inspection records with parsed PDF reports; this public map layer includes only records over the red-point threshold.",
    "data_version": "20260526161135Z",
    "features_total": 90,
    "freshness_note": "Generated from the latest TPCHD scraper/publication run.",
    "generated_at": "2026-05-26T16:11:35Z",
    "geometry_precision": "reviewed facility address geocode",
    "inspection_date_window_end": "2026-05-18",
    "inspection_date_window_label": "February 2, 2021-May 18, 2026",
    "inspection_date_window_start": "2021-02-02",
    "map_cannot_show": "This map does not show neighborhood-level health risk, all inspections below the threshold, or rows without reviewed coordinates.",
    "map_claim": "Shows geocoded public restaurant inspection records with more than 35 red points.",
    "map_type": "point_symbol",
    "privacy": {
      "excludes": [
        "Google Sheet IDs",
        "Gmail recipients",
        "raw PDF text",
        "raw scraper payloads",
        "internal notes",
        "local paths"
      ],
      "public_fields_only": true,
      "review": "Exact restaurant locations are public commercial facility addresses from public inspection records."
    },
    "project": "tpchd-restaurant-inspections",
    "records_above_threshold": 90,
    "records_excluded_by_threshold": 0,
    "records_excluded_unparsed": 0,
    "records_total": 90,
    "red_point_threshold": 35,
    "schema_version": 1,
    "scope": "evergreen",
    "source": "TPCHD Accela food-facility inspection reports",
    "source_note": "Tacoma-Pierce County Health Department Accela food-facility inspection pages and parsed inspection-report PDFs.",
    "symbology": {
      "categories": [
        {
          "color": "#d6604d",
          "icon": "exclamation",
          "id": "red_points_36_50",
          "label": "36-50 red points",
          "max": 50,
          "min": 36,
          "shape": "diamond",
          "stroke": "#ffffff"
        },
        {
          "color": "#c23030",
          "icon": "exclamation",
          "id": "red_points_51_75",
          "label": "51-75 red points",
          "max": 75,
          "min": 51,
          "shape": "diamond",
          "stroke": "#ffffff"
        },
        {
          "color": "#9f1d2d",
          "icon": "exclamation",
          "id": "red_points_76_100",
          "label": "76-100 red points",
          "max": 100,
          "min": 76,
          "shape": "diamond",
          "stroke": "#ffffff"
        },
        {
          "color": "#67000d",
          "icon": "exclamation",
          "id": "red_points_101_plus",
          "label": "101+ red points",
          "max": null,
          "min": 101,
          "shape": "diamond",
          "stroke": "#ffffff"
        }
      ],
      "note": "Over-threshold inspections are encoded with fixed red-point classes using darker red for higher totals, plus a diamond/exclamation symbol. Marker size does not encode red-point severity."
    },
    "threshold_label": "More than 35 red points",
    "threshold_rule": "red_points > 35",
    "title": "Tacoma-Pierce County restaurant inspections with more than 35 red points",
    "unmapped_records": 0,
    "unmapped_records_by_reason": {}
  },
  "type": "FeatureCollection"
}
