{
  "features": [
    {
      "geometry": {
        "coordinates": [
          [
            [
              -94.58089947110528,
              38.977309493858684
            ],
            [
              -94.57654489470015,
              38.97712675124915
            ],
            [
              -94.57644890622755,
              38.978938888395284
            ],
            [
              -94.57862720737397,
              38.97902390895524
            ],
            [
              -94.57863028509023,
              38.978944120257125
            ],
            [
              -94.58078272786929,
              38.97902406126271
            ],
            [
              -94.58082039537,
              38.978996258018704
            ],
            [
              -94.58089947110528,
              38.977309493858684
            ]
          ]
        ],
        "type": "Polygon"
      },
      "properties": {
        "activity_date": "2026-01-05",
        "activity_date_basis": "complete_date",
        "activity_date_label": "Review approved",
        "activity_stage": "review",
        "address": "8201 Holmes Rd Kansas City, MO 64131",
        "apply_date": "2025-10-28T13:27:50Z",
        "case_number": "CH-DM-2025-00111",
        "category": "Demolition Review, Regular",
        "complete_date": "2026-01-05T17:24:46Z",
        "date": "2026-01-05",
        "detail_url": "https://compasskc.kcmo.org/EnerGov_Prod/SelfService#/plan/a47572b1-26c3-4dee-b315-31d0c86b9da0",
        "expiration_date": "2029-11-21T17:25:12Z",
        "external_id": "a47572b1-26c3-4dee-b315-31d0c86b9da0",
        "geometry_source": "KCMO parcels",
        "has_parcel_polygon": true,
        "match_method": "parcel_id",
        "match_status": "matched",
        "parcel_address": "8201 Holmes Rd",
        "parcel_id": "119566",
        "post_demo_confidence": "unknown",
        "post_demo_evidence": [
          {
            "application_date": "2026-01-07T08:46:53.087",
            "issue_date": "2026-01-07T09:28:02.783",
            "project": "",
            "record_number": "PW-H-2026-00009",
            "record_type": "PW - Hauling",
            "relation": "demolition_prep_or_utility",
            "source": "Open Data KC City Issued Permits",
            "status": "Issued",
            "work_class": "Hauling"
          },
          {
            "application_date": "2025-10-24T13:51:02.000",
            "issue_date": "2025-10-28T06:06:22.397",
            "project": "156161",
            "record_number": "WS-E-162304",
            "record_type": "WS - Existing Service",
            "relation": "demolition_prep_or_utility",
            "source": "Open Data KC City Issued Permits",
            "status": "Expired",
            "work_class": "Disconnect Service Line at Curb"
          },
          {
            "application_date": "2025-10-24T13:48:14.000",
            "issue_date": "2025-10-28T06:06:15.633",
            "project": "108353",
            "record_number": "WS-E-162303",
            "record_type": "WS - Existing Service",
            "relation": "demolition_prep_or_utility",
            "source": "Open Data KC City Issued Permits",
            "status": "Expired",
            "work_class": "Kill Water Service at Main"
          }
        ],
        "post_demo_last_checked": "2026-05-29T17:52:47Z",
        "post_demo_status": "utility_prep_only",
        "post_demo_summary": "Recent same-parcel public records show utility, excavation, hauling or other prep work, but no replacement or reuse permit was found.",
        "record_id": "case:a47572b1-26c3-4dee-b315-31d0c86b9da0",
        "record_type": "Demolition Review, Regular",
        "replacement_use": "infrastructure_only",
        "status": "Approved",
        "story_angle_clues": [
          {
            "angle": "Recognizable place",
            "context": "Demolish school building (The demolition may proceed on January 5, 2026)",
            "field": "project description",
            "matched_text": "school"
          }
        ],
        "story_angles": [
          "Recognizable place"
        ],
        "timing_note": "CompassKC lists a demolition-review milestone; an actual demolition date was not posted.",
        "year": "2026"
      },
      "type": "Feature"
    },
    {
      "geometry": {
        "coordinates": [
          [
            [
              -94.56103238685444,
              39.07962011656024
            ],
            [
              -94.56059309044144,
              39.07960600055469
            ],
            [
              -94.5605888144501,
              39.07968546712386
            ],
            [
              -94.56102808130605,
              39.07969963063825
            ],
            [
              -94.56103238685444,
              39.07962011656024
            ]
          ]
        ],
        "type": "Polygon"
      },
      "properties": {
        "activity_date": "2026-01-05",
        "activity_date_basis": "issue_date",
        "activity_date_label": "Permit issued",
        "activity_stage": "issued",
        "address": "2538 Michigan Ave Kansas City, MO 64127",
        "apply_date": "2026-01-01T02:15:26.19Z",
        "case_number": "CPDR-2025-00276",
        "category": "Complete Building or Structure Demolition - Residential",
        "date": "2026-01-05",
        "detail_url": "https://compasskc.kcmo.org/EnerGov_Prod/SelfService#/permit/4bf61992-3612-46fe-a14b-21cfa0ca4a6a",
        "external_id": "4bf61992-3612-46fe-a14b-21cfa0ca4a6a",
        "final_date": "2026-01-09T06:00:00Z",
        "geometry_source": "KCMO parcels",
        "has_parcel_polygon": true,
        "issue_date": "2026-01-05T15:10:14.107Z",
        "match_method": "parcel_id",
        "match_status": "matched",
        "parcel_address": "2538 Michigan Ave",
        "parcel_id": "14429",
        "post_demo_confidence": "unknown",
        "post_demo_evidence": [
          {
            "application_date": "2025-11-11T20:36:12.267",
            "issue_date": "2025-11-13T21:22:20.307",
            "project": "",
            "record_number": "PW-H-2025-00181",
            "record_type": "PW - Hauling",
            "relation": "demolition_prep_or_utility",
            "source": "Open Data KC City Issued Permits",
            "status": "Issued",
            "work_class": "Hauling"
          },
          {
            "application_date": "2025-10-08T16:03:56.000",
            "issue_date": "2025-10-13T21:45:14.870",
            "project": "23509",
            "record_number": "WS-E-162250",
            "record_type": "WS - Existing Service",
            "relation": "demolition_prep_or_utility",
            "source": "Open Data KC City Issued Permits",
            "status": "Expired",
            "work_class": "Disconnect Service Line at Curb"
          },
          {
            "application_date": "2025-10-08T16:02:35.000",
            "issue_date": "2025-10-13T21:45:18.520",
            "project": "23509",
            "record_number": "PW-EXC-2025-04859",
            "record_type": "PW - Excavation",
            "relation": "demolition_prep_or_utility",
            "source": "Open Data KC City Issued Permits",
            "status": "Issued",
            "work_class": "Water Main/Pipeline"
          }
        ],
        "post_demo_last_checked": "2026-05-29T17:52:47Z",
        "post_demo_status": "utility_prep_only",
        "post_demo_summary": "Recent same-parcel public records show utility, excavation, hauling or other prep work, but no replacement or reuse permit was found.",
        "record_id": "case:4bf61992-3612-46fe-a14b-21cfa0ca4a6a",
        "record_type": "Complete Building or Structure Demolition - Residential",
        "replacement_use": "infrastructure_only",
        "status": "Closed",
        "timing_note": "CompassKC lists the permit issue date; an actual demolition date was not posted.",
        "year": "2026"
      },
      "type": "Feature"
    },
    {
      "geometry": {
        "coordinates": [
          [
            [
              -94.5909109825854,
              38.86101256152904
            ],
            [
              -94.59055818958691,
              38.860995583422344
            ],
            [
              -94.59049444568417,
              38.861847171399226
            ],
            [
              -94.59084738751653,
              38.86186339562893
            ],
            [
              -94.5909109825854,
              38.86101256152904
            ]
          ]
        ],
        "type": "Polygon"
      },
      "properties": {
        "activity_date": "2026-01-06",
        "activity_date_basis": "issue_date",
        "activity_date_label": "Permit issued",
        "activity_stage": "issued",
        "address": "514 E 147th St Kansas City, MO 64145",
        "apply_date": "2025-12-19T20:52:22.947Z",
        "case_number": "CPDR-2025-00273",
        "category": "Complete Building or Structure Demolition - Residential",
        "date": "2026-01-06",
        "detail_url": "https://compasskc.kcmo.org/EnerGov_Prod/SelfService#/permit/8cda52e9-6384-473f-8ecb-31af5ae6aaba",
        "external_id": "8cda52e9-6384-473f-8ecb-31af5ae6aaba",
        "final_date": "2026-01-17T06:00:00Z",
        "geometry_source": "KCMO parcels",
        "has_parcel_polygon": true,
        "issue_date": "2026-01-06T21:48:08.003Z",
        "match_method": "parcel_id",
        "match_status": "matched",
        "parcel_address": "514 E 147th St",
        "parcel_id": "159892",
        "post_demo_confidence": "unknown",
        "post_demo_evidence": [
          {
            "application_date": "2025-12-10T15:24:37.000",
            "issue_date": "",
            "project": "112383",
            "record_number": "WS-E-162437",
            "record_type": "WS - Existing Service",
            "relation": "demolition_prep_or_utility",
            "source": "Open Data KC City Issued Permits",
            "status": "Ready For Issuance",
            "work_class": "Kill Water Service at Main"
          },
          {
            "application_date": "2025-12-10T10:14:21.963",
            "issue_date": "2025-12-10T14:53:28.300",
            "project": "",
            "record_number": "PW-H-2025-00198",
            "record_type": "PW - Hauling",
            "relation": "demolition_prep_or_utility",
            "source": "Open Data KC City Issued Permits",
            "status": "Issued",
            "work_class": "Hauling"
          }
        ],
        "post_demo_last_checked": "2026-05-29T17:52:47Z",
        "post_demo_status": "utility_prep_only",
        "post_demo_summary": "Recent same-parcel public records show utility, excavation, hauling or other prep work, but no replacement or reuse permit was found.",
        "record_id": "case:8cda52e9-6384-473f-8ecb-31af5ae6aaba",
        "record_type": "Complete Building or Structure Demolition - Residential",
        "replacement_use": "infrastructure_only",
        "status": "Closed",
        "timing_note": "CompassKC lists the permit issue date; an actual demolition date was not posted.",
        "year": "2026"
      },
      "type": "Feature"
    },
    {
      "geometry": {
        "coordinates": [
          [
            [
              -94.58089947110528,
              38.977309493858684
            ],
            [
              -94.57654489470015,
              38.97712675124915
            ],
            [
              -94.57644890622755,
              38.978938888395284
            ],
            [
              -94.57862720737397,
              38.97902390895524
            ],
            [
              -94.57863028509023,
              38.978944120257125
            ],
            [
              -94.58078272786929,
              38.97902406126271
            ],
            [
              -94.58082039537,
              38.978996258018704
            ],
            [
              -94.58089947110528,
              38.977309493858684
            ]
          ]
        ],
        "type": "Polygon"
      },
      "properties": {
        "activity_date": "2026-01-06T15:03:02.44Z",
        "activity_date_basis": "issue_date",
        "activity_date_label": "Permit issued",
        "activity_stage": "issued",
        "address": "8201 Holmes Rd Kansas City, MO 64131",
        "apply_date": "2025-10-21T14:24:14.25Z",
        "case_number": "CPDC-2025-00168",
        "category": "Pre-Demolition Inspection - Commercial",
        "date": "2026-01-06T15:03:02.44Z",
        "detail_url": "https://compasskc.kcmo.org/EnerGov_Prod/SelfService#/permit/1bf44774-37b8-411e-9ebd-5b7f3a1c419c",
        "external_id": "1bf44774-37b8-411e-9ebd-5b7f3a1c419c",
        "geometry_source": "KCMO parcels",
        "has_parcel_polygon": true,
        "issue_date": "2026-01-06T15:03:02.44Z",
        "match_method": "parcel_id",
        "match_status": "matched",
        "parcel_address": "8201 Holmes Rd",
        "parcel_id": "119566",
        "post_demo_confidence": "unknown",
        "post_demo_evidence": [
          {
            "application_date": "2026-01-07T08:46:53.087",
            "issue_date": "2026-01-07T09:28:02.783",
            "project": "",
            "record_number": "PW-H-2026-00009",
            "record_type": "PW - Hauling",
            "relation": "demolition_prep_or_utility",
            "source": "Open Data KC City Issued Permits",
            "status": "Issued",
            "work_class": "Hauling"
          },
          {
            "application_date": "2025-10-24T13:51:02.000",
            "issue_date": "2025-10-28T06:06:22.397",
            "project": "156161",
            "record_number": "WS-E-162304",
            "record_type": "WS - Existing Service",
            "relation": "demolition_prep_or_utility",
            "source": "Open Data KC City Issued Permits",
            "status": "Expired",
            "work_class": "Disconnect Service Line at Curb"
          },
          {
            "application_date": "2025-10-24T13:48:14.000",
            "issue_date": "2025-10-28T06:06:15.633",
            "project": "108353",
            "record_number": "WS-E-162303",
            "record_type": "WS - Existing Service",
            "relation": "demolition_prep_or_utility",
            "source": "Open Data KC City Issued Permits",
            "status": "Expired",
            "work_class": "Kill Water Service at Main"
          }
        ],
        "post_demo_last_checked": "2026-05-29T17:52:47Z",
        "post_demo_status": "utility_prep_only",
        "post_demo_summary": "Recent same-parcel public records show utility, excavation, hauling or other prep work, but no replacement or reuse permit was found.",
        "record_id": "case:1bf44774-37b8-411e-9ebd-5b7f3a1c419c",
        "record_type": "Pre-Demolition Inspection - Commercial",
        "replacement_use": "infrastructure_only",
        "status": "Issued",
        "timing_note": "CompassKC lists the permit issue date; an actual demolition date was not posted.",
        "year": "2026"
      },
      "type": "Feature"
    },
    {
      "geometry": {
        "coordinates": [
          [
            [
              -94.59288722989172,
              38.86110749839149
            ],
            [
              -94.5923044190868,
              38.861079496266015
            ],
            [
              -94.59216431266866,
              38.86293054605705
            ],
            [
              -94.59274508735014,
              38.86295717873
            ],
            [
              -94.59288722989172,
              38.86110749839149
            ]
          ]
        ],
        "type": "Polygon"
      },
      "properties": {
        "activity_date": "2026-01-06T21:48:05.81Z",
        "activity_date_basis": "issue_date",
        "activity_date_label": "Permit issued",
        "activity_stage": "issued",
        "address": "400 E 147th St Kansas City, MO 64145",
        "apply_date": "2025-12-19T20:40:56.65Z",
        "case_number": "CPDR-2025-00272",
        "category": "Complete Building or Structure Demolition - Residential",
        "date": "2026-01-06T21:48:05.81Z",
        "detail_url": "https://compasskc.kcmo.org/EnerGov_Prod/SelfService#/permit/b4120b3f-d89a-40db-8c54-4301b43c74b6",
        "external_id": "b4120b3f-d89a-40db-8c54-4301b43c74b6",
        "final_date": "2026-01-17T06:00:00Z",
        "geometry_source": "KCMO parcels",
        "has_parcel_polygon": true,
        "issue_date": "2026-01-06T21:48:05.81Z",
        "match_method": "parcel_id",
        "match_status": "matched",
        "parcel_address": "400 E 147th St",
        "parcel_id": "159896",
        "post_demo_confidence": "unknown",
        "post_demo_evidence": [
          {
            "application_date": "2025-12-10T15:22:39.000",
            "issue_date": "",
            "project": "112388",
            "record_number": "WS-E-162435",
            "record_type": "WS - Existing Service",
            "relation": "demolition_prep_or_utility",
            "source": "Open Data KC City Issued Permits",
            "status": "Ready For Issuance",
            "work_class": "Kill Water Service at Main"
          },
          {
            "application_date": "2025-12-10T15:21:58.000",
            "issue_date": "",
            "project": "",
            "record_number": "PW-EXC-2025-05890",
            "record_type": "PW - Excavation",
            "relation": "demolition_prep_or_utility",
            "source": "Open Data KC City Issued Permits",
            "status": "Closed",
            "work_class": "Water Main/Pipeline"
          },
          {
            "application_date": "2025-12-10T15:14:56.000",
            "issue_date": "2025-12-10T15:15:59.000",
            "project": "",
            "record_number": "WS-PW-PR-2025-01822",
            "record_type": "WS-PW-PR New Connection - Kills - Repairs - Coord",
            "relation": "demolition_prep_or_utility",
            "source": "Open Data KC City Issued Permits",
            "status": "Ready For Issuance",
            "work_class": "Water Service Lines - Kills"
          }
        ],
        "post_demo_last_checked": "2026-05-29T17:52:47Z",
        "post_demo_status": "utility_prep_only",
        "post_demo_summary": "Recent same-parcel public records show utility, excavation, hauling or other prep work, but no replacement or reuse permit was found.",
        "record_id": "case:b4120b3f-d89a-40db-8c54-4301b43c74b6",
        "record_type": "Complete Building or Structure Demolition - Residential",
        "replacement_use": "infrastructure_only",
        "status": "Closed",
        "timing_note": "CompassKC lists the permit issue date; an actual demolition date was not posted.",
        "year": "2026"
      },
      "type": "Feature"
    },
    {
      "geometry": {
        "coordinates": [
          [
            [
              -94.55406968913445,
              39.066764866198554
            ],
            [
              -94.55360649385209,
              39.06674922304934
            ],
            [
              -94.553601318694,
              39.06685317300516
            ],
            [
              -94.55406448532051,
              39.06686883792453
            ],
            [
              -94.55406968913445,
              39.066764866198554
            ]
          ]
        ],
        "type": "Polygon"
      },
      "properties": {
        "activity_date": "2026-01-07",
        "activity_date_basis": "issue_date",
        "activity_date_label": "Permit issued",
        "activity_stage": "issued",
        "address": "3235 Wabash Ave Kansas City, MO 64128",
        "apply_date": "2026-01-01T02:17:58.78Z",
        "case_number": "CPDR-2025-00277",
        "category": "Complete Building or Structure Demolition - Residential",
        "date": "2026-01-07",
        "detail_url": "https://compasskc.kcmo.org/EnerGov_Prod/SelfService#/permit/22eee0be-ca45-4107-8686-4419cebdeeec",
        "external_id": "22eee0be-ca45-4107-8686-4419cebdeeec",
        "final_date": "2026-01-16T06:00:00Z",
        "geometry_source": "KCMO parcels",
        "has_parcel_polygon": true,
        "issue_date": "2026-01-07T15:27:09.467Z",
        "match_method": "parcel_id",
        "match_status": "matched",
        "parcel_address": "3235 Wabash Ave",
        "parcel_id": "126154",
        "post_demo_confidence": "unknown",
        "post_demo_evidence": [
          {
            "application_date": "2025-11-05T10:35:22.000",
            "issue_date": "2025-11-11T19:55:43.630",
            "project": "32280",
            "record_number": "WS-E-162323",
            "record_type": "WS - Existing Service",
            "relation": "demolition_prep_or_utility",
            "source": "Open Data KC City Issued Permits",
            "status": "Expired",
            "work_class": "Kill Water Service at Main"
          },
          {
            "application_date": "2025-11-05T10:33:03.000",
            "issue_date": "2025-11-11T19:55:29.013",
            "project": "32280",
            "record_number": "PW-EXC-2025-05278",
            "record_type": "PW - Excavation",
            "relation": "demolition_prep_or_utility",
            "source": "Open Data KC City Issued Permits",
            "status": "Closed",
            "work_class": "Water Main/Pipeline"
          },
          {
            "application_date": "2025-11-04T21:33:57.443",
            "issue_date": "2025-11-12T08:55:10.000",
            "project": "32280",
            "record_number": "WS-PW-PR-2025-01605",
            "record_type": "WS-PW-PR New Connection - Kills - Repairs - Coord",
            "relation": "demolition_prep_or_utility",
            "source": "Open Data KC City Issued Permits",
            "status": "Issued",
            "work_class": "Water Service Lines - Kills"
          }
        ],
        "post_demo_last_checked": "2026-05-29T17:52:47Z",
        "post_demo_status": "utility_prep_only",
        "post_demo_summary": "Recent same-parcel public records show utility, excavation, hauling or other prep work, but no replacement or reuse permit was found.",
        "record_id": "case:22eee0be-ca45-4107-8686-4419cebdeeec",
        "record_type": "Complete Building or Structure Demolition - Residential",
        "replacement_use": "infrastructure_only",
        "status": "Closed",
        "timing_note": "CompassKC lists the permit issue date; an actual demolition date was not posted.",
        "year": "2026"
      },
      "type": "Feature"
    },
    {
      "geometry": {
        "coordinates": [
          [
            [
              -94.57700579786942,
              39.087749170840176
            ],
            [
              -94.5778530334744,
              39.08752463784653
            ],
            [
              -94.57786217031743,
              39.08739065643851
            ],
            [
              -94.57764822041577,
              39.086795943328276
            ],
            [
              -94.57706300920164,
              39.08677393074087
            ],
            [
              -94.57700579786942,
              39.087749170840176
            ]
          ]
        ],
        "type": "Polygon"
      },
      "properties": {
        "activity_date": "2026-01-08",
        "activity_date_basis": "issue_date",
        "activity_date_label": "Permit issued",
        "activity_stage": "issued",
        "address": "512 E 22nd St Kansas City, MO 64108",
        "apply_date": "2026-01-06T19:08:40.867Z",
        "case_number": "CPDC-2026-00002",
        "category": "Complete Building Demolition - Commercial",
        "date": "2026-01-08",
        "detail_url": "https://compasskc.kcmo.org/EnerGov_Prod/SelfService#/permit/e3ea5e4a-13e8-4bdc-982b-74416febf445",
        "external_id": "e3ea5e4a-13e8-4bdc-982b-74416febf445",
        "final_date": "2026-02-05T06:00:00Z",
        "geometry_source": "KCMO parcels",
        "has_parcel_polygon": true,
        "issue_date": "2026-01-08T14:50:02.977Z",
        "match_method": "parcel_id",
        "match_status": "matched",
        "parcel_address": "414 E 22nd St",
        "parcel_id": "124703",
        "post_demo_confidence": "confirmed",
        "post_demo_evidence": [
          {
            "application_date": "2026-02-20T16:16:09.263",
            "issue_date": "2026-02-26T09:53:06.567",
            "project": "Children's Mercy 22nd St Parking Garage Building",
            "record_number": "CPBC-2026-00160",
            "record_type": "CPPU - Building (Commercial)",
            "relation": "known_replacement",
            "source": "Open Data KC City Issued Permits",
            "status": "Issued",
            "work_class": "New"
          },
          {
            "application_date": "2025-12-22T10:47:44.653",
            "issue_date": "2025-12-22T16:24:02.723",
            "project": "Children's Mercy 22nd St Parking Garage Building",
            "record_number": "CPBC-2025-01110",
            "record_type": "CPPU - Building (Commercial)",
            "relation": "known_replacement",
            "source": "Open Data KC City Issued Permits",
            "status": "Issued",
            "work_class": "New"
          }
        ],
        "post_demo_last_checked": "2026-05-29T17:52:47Z",
        "post_demo_status": "known_replacement",
        "post_demo_summary": "A same-parcel public permit filed near or after this demolition record shows a new building permit.",
        "record_id": "case:e3ea5e4a-13e8-4bdc-982b-74416febf445",
        "record_type": "Complete Building Demolition - Commercial",
        "replacement_use": "commercial_or_mixed",
        "status": "Closed",
        "story_angle_clues": [
          {
            "angle": "Public incentives",
            "context": "...tling done by Pullman, full demolition by AT Abatement Services *Permission from CMH for AT Abatement to demolish is attache...",
            "field": "project description",
            "matched_text": "Abatement"
          }
        ],
        "story_angles": [
          "Public incentives"
        ],
        "timing_note": "CompassKC lists the permit issue date; an actual demolition date was not posted.",
        "year": "2026"
      },
      "type": "Feature"
    },
    {
      "geometry": {
        "coordinates": [
          [
            [
              -94.60187652856008,
              38.891511343593876
            ],
            [
              -94.60153165695714,
              38.891346164911454
            ],
            [
              -94.60125434678397,
              38.891706972477785
            ],
            [
              -94.60178471334899,
              38.89175838375373
            ],
            [
              -94.60179761730866,
              38.891691329694204
            ],
            [
              -94.60181393763365,
              38.89163834535188
            ],
            [
              -94.6018352368666,
              38.89158647671453
            ],
            [
              -94.60187652856008,
              38.891511343593876
            ]
          ]
        ],
        "type": "Polygon"
      },
      "properties": {
        "activity_date": "2026-01-11T19:57:02.35Z",
        "activity_date_basis": "issue_date",
        "activity_date_label": "Permit issued",
        "activity_stage": "issued",
        "address": "13013 St Andrews Dr Kansas City, MO 64145",
        "apply_date": "2025-12-12T02:16:50.303Z",
        "case_number": "CPDR-2025-00263",
        "category": "Complete Building or Structure Demolition - Residential",
        "date": "2026-01-11T19:57:02.35Z",
        "detail_url": "https://compasskc.kcmo.org/EnerGov_Prod/SelfService#/permit/669d15c4-1c7a-4b5f-905c-b044c40f6746",
        "external_id": "669d15c4-1c7a-4b5f-905c-b044c40f6746",
        "geometry_source": "KCMO parcels",
        "has_parcel_polygon": true,
        "issue_date": "2026-01-11T19:57:02.35Z",
        "match_method": "parcel_id",
        "match_status": "matched",
        "parcel_address": "13013 St Andrews Dr",
        "parcel_id": "159432",
        "post_demo_confidence": "unknown",
        "post_demo_last_checked": "2026-05-29T17:52:47Z",
        "post_demo_status": "no_public_followup_found",
        "post_demo_summary": "No same-parcel replacement or redevelopment permit was found in public permit history yet.",
        "record_id": "case:669d15c4-1c7a-4b5f-905c-b044c40f6746",
        "record_type": "Complete Building or Structure Demolition - Residential",
        "replacement_use": "unknown",
        "status": "Issued",
        "timing_note": "CompassKC lists the permit issue date; an actual demolition date was not posted.",
        "year": "2026"
      },
      "type": "Feature"
    },
    {
      "geometry": {
        "coordinates": [
          [
            [
              -94.59317053931261,
              39.06537593612387
            ],
            [
              -94.59271280397265,
              39.065359391985865
            ],
            [
              -94.59270504677428,
              39.06548732483874
            ],
            [
              -94.5931629021851,
              39.06550471492906
            ],
            [
              -94.59317053931261,
              39.06537593612387
            ]
          ]
        ],
        "type": "Polygon"
      },
      "properties": {
        "activity_date": "2026-01-12",
        "activity_date_basis": "issue_date",
        "activity_date_label": "Permit issued",
        "activity_stage": "issued",
        "address": "3428 Pennsylvania Ave Kansas City, MO 64111",
        "apply_date": "2026-01-07T00:02:10.81Z",
        "case_number": "CPDR-2026-00001",
        "category": "Complete Building or Structure Demolition - Residential",
        "date": "2026-01-12",
        "detail_url": "https://compasskc.kcmo.org/EnerGov_Prod/SelfService#/permit/4fc97fb0-fdfe-40a7-8045-a3c981f9925d",
        "external_id": "4fc97fb0-fdfe-40a7-8045-a3c981f9925d",
        "final_date": "2026-01-15T21:35:04Z",
        "geometry_source": "KCMO parcels",
        "has_parcel_polygon": true,
        "issue_date": "2026-01-12T19:10:04.847Z",
        "match_method": "parcel_id",
        "match_status": "matched",
        "parcel_address": "3428 Pennsylvania Ave",
        "parcel_id": "129545",
        "post_demo_confidence": "unknown",
        "post_demo_evidence": [
          {
            "application_date": "2026-01-05T09:57:29.767",
            "issue_date": "2026-01-06T11:53:39.000",
            "project": "",
            "record_number": "PW-H-2026-00001",
            "record_type": "PW - Hauling",
            "relation": "demolition_prep_or_utility",
            "source": "Open Data KC City Issued Permits",
            "status": "Issued",
            "work_class": "Hauling"
          },
          {
            "application_date": "2025-12-10T12:11:58.820",
            "issue_date": "2025-12-29T09:03:10.000",
            "project": "",
            "record_number": "PW-EXC-2025-05881",
            "record_type": "PW - Excavation",
            "relation": "demolition_prep_or_utility",
            "source": "Open Data KC City Issued Permits",
            "status": "Closed",
            "work_class": "Spire Excavation"
          },
          {
            "application_date": "2025-12-08T16:04:12.000",
            "issue_date": "2025-12-09T09:45:03.503",
            "project": "23402",
            "record_number": "WS-E-162425",
            "record_type": "WS - Existing Service",
            "relation": "demolition_prep_or_utility",
            "source": "Open Data KC City Issued Permits",
            "status": "Issued",
            "work_class": "Kill Water Service at Main"
          }
        ],
        "post_demo_last_checked": "2026-05-29T17:52:47Z",
        "post_demo_status": "utility_prep_only",
        "post_demo_summary": "Recent same-parcel public records show utility, excavation, hauling or other prep work, but no replacement or reuse permit was found.",
        "record_id": "case:4fc97fb0-fdfe-40a7-8045-a3c981f9925d",
        "record_type": "Complete Building or Structure Demolition - Residential",
        "replacement_use": "infrastructure_only",
        "status": "Closed",
        "timing_note": "CompassKC lists the permit issue date; an actual demolition date was not posted.",
        "year": "2026"
      },
      "type": "Feature"
    },
    {
      "geometry": {
        "coordinates": [
          [
            [
              -94.5853799387774,
              39.06642979525134
            ],
            [
              -94.58473854281903,
              39.06640678791138
            ],
            [
              -94.58471846249633,
              39.066746743420474
            ],
            [
              -94.58464751881944,
              39.06674418594992
            ],
            [
              -94.58462571270492,
              39.06711349819401
            ],
            [
              -94.5853440475217,
              39.067140363634095
            ],
            [
              -94.5853799387774,
              39.06642979525134
            ]
          ]
        ],
        "type": "Polygon"
      },
      "properties": {
        "activity_date": "2026-01-12T18:52:06.11Z",
        "activity_date_basis": "issue_date",
        "activity_date_label": "Permit issued",
        "activity_stage": "issued",
        "address": "3255 Main St Kansas City, MO 64111",
        "apply_date": "2026-01-08T15:38:08.103Z",
        "case_number": "CPDC-2026-00003",
        "category": "Pre-Demolition Inspection - Commercial",
        "date": "2026-01-12T18:52:06.11Z",
        "detail_url": "https://compasskc.kcmo.org/EnerGov_Prod/SelfService#/permit/0b83b2f9-a4c9-4eb7-b785-2437c19bbbc5",
        "external_id": "0b83b2f9-a4c9-4eb7-b785-2437c19bbbc5",
        "geometry_source": "KCMO parcels",
        "has_parcel_polygon": true,
        "issue_date": "2026-01-12T18:52:06.11Z",
        "match_method": "parcel_id",
        "match_status": "matched",
        "parcel_address": "3255 Main St",
        "parcel_id": "216245",
        "post_demo_confidence": "confirmed",
        "post_demo_evidence": [
          {
            "application_date": "2026-02-09T15:43:53.863",
            "issue_date": "2026-02-10T11:18:04.270",
            "project": "McDonalds 33rd & Main Building",
            "record_number": "CPBC-2026-00099",
            "record_type": "CPPU - Building (Commercial)",
            "relation": "known_replacement",
            "source": "Open Data KC City Issued Permits",
            "status": "Issued",
            "work_class": "New"
          },
          {
            "application_date": "2026-02-09T15:42:23.397",
            "issue_date": "2026-02-10T11:18:02.383",
            "project": "McDonalds 33rd & Main Building",
            "record_number": "CPBC-2026-00098",
            "record_type": "CPPU - Building (Commercial)",
            "relation": "known_replacement",
            "source": "Open Data KC City Issued Permits",
            "status": "Issued",
            "work_class": "New"
          },
          {
            "application_date": "2026-02-09T15:41:01.080",
            "issue_date": "2026-02-10T11:18:06.457",
            "project": "McDonalds 33rd & Main Building",
            "record_number": "CPBC-2026-00097",
            "record_type": "CPPU - Building (Commercial)",
            "relation": "known_replacement",
            "source": "Open Data KC City Issued Permits",
            "status": "Issued",
            "work_class": "New"
          }
        ],
        "post_demo_last_checked": "2026-05-29T17:52:47Z",
        "post_demo_status": "known_replacement",
        "post_demo_summary": "A same-parcel public permit filed near or after this demolition record shows a new building permit.",
        "record_id": "case:0b83b2f9-a4c9-4eb7-b785-2437c19bbbc5",
        "record_type": "Pre-Demolition Inspection - Commercial",
        "replacement_use": "commercial_or_mixed",
        "status": "Issued",
        "timing_note": "CompassKC lists the permit issue date; an actual demolition date was not posted.",
        "year": "2026"
      },
      "type": "Feature"
    },
    {
      "geometry": {
        "coordinates": [
          [
            [
              -94.58830041259573,
              39.02818362198398
            ],
            [
              -94.58811125426443,
              39.028176627294286
            ],
            [
              -94.58811159951937,
              39.02817118079038
            ],
            [
              -94.587814783765,
              39.02816556995807
            ],
            [
              -94.58780673876896,
              39.028301947171904
            ],
            [
              -94.58829172463358,
              39.0283200002892
            ],
            [
              -94.58830041259573,
              39.02818362198398
            ]
          ]
        ],
        "type": "Polygon"
      },
      "properties": {
        "activity_date": "2026-01-15T17:40:12.42Z",
        "activity_date_basis": "issue_date",
        "activity_date_label": "Permit issued",
        "activity_stage": "issued",
        "address": "5424 Main St Kansas City, MO 64112",
        "apply_date": "2026-01-15T17:21:21Z",
        "case_number": "CPDR-2026-00004",
        "category": "Pre-Demolition Inspection - Residential",
        "date": "2026-01-15T17:40:12.42Z",
        "detail_url": "https://compasskc.kcmo.org/EnerGov_Prod/SelfService#/permit/d1432f20-64b8-4e8e-bb70-a0fcf1b58ba6",
        "external_id": "d1432f20-64b8-4e8e-bb70-a0fcf1b58ba6",
        "geometry_source": "KCMO parcels",
        "has_parcel_polygon": true,
        "issue_date": "2026-01-15T17:40:12.42Z",
        "match_method": "parcel_id",
        "match_status": "matched",
        "parcel_address": "5424 Main St",
        "parcel_id": "143915",
        "post_demo_confidence": "unknown",
        "post_demo_evidence": [
          {
            "application_date": "2026-03-04T10:23:38.060",
            "issue_date": "",
            "project": "",
            "record_number": "PW-EXC-2026-00723",
            "record_type": "PW - Excavation",
            "relation": "demolition_prep_or_utility",
            "source": "Open Data KC City Issued Permits",
            "status": "Closed",
            "work_class": "Electrical"
          },
          {
            "application_date": "2026-03-04T10:11:22.447",
            "issue_date": "2026-03-04T13:03:14.597",
            "project": "",
            "record_number": "PW-TC-2026-00631",
            "record_type": "PW - Traffic Control",
            "relation": "demolition_prep_or_utility",
            "source": "Open Data KC City Issued Permits",
            "status": "Issued",
            "work_class": "Traffic Control for Construction"
          }
        ],
        "post_demo_last_checked": "2026-05-29T17:52:47Z",
        "post_demo_status": "utility_prep_only",
        "post_demo_summary": "Recent same-parcel public records show utility, excavation, hauling or other prep work, but no replacement or reuse permit was found.",
        "record_id": "case:d1432f20-64b8-4e8e-bb70-a0fcf1b58ba6",
        "record_type": "Pre-Demolition Inspection - Residential",
        "replacement_use": "infrastructure_only",
        "status": "Issued",
        "timing_note": "CompassKC lists the permit issue date; an actual demolition date was not posted.",
        "year": "2026"
      },
      "type": "Feature"
    },
    {
      "geometry": {
        "coordinates": [
          [
            [
              -94.5853799387774,
              39.06642979525134
            ],
            [
              -94.58473854281903,
              39.06640678791138
            ],
            [
              -94.58471846249633,
              39.066746743420474
            ],
            [
              -94.58464751881944,
              39.06674418594992
            ],
            [
              -94.58462571270492,
              39.06711349819401
            ],
            [
              -94.5853440475217,
              39.067140363634095
            ],
            [
              -94.5853799387774,
              39.06642979525134
            ]
          ]
        ],
        "type": "Polygon"
      },
      "properties": {
        "activity_date": "2026-01-16",
        "activity_date_basis": "issue_date",
        "activity_date_label": "Permit issued",
        "activity_stage": "issued",
        "address": "3255 Main St Kansas City, MO 64111",
        "apply_date": "2026-01-16T20:35:52.02Z",
        "case_number": "CPDC-2026-00006",
        "category": "Complete Building Demolition - Commercial",
        "date": "2026-01-16",
        "detail_url": "https://compasskc.kcmo.org/EnerGov_Prod/SelfService#/permit/2a29e97c-9e7d-4129-88fd-35d61854496a",
        "external_id": "2a29e97c-9e7d-4129-88fd-35d61854496a",
        "geometry_source": "KCMO parcels",
        "has_parcel_polygon": true,
        "issue_date": "2026-01-16T21:40:04.973Z",
        "match_method": "parcel_id",
        "match_status": "matched",
        "parcel_address": "3255 Main St",
        "parcel_id": "216245",
        "post_demo_confidence": "confirmed",
        "post_demo_evidence": [
          {
            "application_date": "2026-02-09T15:43:53.863",
            "issue_date": "2026-02-10T11:18:04.270",
            "project": "McDonalds 33rd & Main Building",
            "record_number": "CPBC-2026-00099",
            "record_type": "CPPU - Building (Commercial)",
            "relation": "known_replacement",
            "source": "Open Data KC City Issued Permits",
            "status": "Issued",
            "work_class": "New"
          },
          {
            "application_date": "2026-02-09T15:42:23.397",
            "issue_date": "2026-02-10T11:18:02.383",
            "project": "McDonalds 33rd & Main Building",
            "record_number": "CPBC-2026-00098",
            "record_type": "CPPU - Building (Commercial)",
            "relation": "known_replacement",
            "source": "Open Data KC City Issued Permits",
            "status": "Issued",
            "work_class": "New"
          },
          {
            "application_date": "2026-02-09T15:41:01.080",
            "issue_date": "2026-02-10T11:18:06.457",
            "project": "McDonalds 33rd & Main Building",
            "record_number": "CPBC-2026-00097",
            "record_type": "CPPU - Building (Commercial)",
            "relation": "known_replacement",
            "source": "Open Data KC City Issued Permits",
            "status": "Issued",
            "work_class": "New"
          }
        ],
        "post_demo_last_checked": "2026-05-29T17:52:47Z",
        "post_demo_status": "known_replacement",
        "post_demo_summary": "A same-parcel public permit filed near or after this demolition record shows a new building permit.",
        "record_id": "case:2a29e97c-9e7d-4129-88fd-35d61854496a",
        "record_type": "Complete Building Demolition - Commercial",
        "replacement_use": "commercial_or_mixed",
        "status": "Issued",
        "timing_note": "CompassKC lists the permit issue date; an actual demolition date was not posted.",
        "year": "2026"
      },
      "type": "Feature"
    },
    {
      "geometry": {
        "coordinates": [
          [
            [
              -94.58089947110528,
              38.977309493858684
            ],
            [
              -94.57654489470015,
              38.97712675124915
            ],
            [
              -94.57644890622755,
              38.978938888395284
            ],
            [
              -94.57862720737397,
              38.97902390895524
            ],
            [
              -94.57863028509023,
              38.978944120257125
            ],
            [
              -94.58078272786929,
              38.97902406126271
            ],
            [
              -94.58082039537,
              38.978996258018704
            ],
            [
              -94.58089947110528,
              38.977309493858684
            ]
          ]
        ],
        "type": "Polygon"
      },
      "properties": {
        "activity_date": "2026-01-20",
        "activity_date_basis": "issue_date",
        "activity_date_label": "Permit issued",
        "activity_stage": "issued",
        "address": "8201 Holmes Rd Kansas City, MO 64131",
        "apply_date": "2026-01-20T14:33:00.13Z",
        "case_number": "CPDC-2026-00007",
        "category": "Complete Building Demolition - Commercial",
        "date": "2026-01-20",
        "detail_url": "https://compasskc.kcmo.org/EnerGov_Prod/SelfService#/permit/888ca868-6ffd-4309-93f3-fb2485a5ac91",
        "external_id": "888ca868-6ffd-4309-93f3-fb2485a5ac91",
        "geometry_source": "KCMO parcels",
        "has_parcel_polygon": true,
        "issue_date": "2026-01-20T15:29:12.213Z",
        "match_method": "parcel_id",
        "match_status": "matched",
        "parcel_address": "8201 Holmes Rd",
        "parcel_id": "119566",
        "post_demo_confidence": "unknown",
        "post_demo_evidence": [
          {
            "application_date": "2026-01-07T08:46:53.087",
            "issue_date": "2026-01-07T09:28:02.783",
            "project": "",
            "record_number": "PW-H-2026-00009",
            "record_type": "PW - Hauling",
            "relation": "demolition_prep_or_utility",
            "source": "Open Data KC City Issued Permits",
            "status": "Issued",
            "work_class": "Hauling"
          },
          {
            "application_date": "2025-10-24T13:51:02.000",
            "issue_date": "2025-10-28T06:06:22.397",
            "project": "156161",
            "record_number": "WS-E-162304",
            "record_type": "WS - Existing Service",
            "relation": "demolition_prep_or_utility",
            "source": "Open Data KC City Issued Permits",
            "status": "Expired",
            "work_class": "Disconnect Service Line at Curb"
          },
          {
            "application_date": "2025-10-24T13:48:14.000",
            "issue_date": "2025-10-28T06:06:15.633",
            "project": "108353",
            "record_number": "WS-E-162303",
            "record_type": "WS - Existing Service",
            "relation": "demolition_prep_or_utility",
            "source": "Open Data KC City Issued Permits",
            "status": "Expired",
            "work_class": "Kill Water Service at Main"
          }
        ],
        "post_demo_last_checked": "2026-05-29T17:52:47Z",
        "post_demo_status": "utility_prep_only",
        "post_demo_summary": "Recent same-parcel public records show utility, excavation, hauling or other prep work, but no replacement or reuse permit was found.",
        "record_id": "case:888ca868-6ffd-4309-93f3-fb2485a5ac91",
        "record_type": "Complete Building Demolition - Commercial",
        "replacement_use": "infrastructure_only",
        "status": "Issued",
        "timing_note": "CompassKC lists the permit issue date; an actual demolition date was not posted.",
        "year": "2026"
      },
      "type": "Feature"
    },
    {
      "geometry": {
        "coordinates": [
          [
            [
              -94.51334766128922,
              39.20584197054698
            ],
            [
              -94.51331888397999,
              39.20560651290304
            ],
            [
              -94.51182872870748,
              39.205594501411895
            ],
            [
              -94.51182706318451,
              39.20582961931474
            ],
            [
              -94.51334766128922,
              39.20584197054698
            ]
          ]
        ],
        "type": "Polygon"
      },
      "properties": {
        "activity_date": "2026-01-20",
        "activity_date_basis": "issue_date",
        "activity_date_label": "Permit issued",
        "activity_stage": "issued",
        "address": "6132 N Topping Ave Kansas City, MO 64119",
        "apply_date": "2026-01-16T03:28:00.257Z",
        "case_number": "CPDR-2026-00005",
        "category": "Complete Building or Structure Demolition - Residential",
        "date": "2026-01-20",
        "detail_url": "https://compasskc.kcmo.org/EnerGov_Prod/SelfService#/permit/fc658d1f-b444-4db0-813a-0bfca960d80c",
        "external_id": "fc658d1f-b444-4db0-813a-0bfca960d80c",
        "final_date": "2026-01-23T06:00:00Z",
        "geometry_source": "KCMO parcels",
        "has_parcel_polygon": true,
        "issue_date": "2026-01-20T15:11:02.933Z",
        "match_method": "parcel_id",
        "match_status": "matched",
        "parcel_address": "6132 N Topping Ave",
        "parcel_id": "89684",
        "post_demo_confidence": "unknown",
        "post_demo_evidence": [
          {
            "application_date": "2026-04-29T13:12:02.763",
            "issue_date": "2026-05-01T09:59:49.000",
            "project": "",
            "record_number": "PW-SP-2026-00362",
            "record_type": "PW - Street Plate",
            "relation": "demolition_prep_or_utility",
            "source": "Open Data KC City Issued Permits",
            "status": "Closed",
            "work_class": "Street Plate"
          },
          {
            "application_date": "2026-01-06T21:51:33.430",
            "issue_date": "2026-01-10T01:40:21.010",
            "project": "",
            "record_number": "PW-H-2026-00004",
            "record_type": "PW - Hauling",
            "relation": "demolition_prep_or_utility",
            "source": "Open Data KC City Issued Permits",
            "status": "Issued",
            "work_class": "Hauling"
          },
          {
            "application_date": "2025-12-30T09:39:31.000",
            "issue_date": "2026-01-06T21:36:05.890",
            "project": "123270",
            "record_number": "PW-EXC-2025-06135",
            "record_type": "PW - Excavation",
            "relation": "demolition_prep_or_utility",
            "source": "Open Data KC City Issued Permits",
            "status": "Closed",
            "work_class": "Water Main/Pipeline"
          }
        ],
        "post_demo_last_checked": "2026-05-29T17:52:47Z",
        "post_demo_status": "utility_prep_only",
        "post_demo_summary": "Recent same-parcel public records show utility, excavation, hauling or other prep work, but no replacement or reuse permit was found.",
        "record_id": "case:fc658d1f-b444-4db0-813a-0bfca960d80c",
        "record_type": "Complete Building or Structure Demolition - Residential",
        "replacement_use": "infrastructure_only",
        "status": "Closed",
        "timing_note": "CompassKC lists the permit issue date; an actual demolition date was not posted.",
        "year": "2026"
      },
      "type": "Feature"
    },
    {
      "geometry": {
        "coordinates": [
          [
            [
              -94.599549876974,
              39.20304551007665
            ],
            [
              -94.598782195724,
              39.20304339555088
            ],
            [
              -94.59878232936425,
              39.20309629464793
            ],
            [
              -94.59717818266755,
              39.203093044191775
            ],
            [
              -94.59715118155246,
              39.20535167094472
            ],
            [
              -94.59712575114499,
              39.2066603749491
            ],
            [
              -94.59949823436958,
              39.20667006475334
            ],
            [
              -94.599549876974,
              39.20304551007665
            ]
          ]
        ],
        "type": "Polygon"
      },
      "properties": {
        "activity_date": "2026-01-20",
        "activity_date_basis": "apply_date",
        "activity_date_label": "Application filed",
        "activity_stage": "applied",
        "address": "1400 NW 60th St Kansas City, MO 64118",
        "apply_date": "2026-01-20T19:15:46.493Z",
        "case_number": "CPDR-2026-00006",
        "category": "Complete Building or Structure Demolition - Residential",
        "date": "2026-01-20",
        "detail_url": "https://compasskc.kcmo.org/EnerGov_Prod/SelfService#/permit/4a323501-2e0b-4d0c-9d5a-8f8eaae9319b",
        "external_id": "4a323501-2e0b-4d0c-9d5a-8f8eaae9319b",
        "geometry_source": "KCMO parcels",
        "has_parcel_polygon": true,
        "match_method": "parcel_id",
        "match_status": "matched",
        "parcel_address": "1400 NW 60th St",
        "parcel_id": "96892",
        "post_demo_confidence": "unknown",
        "post_demo_last_checked": "2026-05-29T17:52:47Z",
        "post_demo_status": "no_public_followup_found",
        "post_demo_summary": "No same-parcel replacement or redevelopment permit was found in public permit history yet.",
        "record_id": "case:4a323501-2e0b-4d0c-9d5a-8f8eaae9319b",
        "record_type": "Complete Building or Structure Demolition - Residential",
        "replacement_use": "unknown",
        "status": "Awaiting Customer Response",
        "timing_note": "CompassKC lists the application date; an actual demolition date was not posted.",
        "year": "2026"
      },
      "type": "Feature"
    },
    {
      "geometry": {
        "coordinates": [
          [
            [
              -94.53771967378525,
              39.0785084413595
            ],
            [
              -94.53738833154075,
              39.0784985949271
            ],
            [
              -94.5373692850868,
              39.07878552597686
            ],
            [
              -94.537702300964,
              39.07879628715263
            ],
            [
              -94.53771967378525,
              39.0785084413595
            ]
          ]
        ],
        "type": "Polygon"
      },
      "properties": {
        "activity_date": "2026-01-21T22:18:31.62Z",
        "activity_date_basis": "issue_date",
        "activity_date_label": "Permit issued",
        "activity_stage": "issued",
        "address": "2544 Mersington Ave Kansas City, MO 64127",
        "apply_date": "2026-01-21T00:14:33.903Z",
        "case_number": "CPDR-2026-00008",
        "category": "Complete Building or Structure Demolition - Residential",
        "date": "2026-01-21T22:18:31.62Z",
        "detail_url": "https://compasskc.kcmo.org/EnerGov_Prod/SelfService#/permit/ab3e7d95-cbf8-4123-88a6-a5631b92936c",
        "external_id": "ab3e7d95-cbf8-4123-88a6-a5631b92936c",
        "final_date": "2026-01-30T06:00:00Z",
        "geometry_source": "KCMO parcels",
        "has_parcel_polygon": true,
        "issue_date": "2026-01-21T22:18:31.62Z",
        "match_method": "parcel_id",
        "match_status": "matched",
        "parcel_address": "2544 Mersington Ave",
        "parcel_id": "17595",
        "post_demo_confidence": "unknown",
        "post_demo_evidence": [
          {
            "application_date": "2026-01-07T10:14:12.000",
            "issue_date": "2026-01-10T01:40:24.560",
            "project": "24910",
            "record_number": "WS-E-162490",
            "record_type": "WS - Existing Service",
            "relation": "demolition_prep_or_utility",
            "source": "Open Data KC City Issued Permits",
            "status": "Issued",
            "work_class": "Kill Water Service at Main"
          },
          {
            "application_date": "2026-01-07T10:10:14.000",
            "issue_date": "2026-01-10T01:40:29.843",
            "project": "24910",
            "record_number": "PW-EXC-2026-00063",
            "record_type": "PW - Excavation",
            "relation": "demolition_prep_or_utility",
            "source": "Open Data KC City Issued Permits",
            "status": "Closed",
            "work_class": "Water Main/Pipeline"
          },
          {
            "application_date": "2026-01-06T22:29:06.887",
            "issue_date": "2026-01-10T01:40:28.097",
            "project": "",
            "record_number": "PW-H-2026-00008",
            "record_type": "PW - Hauling",
            "relation": "demolition_prep_or_utility",
            "source": "Open Data KC City Issued Permits",
            "status": "Issued",
            "work_class": "Hauling"
          }
        ],
        "post_demo_last_checked": "2026-05-29T17:52:47Z",
        "post_demo_status": "utility_prep_only",
        "post_demo_summary": "Recent same-parcel public records show utility, excavation, hauling or other prep work, but no replacement or reuse permit was found.",
        "record_id": "case:ab3e7d95-cbf8-4123-88a6-a5631b92936c",
        "record_type": "Complete Building or Structure Demolition - Residential",
        "replacement_use": "infrastructure_only",
        "status": "Closed",
        "timing_note": "CompassKC lists the permit issue date; an actual demolition date was not posted.",
        "year": "2026"
      },
      "type": "Feature"
    },
    {
      "geometry": {
        "coordinates": [
          [
            [
              -94.49994453324163,
              39.09124752142723
            ],
            [
              -94.49947960425236,
              39.09123505027937
            ],
            [
              -94.4994724685278,
              39.09137432466814
            ],
            [
              -94.49993710482077,
              39.09138725345858
            ],
            [
              -94.49994453324163,
              39.09124752142723
            ]
          ]
        ],
        "type": "Polygon"
      },
      "properties": {
        "activity_date": "2026-01-21T22:18:33.56Z",
        "activity_date_basis": "issue_date",
        "activity_date_label": "Permit issued",
        "activity_stage": "issued",
        "address": "1629 Bristol Ave Kansas City, MO 64126",
        "apply_date": "2026-01-21T00:16:17.617Z",
        "case_number": "CPDR-2026-00009",
        "category": "Complete Building or Structure Demolition - Residential",
        "date": "2026-01-21T22:18:33.56Z",
        "detail_url": "https://compasskc.kcmo.org/EnerGov_Prod/SelfService#/permit/9f5b83d7-55ef-419c-bd97-bb740b8c9922",
        "external_id": "9f5b83d7-55ef-419c-bd97-bb740b8c9922",
        "final_date": "2026-02-25T06:00:00Z",
        "geometry_source": "KCMO parcels",
        "has_parcel_polygon": true,
        "issue_date": "2026-01-21T22:18:33.56Z",
        "match_method": "parcel_id",
        "match_status": "matched",
        "parcel_address": "1629 Bristol Ave",
        "parcel_id": "7316",
        "post_demo_confidence": "unknown",
        "post_demo_evidence": [
          {
            "application_date": "2026-01-07T10:12:40.000",
            "issue_date": "2026-01-10T01:40:19.270",
            "project": "44139",
            "record_number": "WS-E-162489",
            "record_type": "WS - Existing Service",
            "relation": "demolition_prep_or_utility",
            "source": "Open Data KC City Issued Permits",
            "status": "Issued",
            "work_class": "Kill Water Service at Main"
          },
          {
            "application_date": "2026-01-07T10:09:45.000",
            "issue_date": "2026-01-10T01:40:08.330",
            "project": "44139",
            "record_number": "PW-EXC-2026-00062",
            "record_type": "PW - Excavation",
            "relation": "demolition_prep_or_utility",
            "source": "Open Data KC City Issued Permits",
            "status": "Closed",
            "work_class": "Water Main/Pipeline"
          },
          {
            "application_date": "2026-01-07T08:28:00.060",
            "issue_date": "2026-01-07T09:34:06.000",
            "project": "",
            "record_number": "PW-EXC-2026-00055",
            "record_type": "PW - Excavation",
            "relation": "demolition_prep_or_utility",
            "source": "Open Data KC City Issued Permits",
            "status": "Closed",
            "work_class": "Spire Excavation"
          }
        ],
        "post_demo_last_checked": "2026-05-29T17:52:47Z",
        "post_demo_status": "utility_prep_only",
        "post_demo_summary": "Recent same-parcel public records show utility, excavation, hauling or other prep work, but no replacement or reuse permit was found.",
        "record_id": "case:9f5b83d7-55ef-419c-bd97-bb740b8c9922",
        "record_type": "Complete Building or Structure Demolition - Residential",
        "replacement_use": "infrastructure_only",
        "status": "Closed",
        "timing_note": "CompassKC lists the permit issue date; an actual demolition date was not posted.",
        "year": "2026"
      },
      "type": "Feature"
    },
    {
      "geometry": {
        "coordinates": [
          [
            [
              -94.55045112657858,
              38.99884381841802
            ],
            [
              -94.54995749384341,
              38.99882149294247
            ],
            [
              -94.54995217565599,
              38.99893125580845
            ],
            [
              -94.55044583847486,
              38.9989535812929
            ],
            [
              -94.55045112657858,
              38.99884381841802
            ]
          ]
        ],
        "type": "Polygon"
      },
      "properties": {
        "activity_date": "2026-01-21T22:18:35.58Z",
        "activity_date_basis": "issue_date",
        "activity_date_label": "Permit issued",
        "activity_stage": "issued",
        "address": "7014 Walrond Ave Kansas City, MO 64132",
        "apply_date": "2026-01-21T00:12:30.143Z",
        "case_number": "CPDR-2026-00007",
        "category": "Complete Building or Structure Demolition - Residential",
        "date": "2026-01-21T22:18:35.58Z",
        "detail_url": "https://compasskc.kcmo.org/EnerGov_Prod/SelfService#/permit/d642e79c-15a4-4732-9aa8-69a47acafe99",
        "external_id": "d642e79c-15a4-4732-9aa8-69a47acafe99",
        "final_date": "2026-02-05T21:25:19Z",
        "geometry_source": "KCMO parcels",
        "has_parcel_polygon": true,
        "issue_date": "2026-01-21T22:18:35.58Z",
        "match_method": "parcel_id",
        "match_status": "matched",
        "parcel_address": "7014 Walrond Ave",
        "parcel_id": "3221",
        "post_demo_confidence": "unknown",
        "post_demo_evidence": [
          {
            "application_date": "2026-01-06T21:46:12.573",
            "issue_date": "2026-01-10T01:40:17.473",
            "project": "",
            "record_number": "PW-H-2026-00003",
            "record_type": "PW - Hauling",
            "relation": "demolition_prep_or_utility",
            "source": "Open Data KC City Issued Permits",
            "status": "Issued",
            "work_class": "Hauling"
          },
          {
            "application_date": "2025-12-30T11:54:52.363",
            "issue_date": "",
            "project": "",
            "record_number": "PW-EXC-2025-06138",
            "record_type": "PW - Excavation",
            "relation": "demolition_prep_or_utility",
            "source": "Open Data KC City Issued Permits",
            "status": "Work Completed",
            "work_class": "Spire Excavation"
          },
          {
            "application_date": "2025-12-30T09:37:30.000",
            "issue_date": "2025-12-31T19:54:03.000",
            "project": "71721",
            "record_number": "WS-E-162469",
            "record_type": "WS - Existing Service",
            "relation": "demolition_prep_or_utility",
            "source": "Open Data KC City Issued Permits",
            "status": "Issued",
            "work_class": "Kill Water Service at Main"
          }
        ],
        "post_demo_last_checked": "2026-05-29T17:52:47Z",
        "post_demo_status": "utility_prep_only",
        "post_demo_summary": "Recent same-parcel public records show utility, excavation, hauling or other prep work, but no replacement or reuse permit was found.",
        "record_id": "case:d642e79c-15a4-4732-9aa8-69a47acafe99",
        "record_type": "Complete Building or Structure Demolition - Residential",
        "replacement_use": "infrastructure_only",
        "status": "Closed",
        "timing_note": "CompassKC lists the permit issue date; an actual demolition date was not posted.",
        "year": "2026"
      },
      "type": "Feature"
    },
    {
      "geometry": {
        "coordinates": [
          [
            [
              -94.52473393286255,
              39.10495757636542
            ],
            [
              -94.52380505824777,
              39.10492694945049
            ],
            [
              -94.52378652595685,
              39.105270483093705
            ],
            [
              -94.52471487678396,
              39.10530200318327
            ],
            [
              -94.52473393286255,
              39.10495757636542
            ]
          ]
        ],
        "type": "Polygon"
      },
      "properties": {
        "activity_date": "2026-01-23T15:50:02.76Z",
        "activity_date_basis": "issue_date",
        "activity_date_label": "Permit issued",
        "activity_stage": "issued",
        "address": "4835 Independence Ave Kansas City, MO 64124",
        "apply_date": "2025-12-22T03:09:25.163Z",
        "case_number": "CPDC-2025-00194",
        "category": "Complete Building Demolition - Commercial",
        "date": "2026-01-23T15:50:02.76Z",
        "detail_url": "https://compasskc.kcmo.org/EnerGov_Prod/SelfService#/permit/7bc1d2ae-7da8-4e39-90af-ccc5ad8cf12e",
        "external_id": "7bc1d2ae-7da8-4e39-90af-ccc5ad8cf12e",
        "final_date": "2026-03-03T06:00:00Z",
        "geometry_source": "KCMO parcels",
        "has_parcel_polygon": true,
        "issue_date": "2026-01-23T15:50:02.76Z",
        "match_method": "parcel_id",
        "match_status": "matched",
        "parcel_address": "4835 Independence Ave",
        "parcel_id": "7841",
        "post_demo_confidence": "unknown",
        "post_demo_evidence": [
          {
            "application_date": "2025-10-14T13:07:44.000",
            "issue_date": "2025-10-14T13:08:29.000",
            "project": "95791",
            "record_number": "WS-E-162264",
            "record_type": "WS - Existing Service",
            "relation": "demolition_prep_or_utility",
            "source": "Open Data KC City Issued Permits",
            "status": "Expired",
            "work_class": "Kill Water Service at Main"
          },
          {
            "application_date": "2025-10-14T12:52:37.000",
            "issue_date": "2025-12-31T09:24:33.000",
            "project": "95791",
            "record_number": "WS-PW-PR-2025-01494",
            "record_type": "WS-PW-PR New Connection - Kills - Repairs - Coord",
            "relation": "demolition_prep_or_utility",
            "source": "Open Data KC City Issued Permits",
            "status": "Issued",
            "work_class": "Water Service Lines - Kills"
          },
          {
            "application_date": "2025-10-03T16:21:55.723",
            "issue_date": "2025-10-06T11:09:12.840",
            "project": "",
            "record_number": "PW-H-2025-00161",
            "record_type": "PW - Hauling",
            "relation": "demolition_prep_or_utility",
            "source": "Open Data KC City Issued Permits",
            "status": "Issued",
            "work_class": "Hauling"
          }
        ],
        "post_demo_last_checked": "2026-05-29T17:52:47Z",
        "post_demo_status": "utility_prep_only",
        "post_demo_summary": "Recent same-parcel public records show utility, excavation, hauling or other prep work, but no replacement or reuse permit was found.",
        "record_id": "case:7bc1d2ae-7da8-4e39-90af-ccc5ad8cf12e",
        "record_type": "Complete Building Demolition - Commercial",
        "replacement_use": "infrastructure_only",
        "status": "Closed",
        "timing_note": "CompassKC lists the permit issue date; an actual demolition date was not posted.",
        "year": "2026"
      },
      "type": "Feature"
    },
    {
      "geometry": {
        "coordinates": [
          [
            [
              -94.59462815965465,
              39.056431191317856
            ],
            [
              -94.59446789080012,
              39.056425143410934
            ],
            [
              -94.59444945044937,
              39.05681355977094
            ],
            [
              -94.59461015943208,
              39.0568194477514
            ],
            [
              -94.59462815965465,
              39.056431191317856
            ]
          ]
        ],
        "type": "Polygon"
      },
      "properties": {
        "activity_date": "2026-01-26",
        "activity_date_basis": "issue_date",
        "activity_date_label": "Permit issued",
        "activity_stage": "issued",
        "address": "629 W 39th St Kansas City, MO 64111",
        "apply_date": "2026-01-23T13:52:02.31Z",
        "case_number": "CPDC-2026-00012",
        "category": "Pre-Demolition Inspection - Commercial",
        "date": "2026-01-26",
        "detail_url": "https://compasskc.kcmo.org/EnerGov_Prod/SelfService#/permit/1aa96966-2a2b-4f4e-aa1f-33942ff6cd12",
        "external_id": "1aa96966-2a2b-4f4e-aa1f-33942ff6cd12",
        "geometry_source": "KCMO parcels",
        "has_parcel_polygon": true,
        "issue_date": "2026-01-26T19:11:02.747Z",
        "match_method": "parcel_id",
        "match_status": "matched",
        "parcel_address": "629 W 39th St",
        "parcel_id": "131103",
        "post_demo_confidence": "possible",
        "post_demo_evidence": [
          {
            "application_date": "2026-02-13T15:02:27.273",
            "issue_date": "",
            "project": "",
            "record_number": "WS-PW-PR-2026-00280",
            "record_type": "WS-PW-PR New Connection - Kills - Repairs - Coord",
            "relation": "possible_reuse_or_remodel",
            "source": "Open Data KC City Issued Permits",
            "status": "Cancelled",
            "work_class": "Storm Sewer Lines - New/Repair"
          }
        ],
        "post_demo_last_checked": "2026-05-29T17:52:47Z",
        "post_demo_status": "possible_reuse_or_remodel",
        "post_demo_summary": "A same-parcel public permit filed after this demolition record shows repair, renovation, remodel or reuse activity.",
        "record_id": "case:1aa96966-2a2b-4f4e-aa1f-33942ff6cd12",
        "record_type": "Pre-Demolition Inspection - Commercial",
        "replacement_use": "infrastructure_only",
        "status": "Issued",
        "timing_note": "CompassKC lists the permit issue date; an actual demolition date was not posted.",
        "year": "2026"
      },
      "type": "Feature"
    },
    {
      "geometry": {
        "coordinates": [
          [
            [
              -94.56761514798023,
              39.104921167885635
            ],
            [
              -94.56708506655303,
              39.10490298651514
            ],
            [
              -94.56706795534656,
              39.10525464881721
            ],
            [
              -94.56759804124324,
              39.105273219232394
            ],
            [
              -94.56761514798023,
              39.104921167885635
            ]
          ]
        ],
        "type": "Polygon"
      },
      "properties": {
        "activity_date": "2026-01-27",
        "activity_date_basis": "issue_date",
        "activity_date_label": "Permit issued",
        "activity_stage": "issued",
        "address": "704 Tracy Ave Kansas City, MO 64106",
        "apply_date": "2026-01-20T16:04:13.163Z",
        "case_number": "CPDC-2026-00008",
        "category": "Pre-Demolition Inspection - Commercial",
        "date": "2026-01-27",
        "detail_url": "https://compasskc.kcmo.org/EnerGov_Prod/SelfService#/permit/9db24e63-7036-4ec8-8814-aaed1194fb84",
        "external_id": "9db24e63-7036-4ec8-8814-aaed1194fb84",
        "geometry_source": "KCMO parcels",
        "has_parcel_polygon": true,
        "issue_date": "2026-01-27T19:52:02.353Z",
        "match_method": "parcel_id",
        "match_status": "matched",
        "parcel_address": "704 Tracy Ave",
        "parcel_id": "12012",
        "post_demo_confidence": "unknown",
        "post_demo_evidence": [
          {
            "application_date": "2026-01-06T13:35:05.127",
            "issue_date": "2026-01-20T08:49:02.477",
            "project": "",
            "record_number": "PW-TC-2026-00026",
            "record_type": "PW - Traffic Control",
            "relation": "demolition_prep_or_utility",
            "source": "Open Data KC City Issued Permits",
            "status": "Closed",
            "work_class": "Traffic Control for Construction"
          },
          {
            "application_date": "2025-12-31T10:49:30.327",
            "issue_date": "2026-01-06T08:14:06.213",
            "project": "",
            "record_number": "PW-H-2025-00205",
            "record_type": "PW - Hauling",
            "relation": "demolition_prep_or_utility",
            "source": "Open Data KC City Issued Permits",
            "status": "Issued",
            "work_class": "Hauling"
          },
          {
            "application_date": "2025-10-10T11:14:10.440",
            "issue_date": "2025-10-28T07:39:06.317",
            "project": "",
            "record_number": "PW-TC-2025-02877",
            "record_type": "PW - Traffic Control",
            "relation": "demolition_prep_or_utility",
            "source": "Open Data KC City Issued Permits",
            "status": "Closed",
            "work_class": "Traffic Control for Construction"
          }
        ],
        "post_demo_last_checked": "2026-05-29T17:52:47Z",
        "post_demo_status": "utility_prep_only",
        "post_demo_summary": "Recent same-parcel public records show utility, excavation, hauling or other prep work, but no replacement or reuse permit was found.",
        "record_id": "case:9db24e63-7036-4ec8-8814-aaed1194fb84",
        "record_type": "Pre-Demolition Inspection - Commercial",
        "replacement_use": "infrastructure_only",
        "status": "Issued",
        "timing_note": "CompassKC lists the permit issue date; an actual demolition date was not posted.",
        "year": "2026"
      },
      "type": "Feature"
    },
    {
      "geometry": {
        "coordinates": [
          [
            [
              -94.59614017364294,
              39.01903894133606
            ],
            [
              -94.59587406887476,
              39.01902941302017
            ],
            [
              -94.59585431330797,
              39.01938699015039
            ],
            [
              -94.59612129897513,
              39.01939624378436
            ],
            [
              -94.59614017364294,
              39.01903894133606
            ]
          ]
        ],
        "type": "Polygon"
      },
      "properties": {
        "activity_date": "2026-01-28",
        "activity_date_basis": "final_date",
        "activity_date_label": "Permit finalized",
        "activity_stage": "complete",
        "address": "618 Huntington Rd Kansas City, MO 64113",
        "apply_date": "2026-01-15T16:34:15.923Z",
        "case_number": "CPDR-2026-00003",
        "category": "Partial Building Demolition - Residential",
        "date": "2026-01-28",
        "detail_url": "https://compasskc.kcmo.org/EnerGov_Prod/SelfService#/permit/2006d3e5-6620-4f86-82cf-f6d332dd6a3f",
        "external_id": "2006d3e5-6620-4f86-82cf-f6d332dd6a3f",
        "final_date": "2026-01-28T15:21:29Z",
        "geometry_source": "KCMO parcels",
        "has_parcel_polygon": true,
        "match_method": "parcel_id",
        "match_status": "matched",
        "parcel_address": "618 Huntington Rd",
        "parcel_id": "108324",
        "post_demo_confidence": "possible",
        "post_demo_evidence": [
          {
            "application_date": "2026-02-24T08:17:40.047",
            "issue_date": "2026-02-27T14:51:00.000",
            "project": "",
            "record_number": "CPBR-2026-00417",
            "record_type": "CPPU - Building (Residential)",
            "relation": "possible_reuse_or_remodel",
            "source": "Open Data KC City Issued Permits",
            "status": "Issued",
            "work_class": "Single Family - Addition"
          }
        ],
        "post_demo_last_checked": "2026-05-29T17:52:47Z",
        "post_demo_status": "possible_reuse_or_remodel",
        "post_demo_summary": "A same-parcel public permit filed after this demolition record shows repair, renovation, remodel or reuse activity.",
        "record_id": "case:2006d3e5-6620-4f86-82cf-f6d332dd6a3f",
        "record_type": "Partial Building Demolition - Residential",
        "replacement_use": "housing",
        "status": "Voided-City",
        "timing_note": "CompassKC lists a final/completion date; an actual demolition date was not posted.",
        "year": "2026"
      },
      "type": "Feature"
    },
    {
      "geometry": {
        "coordinates": [
          [
            [
              -94.59006235360536,
              39.08758408460481
            ],
            [
              -94.5896329561916,
              39.087571006788814
            ],
            [
              -94.58961388234842,
              39.08797196059257
            ],
            [
              -94.59004307716167,
              39.087985999624266
            ],
            [
              -94.59006235360536,
              39.08758408460481
            ]
          ]
        ],
        "type": "Polygon"
      },
      "properties": {
        "activity_date": "2026-01-29",
        "activity_date_basis": "issue_date",
        "activity_date_label": "Permit issued",
        "activity_stage": "issued",
        "address": "2035 Washington St Kansas City, MO 64108",
        "apply_date": "2025-12-11T18:08:09.577Z",
        "case_number": "CPDC-2025-00191",
        "category": "Pre-Demolition Inspection - Commercial",
        "date": "2026-01-29",
        "detail_url": "https://compasskc.kcmo.org/EnerGov_Prod/SelfService#/permit/3515a84c-39bc-49e8-925f-f6782af780ad",
        "external_id": "3515a84c-39bc-49e8-925f-f6782af780ad",
        "geometry_source": "KCMO parcels",
        "has_parcel_polygon": true,
        "issue_date": "2026-01-29T18:37:02.343Z",
        "match_method": "parcel_id",
        "match_status": "matched",
        "parcel_address": "2035 Washington St",
        "parcel_id": "123830",
        "post_demo_confidence": "unknown",
        "post_demo_evidence": [
          {
            "application_date": "2026-05-26T13:50:53.000",
            "issue_date": "",
            "project": "FP88479",
            "record_number": "WS-E-162444",
            "record_type": "WS - Existing Service",
            "relation": "demolition_prep_or_utility",
            "source": "Open Data KC City Issued Permits",
            "status": "Pending",
            "work_class": "Kill Water Service at Main"
          },
          {
            "application_date": "2026-05-26T13:39:57.000",
            "issue_date": "",
            "project": "63493",
            "record_number": "WS-E-162458",
            "record_type": "WS - Existing Service",
            "relation": "demolition_prep_or_utility",
            "source": "Open Data KC City Issued Permits",
            "status": "Pending",
            "work_class": "Kill Water Service at Main"
          },
          {
            "application_date": "2026-05-26T13:37:34.000",
            "issue_date": "",
            "project": "",
            "record_number": "WS-PW-PR-2025-01838",
            "record_type": "WS-PW-PR New Connection - Kills - Repairs - Coord",
            "relation": "demolition_prep_or_utility",
            "source": "Open Data KC City Issued Permits",
            "status": "In Review",
            "work_class": "Water Service Lines - Kills"
          }
        ],
        "post_demo_last_checked": "2026-05-29T17:52:47Z",
        "post_demo_status": "utility_prep_only",
        "post_demo_summary": "Recent same-parcel public records show utility, excavation, hauling or other prep work, but no replacement or reuse permit was found.",
        "record_id": "case:3515a84c-39bc-49e8-925f-f6782af780ad",
        "record_type": "Pre-Demolition Inspection - Commercial",
        "replacement_use": "infrastructure_only",
        "status": "Issued",
        "timing_note": "CompassKC lists the permit issue date; an actual demolition date was not posted.",
        "year": "2026"
      },
      "type": "Feature"
    },
    {
      "geometry": {
        "coordinates": [
          [
            [
              -94.54238929623772,
              39.10087941251597
            ],
            [
              -94.54264539137937,
              39.10088904342037
            ],
            [
              -94.54283844984761,
              39.1010564598618
            ],
            [
              -94.54286264462387,
              39.10066532789434
            ],
            [
              -94.5424034576449,
              39.100649364911945
            ],
            [
              -94.54238929623772,
              39.10087941251597
            ]
          ]
        ],
        "type": "Polygon"
      },
      "properties": {
        "activity_date": "2026-01-29",
        "activity_date_basis": "issue_date",
        "activity_date_label": "Permit issued",
        "activity_stage": "issued",
        "address": "3237 E 10th St Kansas City, MO 64127",
        "apply_date": "2026-01-23T16:37:27.23Z",
        "case_number": "CPDR-2026-00010",
        "category": "Complete Building or Structure Demolition - Residential",
        "date": "2026-01-29",
        "detail_url": "https://compasskc.kcmo.org/EnerGov_Prod/SelfService#/permit/67510579-56e0-4d8a-9554-330feab964a5",
        "external_id": "67510579-56e0-4d8a-9554-330feab964a5",
        "final_date": "2026-04-01T05:00:00Z",
        "geometry_source": "KCMO parcels",
        "has_parcel_polygon": true,
        "issue_date": "2026-01-29T18:51:02.987Z",
        "match_method": "parcel_id",
        "match_status": "matched",
        "parcel_address": "3237 E 10th St",
        "parcel_id": "287149",
        "post_demo_confidence": "unknown",
        "post_demo_evidence": [
          {
            "application_date": "2026-01-19T13:51:51.623",
            "issue_date": "2026-01-20T13:01:23.000",
            "project": "",
            "record_number": "PW-H-2026-00012",
            "record_type": "PW - Hauling",
            "relation": "demolition_prep_or_utility",
            "source": "Open Data KC City Issued Permits",
            "status": "Issued",
            "work_class": "Hauling"
          },
          {
            "application_date": "2025-12-09T14:14:50.000",
            "issue_date": "2025-12-11T07:36:24.913",
            "project": "",
            "record_number": "PW-EXC-2025-05853",
            "record_type": "PW - Excavation",
            "relation": "demolition_prep_or_utility",
            "source": "Open Data KC City Issued Permits",
            "status": "Closed",
            "work_class": "Water Main/Pipeline"
          },
          {
            "application_date": "2025-12-09T14:12:49.000",
            "issue_date": "2025-12-09T14:37:03.590",
            "project": "",
            "record_number": "WS-E-162426",
            "record_type": "WS - Existing Service",
            "relation": "demolition_prep_or_utility",
            "source": "Open Data KC City Issued Permits",
            "status": "Issued",
            "work_class": "Kill Water Service at Main"
          }
        ],
        "post_demo_last_checked": "2026-05-29T17:52:47Z",
        "post_demo_status": "utility_prep_only",
        "post_demo_summary": "Recent same-parcel public records show utility, excavation, hauling or other prep work, but no replacement or reuse permit was found.",
        "record_id": "case:67510579-56e0-4d8a-9554-330feab964a5",
        "record_type": "Complete Building or Structure Demolition - Residential",
        "replacement_use": "infrastructure_only",
        "status": "Closed",
        "timing_note": "CompassKC lists the permit issue date; an actual demolition date was not posted.",
        "year": "2026"
      },
      "type": "Feature"
    },
    {
      "geometry": {
        "coordinates": [
          [
            [
              -94.56029984079115,
              39.10382924288834
            ],
            [
              -94.56033634322857,
              39.10303826127749
            ],
            [
              -94.56029825748512,
              39.10300482885532
            ],
            [
              -94.55948870220202,
              39.10286388845983
            ],
            [
              -94.55834977639879,
              39.10281879360478
            ],
            [
              -94.55826970933603,
              39.10468953547572
            ],
            [
              -94.56027732396421,
              39.104769283018754
            ],
            [
              -94.5603125830502,
              39.10396402521618
            ],
            [
              -94.56029984079115,
              39.10382924288834
            ]
          ]
        ],
        "type": "Polygon"
      },
      "properties": {
        "activity_date": "2026-02-02",
        "activity_date_basis": "complete_date",
        "activity_date_label": "Review approved",
        "activity_stage": "review",
        "address": "711 Woodland Ave Kansas City, MO 64124",
        "apply_date": "2025-11-14T14:47:39.157Z",
        "case_number": "CH-DM-2025-00114",
        "category": "Demolition Review, Regular",
        "complete_date": "2026-02-02T15:37:59Z",
        "date": "2026-02-02",
        "detail_url": "https://compasskc.kcmo.org/EnerGov_Prod/SelfService#/plan/664ec349-2092-4766-96fc-fd167a53eb7c",
        "expiration_date": "2029-02-02T15:38:10Z",
        "external_id": "664ec349-2092-4766-96fc-fd167a53eb7c",
        "geometry_source": "KCMO parcels",
        "has_parcel_polygon": true,
        "match_method": "parcel_id",
        "match_status": "matched",
        "parcel_address": "711 Woodland Ave",
        "parcel_id": "11742",
        "post_demo_confidence": "unknown",
        "post_demo_evidence": [
          {
            "application_date": "2025-07-08T10:34:24.070",
            "issue_date": "2025-07-08T10:36:57.000",
            "project": "",
            "record_number": "PW-EXC-2025-03241",
            "record_type": "PW - Excavation",
            "relation": "demolition_prep_or_utility",
            "source": "Open Data KC City Issued Permits",
            "status": "Issued With Unpaid Fees",
            "work_class": "Water Main/Pipeline"
          }
        ],
        "post_demo_last_checked": "2026-05-29T17:52:47Z",
        "post_demo_status": "utility_prep_only",
        "post_demo_summary": "Recent same-parcel public records show utility, excavation, hauling or other prep work, but no replacement or reuse permit was found.",
        "record_id": "case:664ec349-2092-4766-96fc-fd167a53eb7c",
        "record_type": "Demolition Review, Regular",
        "replacement_use": "infrastructure_only",
        "status": "Approved",
        "story_angle_clues": [
          {
            "angle": "Recognizable place",
            "context": "Demolition of the existing Woodland school building located at 711 Woodland Ave. (Demolition may proceed on 2/2/2026)",
            "field": "project description",
            "matched_text": "school"
          }
        ],
        "story_angles": [
          "Recognizable place"
        ],
        "timing_note": "CompassKC lists a demolition-review milestone; an actual demolition date was not posted.",
        "year": "2026"
      },
      "type": "Feature"
    },
    {
      "geometry": {
        "coordinates": [
          [
            [
              -94.60557217953752,
              38.984999062662915
            ],
            [
              -94.60628328762627,
              38.98502029322505
            ],
            [
              -94.6063127152148,
              38.98441510147041
            ],
            [
              -94.60560199301811,
              38.98438610887832
            ],
            [
              -94.60557217953752,
              38.984999062662915
            ]
          ],
          [
            [
              -94.60585964383418,
              38.98490923001297
            ],
            [
              -94.60586314913967,
              38.98483720730474
            ],
            [
              -94.6061302549261,
              38.98484512466288
            ],
            [
              -94.60612674989432,
              38.9849171496668
            ],
            [
              -94.60585964383418,
              38.98490923001297
            ]
          ]
        ],
        "type": "Polygon"
      },
      "properties": {
        "activity_date": "2026-02-02",
        "activity_date_basis": "complete_date",
        "activity_date_label": "Review completed",
        "activity_stage": "review",
        "address": "7910 Mercier St Kansas City, MO 64114",
        "apply_date": "2026-01-29T19:01:20.483Z",
        "case_number": "CH-DM-2026-00003",
        "category": "Demolition Review, Administrative",
        "complete_date": "2026-02-02T14:46:42.163Z",
        "date": "2026-02-02",
        "detail_url": "https://compasskc.kcmo.org/EnerGov_Prod/SelfService#/plan/b65cad38-53b1-4beb-ae54-af308a80bd08",
        "external_id": "b65cad38-53b1-4beb-ae54-af308a80bd08",
        "geometry_source": "KCMO parcels",
        "has_parcel_polygon": true,
        "match_method": "address_geocode_point_in_polygon",
        "match_status": "matched",
        "parcel_address": "7921 Ward Pkwy",
        "parcel_id": "295203",
        "post_demo_confidence": "confirmed",
        "post_demo_evidence": [
          {
            "application_date": "2025-10-21T09:34:57.060",
            "issue_date": "2025-10-24T12:16:06.413",
            "project": "Fareway Meat Market on Ward Parkway",
            "record_number": "CPBC-2025-00928",
            "record_type": "CPPU - Building (Commercial)",
            "relation": "known_replacement",
            "source": "Open Data KC City Issued Permits",
            "status": "Ready For Issuance",
            "work_class": "New"
          }
        ],
        "post_demo_last_checked": "2026-05-29T17:52:47Z",
        "post_demo_status": "known_replacement",
        "post_demo_summary": "A same-parcel public permit filed near or after this demolition record shows a new building permit.",
        "record_id": "case:b65cad38-53b1-4beb-ae54-af308a80bd08",
        "record_type": "Demolition Review, Administrative",
        "replacement_use": "commercial_or_mixed",
        "status": "Voided",
        "timing_note": "CompassKC lists a demolition-review milestone; an actual demolition date was not posted.",
        "year": "2026"
      },
      "type": "Feature"
    },
    {
      "geometry": {
        "coordinates": [
          [
            [
              -94.59006235360536,
              39.08758408460481
            ],
            [
              -94.5896329561916,
              39.087571006788814
            ],
            [
              -94.58961388234842,
              39.08797196059257
            ],
            [
              -94.59004307716167,
              39.087985999624266
            ],
            [
              -94.59006235360536,
              39.08758408460481
            ]
          ]
        ],
        "type": "Polygon"
      },
      "properties": {
        "activity_date": "2026-02-02T14:46:21.71Z",
        "activity_date_basis": "complete_date",
        "activity_date_label": "Review completed",
        "activity_stage": "review",
        "address": "2035 Washington St Kansas City, MO 64108",
        "apply_date": "2026-01-29T19:02:49.71Z",
        "case_number": "CH-DM-2026-00004",
        "category": "Demolition Review, Administrative",
        "complete_date": "2026-02-02T14:46:21.71Z",
        "date": "2026-02-02T14:46:21.71Z",
        "detail_url": "https://compasskc.kcmo.org/EnerGov_Prod/SelfService#/plan/025cb0c7-d302-4752-b98c-4234c44dd2af",
        "external_id": "025cb0c7-d302-4752-b98c-4234c44dd2af",
        "geometry_source": "KCMO parcels",
        "has_parcel_polygon": true,
        "match_method": "parcel_id",
        "match_status": "matched",
        "parcel_address": "2035 Washington St",
        "parcel_id": "123830",
        "post_demo_confidence": "unknown",
        "post_demo_evidence": [
          {
            "application_date": "2026-05-26T13:50:53.000",
            "issue_date": "",
            "project": "FP88479",
            "record_number": "WS-E-162444",
            "record_type": "WS - Existing Service",
            "relation": "demolition_prep_or_utility",
            "source": "Open Data KC City Issued Permits",
            "status": "Pending",
            "work_class": "Kill Water Service at Main"
          },
          {
            "application_date": "2026-05-26T13:39:57.000",
            "issue_date": "",
            "project": "63493",
            "record_number": "WS-E-162458",
            "record_type": "WS - Existing Service",
            "relation": "demolition_prep_or_utility",
            "source": "Open Data KC City Issued Permits",
            "status": "Pending",
            "work_class": "Kill Water Service at Main"
          },
          {
            "application_date": "2026-05-26T13:37:34.000",
            "issue_date": "",
            "project": "",
            "record_number": "WS-PW-PR-2025-01838",
            "record_type": "WS-PW-PR New Connection - Kills - Repairs - Coord",
            "relation": "demolition_prep_or_utility",
            "source": "Open Data KC City Issued Permits",
            "status": "In Review",
            "work_class": "Water Service Lines - Kills"
          }
        ],
        "post_demo_last_checked": "2026-05-29T17:52:47Z",
        "post_demo_status": "utility_prep_only",
        "post_demo_summary": "Recent same-parcel public records show utility, excavation, hauling or other prep work, but no replacement or reuse permit was found.",
        "record_id": "case:025cb0c7-d302-4752-b98c-4234c44dd2af",
        "record_type": "Demolition Review, Administrative",
        "replacement_use": "infrastructure_only",
        "status": "Voided",
        "timing_note": "CompassKC lists a demolition-review milestone; an actual demolition date was not posted.",
        "year": "2026"
      },
      "type": "Feature"
    },
    {
      "geometry": {
        "coordinates": [
          [
            [
              -94.56761514798023,
              39.104921167885635
            ],
            [
              -94.56708506655303,
              39.10490298651514
            ],
            [
              -94.56706795534656,
              39.10525464881721
            ],
            [
              -94.56759804124324,
              39.105273219232394
            ],
            [
              -94.56761514798023,
              39.104921167885635
            ]
          ]
        ],
        "type": "Polygon"
      },
      "properties": {
        "activity_date": "2026-02-03",
        "activity_date_basis": "issue_date",
        "activity_date_label": "Permit issued",
        "activity_stage": "issued",
        "address": "704 Tracy Ave Kansas City, MO 64106",
        "apply_date": "2026-01-20T16:06:13.86Z",
        "case_number": "CPDC-2026-00009",
        "category": "Complete Building Demolition - Commercial",
        "date": "2026-02-03",
        "detail_url": "https://compasskc.kcmo.org/EnerGov_Prod/SelfService#/permit/0110d808-2bb2-42f4-9675-ce19bced89b4",
        "external_id": "0110d808-2bb2-42f4-9675-ce19bced89b4",
        "final_date": "2026-03-13T05:00:00Z",
        "geometry_source": "KCMO parcels",
        "has_parcel_polygon": true,
        "issue_date": "2026-02-03T16:01:03.493Z",
        "match_method": "parcel_id",
        "match_status": "matched",
        "parcel_address": "704 Tracy Ave",
        "parcel_id": "12012",
        "post_demo_confidence": "unknown",
        "post_demo_evidence": [
          {
            "application_date": "2026-01-06T13:35:05.127",
            "issue_date": "2026-01-20T08:49:02.477",
            "project": "",
            "record_number": "PW-TC-2026-00026",
            "record_type": "PW - Traffic Control",
            "relation": "demolition_prep_or_utility",
            "source": "Open Data KC City Issued Permits",
            "status": "Closed",
            "work_class": "Traffic Control for Construction"
          },
          {
            "application_date": "2025-12-31T10:49:30.327",
            "issue_date": "2026-01-06T08:14:06.213",
            "project": "",
            "record_number": "PW-H-2025-00205",
            "record_type": "PW - Hauling",
            "relation": "demolition_prep_or_utility",
            "source": "Open Data KC City Issued Permits",
            "status": "Issued",
            "work_class": "Hauling"
          },
          {
            "application_date": "2025-10-10T11:14:10.440",
            "issue_date": "2025-10-28T07:39:06.317",
            "project": "",
            "record_number": "PW-TC-2025-02877",
            "record_type": "PW - Traffic Control",
            "relation": "demolition_prep_or_utility",
            "source": "Open Data KC City Issued Permits",
            "status": "Closed",
            "work_class": "Traffic Control for Construction"
          }
        ],
        "post_demo_last_checked": "2026-05-29T17:52:47Z",
        "post_demo_status": "utility_prep_only",
        "post_demo_summary": "Recent same-parcel public records show utility, excavation, hauling or other prep work, but no replacement or reuse permit was found.",
        "record_id": "case:0110d808-2bb2-42f4-9675-ce19bced89b4",
        "record_type": "Complete Building Demolition - Commercial",
        "replacement_use": "infrastructure_only",
        "status": "Closed",
        "timing_note": "CompassKC lists the permit issue date; an actual demolition date was not posted.",
        "year": "2026"
      },
      "type": "Feature"
    },
    {
      "geometry": {
        "coordinates": [
          [
            [
              -94.59462815965465,
              39.056431191317856
            ],
            [
              -94.59446789080012,
              39.056425143410934
            ],
            [
              -94.59444945044937,
              39.05681355977094
            ],
            [
              -94.59461015943208,
              39.0568194477514
            ],
            [
              -94.59462815965465,
              39.056431191317856
            ]
          ]
        ],
        "type": "Polygon"
      },
      "properties": {
        "activity_date": "2026-02-03",
        "activity_date_basis": "issue_date",
        "activity_date_label": "Permit issued",
        "activity_stage": "issued",
        "address": "629 W 39th St Kansas City, MO 64111",
        "apply_date": "2026-02-02T14:25:25.387Z",
        "case_number": "CPDC-2026-00014",
        "category": "Complete Building Demolition - Commercial",
        "date": "2026-02-03",
        "detail_url": "https://compasskc.kcmo.org/EnerGov_Prod/SelfService#/permit/65ed8fa7-e268-42fa-a3aa-1a549a6a850b",
        "external_id": "65ed8fa7-e268-42fa-a3aa-1a549a6a850b",
        "geometry_source": "KCMO parcels",
        "has_parcel_polygon": true,
        "issue_date": "2026-02-03T19:01:02.933Z",
        "match_method": "parcel_id",
        "match_status": "matched",
        "parcel_address": "629 W 39th St",
        "parcel_id": "131103",
        "post_demo_confidence": "possible",
        "post_demo_evidence": [
          {
            "application_date": "2026-02-13T15:02:27.273",
            "issue_date": "",
            "project": "",
            "record_number": "WS-PW-PR-2026-00280",
            "record_type": "WS-PW-PR New Connection - Kills - Repairs - Coord",
            "relation": "possible_reuse_or_remodel",
            "source": "Open Data KC City Issued Permits",
            "status": "Cancelled",
            "work_class": "Storm Sewer Lines - New/Repair"
          }
        ],
        "post_demo_last_checked": "2026-05-29T17:52:47Z",
        "post_demo_status": "possible_reuse_or_remodel",
        "post_demo_summary": "A same-parcel public permit filed after this demolition record shows repair, renovation, remodel or reuse activity.",
        "record_id": "case:65ed8fa7-e268-42fa-a3aa-1a549a6a850b",
        "record_type": "Complete Building Demolition - Commercial",
        "replacement_use": "infrastructure_only",
        "status": "Issued",
        "timing_note": "CompassKC lists the permit issue date; an actual demolition date was not posted.",
        "year": "2026"
      },
      "type": "Feature"
    },
    {
      "geometry": {
        "coordinates": [
          [
            [
              -94.55865170280174,
              39.09234955502972
            ],
            [
              -94.55861064888299,
              39.092305850614004
            ],
            [
              -94.55859108588392,
              39.09226023685846
            ],
            [
              -94.55858794375399,
              39.09222417784729
            ],
            [
              -94.55859692713278,
              39.0920808484877
            ],
            [
              -94.55649622263907,
              39.09200830143052
            ],
            [
              -94.55646053824738,
              39.09258420246458
            ],
            [
              -94.55863652694468,
              39.09267341638786
            ],
            [
              -94.55865170280174,
              39.09234955502972
            ]
          ]
        ],
        "type": "Polygon"
      },
      "properties": {
        "activity_date": "2026-02-03",
        "activity_date_basis": "final_date",
        "activity_date_label": "Permit finalized",
        "activity_stage": "complete",
        "address": "1632 Brooklyn Ave Unit/Suite: BLD 28 Kansas City, MO 64127",
        "apply_date": "2026-02-02T17:51:24.06Z",
        "case_number": "CPDC-2026-00015",
        "category": "Complete Building Demolition - Commercial",
        "date": "2026-02-03",
        "detail_url": "https://compasskc.kcmo.org/EnerGov_Prod/SelfService#/permit/e5482f4d-3002-46d3-b661-68a97779acf1",
        "external_id": "e5482f4d-3002-46d3-b661-68a97779acf1",
        "final_date": "2026-02-03T14:44:28Z",
        "geometry_source": "KCMO parcels",
        "has_parcel_polygon": true,
        "match_method": "parcel_id",
        "match_status": "matched",
        "parcel_address": "2020 E 17th St",
        "parcel_id": "12503",
        "post_demo_confidence": "unknown",
        "post_demo_evidence": [
          {
            "application_date": "2026-02-18T09:29:41.000",
            "issue_date": "2026-02-18T09:36:02.590",
            "project": "KILL89801",
            "record_number": "WS-E-162631",
            "record_type": "WS - Existing Service",
            "relation": "demolition_prep_or_utility",
            "source": "Open Data KC City Issued Permits",
            "status": "Issued",
            "work_class": "Kill Water Service at Main"
          },
          {
            "application_date": "2026-02-18T09:23:17.000",
            "issue_date": "",
            "project": "KILL89801",
            "record_number": "WS-PW-PR-2026-00295",
            "record_type": "WS-PW-PR New Connection - Kills - Repairs - Coord",
            "relation": "demolition_prep_or_utility",
            "source": "Open Data KC City Issued Permits",
            "status": "Ready For Issuance",
            "work_class": "Water Service Lines - Kills"
          },
          {
            "application_date": "2026-02-02T09:37:28.000",
            "issue_date": "2026-02-03T09:27:04.817",
            "project": "126917",
            "record_number": "WS-E-162581",
            "record_type": "WS - Existing Service",
            "relation": "demolition_prep_or_utility",
            "source": "Open Data KC City Issued Permits",
            "status": "Issued",
            "work_class": "Kill Water Service at Main"
          }
        ],
        "post_demo_last_checked": "2026-05-29T17:52:47Z",
        "post_demo_status": "utility_prep_only",
        "post_demo_summary": "Recent same-parcel public records show utility, excavation, hauling or other prep work, but no replacement or reuse permit was found.",
        "record_id": "case:e5482f4d-3002-46d3-b661-68a97779acf1",
        "record_type": "Complete Building Demolition - Commercial",
        "replacement_use": "infrastructure_only",
        "status": "Voided-City",
        "timing_note": "CompassKC lists a final/completion date; an actual demolition date was not posted.",
        "year": "2026"
      },
      "type": "Feature"
    },
    {
      "geometry": {
        "coordinates": [
          [
            [
              -94.55865170280174,
              39.09234955502972
            ],
            [
              -94.55861064888299,
              39.092305850614004
            ],
            [
              -94.55859108588392,
              39.09226023685846
            ],
            [
              -94.55858794375399,
              39.09222417784729
            ],
            [
              -94.55859692713278,
              39.0920808484877
            ],
            [
              -94.55649622263907,
              39.09200830143052
            ],
            [
              -94.55646053824738,
              39.09258420246458
            ],
            [
              -94.55863652694468,
              39.09267341638786
            ],
            [
              -94.55865170280174,
              39.09234955502972
            ]
          ]
        ],
        "type": "Polygon"
      },
      "properties": {
        "activity_date": "2026-02-03",
        "activity_date_basis": "issue_date",
        "activity_date_label": "Permit issued",
        "activity_stage": "issued",
        "address": "1632 Brooklyn Ave Unit/Suite: BLD 28 Kansas City, MO 64127",
        "apply_date": "2026-02-02T18:41:55.023Z",
        "case_number": "CPDC-2026-00016",
        "category": "Complete Building Demolition - Commercial",
        "date": "2026-02-03",
        "detail_url": "https://compasskc.kcmo.org/EnerGov_Prod/SelfService#/permit/30e229b0-023b-451d-bf9c-67ff84b325a6",
        "external_id": "30e229b0-023b-451d-bf9c-67ff84b325a6",
        "geometry_source": "KCMO parcels",
        "has_parcel_polygon": true,
        "issue_date": "2026-02-03T16:42:02.857Z",
        "match_method": "parcel_id",
        "match_status": "matched",
        "parcel_address": "2020 E 17th St",
        "parcel_id": "12503",
        "post_demo_confidence": "unknown",
        "post_demo_evidence": [
          {
            "application_date": "2026-02-18T09:29:41.000",
            "issue_date": "2026-02-18T09:36:02.590",
            "project": "KILL89801",
            "record_number": "WS-E-162631",
            "record_type": "WS - Existing Service",
            "relation": "demolition_prep_or_utility",
            "source": "Open Data KC City Issued Permits",
            "status": "Issued",
            "work_class": "Kill Water Service at Main"
          },
          {
            "application_date": "2026-02-18T09:23:17.000",
            "issue_date": "",
            "project": "KILL89801",
            "record_number": "WS-PW-PR-2026-00295",
            "record_type": "WS-PW-PR New Connection - Kills - Repairs - Coord",
            "relation": "demolition_prep_or_utility",
            "source": "Open Data KC City Issued Permits",
            "status": "Ready For Issuance",
            "work_class": "Water Service Lines - Kills"
          },
          {
            "application_date": "2026-02-02T09:37:28.000",
            "issue_date": "2026-02-03T09:27:04.817",
            "project": "126917",
            "record_number": "WS-E-162581",
            "record_type": "WS - Existing Service",
            "relation": "demolition_prep_or_utility",
            "source": "Open Data KC City Issued Permits",
            "status": "Issued",
            "work_class": "Kill Water Service at Main"
          }
        ],
        "post_demo_last_checked": "2026-05-29T17:52:47Z",
        "post_demo_status": "utility_prep_only",
        "post_demo_summary": "Recent same-parcel public records show utility, excavation, hauling or other prep work, but no replacement or reuse permit was found.",
        "record_id": "case:30e229b0-023b-451d-bf9c-67ff84b325a6",
        "record_type": "Complete Building Demolition - Commercial",
        "replacement_use": "infrastructure_only",
        "status": "Issued",
        "timing_note": "CompassKC lists the permit issue date; an actual demolition date was not posted.",
        "year": "2026"
      },
      "type": "Feature"
    },
    {
      "geometry": {
        "coordinates": [
          [
            [
              -94.55865170280174,
              39.09234955502972
            ],
            [
              -94.55861064888299,
              39.092305850614004
            ],
            [
              -94.55859108588392,
              39.09226023685846
            ],
            [
              -94.55858794375399,
              39.09222417784729
            ],
            [
              -94.55859692713278,
              39.0920808484877
            ],
            [
              -94.55649622263907,
              39.09200830143052
            ],
            [
              -94.55646053824738,
              39.09258420246458
            ],
            [
              -94.55863652694468,
              39.09267341638786
            ],
            [
              -94.55865170280174,
              39.09234955502972
            ]
          ]
        ],
        "type": "Polygon"
      },
      "properties": {
        "activity_date": "2026-02-03",
        "activity_date_basis": "issue_date",
        "activity_date_label": "Permit issued",
        "activity_stage": "issued",
        "address": "1620 Brooklyn Ave Unit/Suite: BLD 29 Kansas City, MO 64127",
        "apply_date": "2026-02-02T18:46:18.567Z",
        "case_number": "CPDC-2026-00017",
        "category": "Complete Building Demolition - Commercial",
        "date": "2026-02-03",
        "detail_url": "https://compasskc.kcmo.org/EnerGov_Prod/SelfService#/permit/6032392a-15ba-4a00-acdd-f020405b53e0",
        "external_id": "6032392a-15ba-4a00-acdd-f020405b53e0",
        "geometry_source": "KCMO parcels",
        "has_parcel_polygon": true,
        "issue_date": "2026-02-03T16:45:05.867Z",
        "match_method": "parcel_id",
        "match_status": "matched",
        "parcel_address": "2020 E 17th St",
        "parcel_id": "12503",
        "post_demo_confidence": "unknown",
        "post_demo_evidence": [
          {
            "application_date": "2026-02-18T09:29:41.000",
            "issue_date": "2026-02-18T09:36:02.590",
            "project": "KILL89801",
            "record_number": "WS-E-162631",
            "record_type": "WS - Existing Service",
            "relation": "demolition_prep_or_utility",
            "source": "Open Data KC City Issued Permits",
            "status": "Issued",
            "work_class": "Kill Water Service at Main"
          },
          {
            "application_date": "2026-02-18T09:23:17.000",
            "issue_date": "",
            "project": "KILL89801",
            "record_number": "WS-PW-PR-2026-00295",
            "record_type": "WS-PW-PR New Connection - Kills - Repairs - Coord",
            "relation": "demolition_prep_or_utility",
            "source": "Open Data KC City Issued Permits",
            "status": "Ready For Issuance",
            "work_class": "Water Service Lines - Kills"
          },
          {
            "application_date": "2026-02-02T09:37:28.000",
            "issue_date": "2026-02-03T09:27:04.817",
            "project": "126917",
            "record_number": "WS-E-162581",
            "record_type": "WS - Existing Service",
            "relation": "demolition_prep_or_utility",
            "source": "Open Data KC City Issued Permits",
            "status": "Issued",
            "work_class": "Kill Water Service at Main"
          }
        ],
        "post_demo_last_checked": "2026-05-29T17:52:47Z",
        "post_demo_status": "utility_prep_only",
        "post_demo_summary": "Recent same-parcel public records show utility, excavation, hauling or other prep work, but no replacement or reuse permit was found.",
        "record_id": "case:6032392a-15ba-4a00-acdd-f020405b53e0",
        "record_type": "Complete Building Demolition - Commercial",
        "replacement_use": "infrastructure_only",
        "status": "Issued",
        "timing_note": "CompassKC lists the permit issue date; an actual demolition date was not posted.",
        "year": "2026"
      },
      "type": "Feature"
    },
    {
      "geometry": {
        "coordinates": [
          [
            [
              -94.55865170280174,
              39.09234955502972
            ],
            [
              -94.55861064888299,
              39.092305850614004
            ],
            [
              -94.55859108588392,
              39.09226023685846
            ],
            [
              -94.55858794375399,
              39.09222417784729
            ],
            [
              -94.55859692713278,
              39.0920808484877
            ],
            [
              -94.55649622263907,
              39.09200830143052
            ],
            [
              -94.55646053824738,
              39.09258420246458
            ],
            [
              -94.55863652694468,
              39.09267341638786
            ],
            [
              -94.55865170280174,
              39.09234955502972
            ]
          ]
        ],
        "type": "Polygon"
      },
      "properties": {
        "activity_date": "2026-02-03",
        "activity_date_basis": "issue_date",
        "activity_date_label": "Permit issued",
        "activity_stage": "issued",
        "address": "1600 Brooklyn Ave Unit/Suite: BLD 30 Kansas City, MO 64127",
        "apply_date": "2026-02-03T15:56:29.4Z",
        "case_number": "CPDC-2026-00018",
        "category": "Complete Building Demolition - Commercial",
        "date": "2026-02-03",
        "detail_url": "https://compasskc.kcmo.org/EnerGov_Prod/SelfService#/permit/36936725-b569-4f01-a6c6-55aff300831f",
        "external_id": "36936725-b569-4f01-a6c6-55aff300831f",
        "geometry_source": "KCMO parcels",
        "has_parcel_polygon": true,
        "issue_date": "2026-02-03T18:56:02.337Z",
        "match_method": "parcel_id",
        "match_status": "matched",
        "parcel_address": "2020 E 17th St",
        "parcel_id": "12503",
        "post_demo_confidence": "unknown",
        "post_demo_evidence": [
          {
            "application_date": "2026-02-18T09:29:41.000",
            "issue_date": "2026-02-18T09:36:02.590",
            "project": "KILL89801",
            "record_number": "WS-E-162631",
            "record_type": "WS - Existing Service",
            "relation": "demolition_prep_or_utility",
            "source": "Open Data KC City Issued Permits",
            "status": "Issued",
            "work_class": "Kill Water Service at Main"
          },
          {
            "application_date": "2026-02-18T09:23:17.000",
            "issue_date": "",
            "project": "KILL89801",
            "record_number": "WS-PW-PR-2026-00295",
            "record_type": "WS-PW-PR New Connection - Kills - Repairs - Coord",
            "relation": "demolition_prep_or_utility",
            "source": "Open Data KC City Issued Permits",
            "status": "Ready For Issuance",
            "work_class": "Water Service Lines - Kills"
          },
          {
            "application_date": "2026-02-02T09:37:28.000",
            "issue_date": "2026-02-03T09:27:04.817",
            "project": "126917",
            "record_number": "WS-E-162581",
            "record_type": "WS - Existing Service",
            "relation": "demolition_prep_or_utility",
            "source": "Open Data KC City Issued Permits",
            "status": "Issued",
            "work_class": "Kill Water Service at Main"
          }
        ],
        "post_demo_last_checked": "2026-05-29T17:52:47Z",
        "post_demo_status": "utility_prep_only",
        "post_demo_summary": "Recent same-parcel public records show utility, excavation, hauling or other prep work, but no replacement or reuse permit was found.",
        "record_id": "case:36936725-b569-4f01-a6c6-55aff300831f",
        "record_type": "Complete Building Demolition - Commercial",
        "replacement_use": "infrastructure_only",
        "status": "Issued",
        "timing_note": "CompassKC lists the permit issue date; an actual demolition date was not posted.",
        "year": "2026"
      },
      "type": "Feature"
    },
    {
      "geometry": {
        "coordinates": [
          [
            [
              -94.60470434970426,
              38.98462511844873
            ],
            [
              -94.60396490308801,
              38.98459218894075
            ],
            [
              -94.60395790879335,
              38.984740488411404
            ],
            [
              -94.60469691754165,
              38.98477414940743
            ],
            [
              -94.60470434970426,
              38.98462511844873
            ]
          ]
        ],
        "type": "Polygon"
      },
      "properties": {
        "activity_date": "2026-02-03",
        "activity_date_basis": "issue_date",
        "activity_date_label": "Permit issued",
        "activity_stage": "issued",
        "address": "7912 Ward Parkway Plz Kansas City, MO 64114",
        "apply_date": "2025-12-18T18:41:29.363Z",
        "case_number": "CPDR-2025-00270",
        "category": "Partial Building Demolition - Residential",
        "date": "2026-02-03",
        "detail_url": "https://compasskc.kcmo.org/EnerGov_Prod/SelfService#/permit/22893162-0440-48f7-9403-22f5e6c832c4",
        "external_id": "22893162-0440-48f7-9403-22f5e6c832c4",
        "geometry_source": "KCMO parcels",
        "has_parcel_polygon": true,
        "issue_date": "2026-02-03T20:29:03.047Z",
        "match_method": "parcel_id",
        "match_status": "matched",
        "parcel_address": "7912 Ward Parkway Plz",
        "parcel_id": "120555",
        "post_demo_confidence": "unknown",
        "post_demo_evidence": [
          {
            "application_date": "2025-06-25T10:38:41.047",
            "issue_date": "",
            "project": "",
            "record_number": "CPBR-2025-01450",
            "record_type": "CPPU - Building (Residential)",
            "relation": "prior_repair_or_remodel_history",
            "source": "Open Data KC City Issued Permits",
            "status": "Hold",
            "work_class": "Single Family - Addition"
          }
        ],
        "post_demo_last_checked": "2026-05-29T17:52:47Z",
        "post_demo_status": "prior_repair_or_remodel_history",
        "post_demo_summary": "A prior same-parcel repair or remodel permit exists, but public records do not show a replacement or reuse permit after this demolition filing.",
        "record_id": "case:22893162-0440-48f7-9403-22f5e6c832c4",
        "record_type": "Partial Building Demolition - Residential",
        "replacement_use": "unknown",
        "status": "Issued",
        "timing_note": "CompassKC lists the permit issue date; an actual demolition date was not posted.",
        "year": "2026"
      },
      "type": "Feature"
    },
    {
      "geometry": {
        "coordinates": [
          [
            [
              -94.55631118290351,
              39.036697548376
            ],
            [
              -94.55584254726752,
              39.03667772996372
            ],
            [
              -94.5558368541938,
              39.03678772137106
            ],
            [
              -94.55630540259392,
              39.036807607918576
            ],
            [
              -94.55631118290351,
              39.036697548376
            ]
          ]
        ],
        "type": "Polygon"
      },
      "properties": {
        "activity_date": "2026-02-03",
        "activity_date_basis": "issue_date",
        "activity_date_label": "Permit issued",
        "activity_stage": "issued",
        "address": "4918 Wabash Ave Kansas City, MO 64130",
        "apply_date": "2026-01-29T03:24:00.197Z",
        "case_number": "CPDR-2026-00011",
        "category": "Complete Building or Structure Demolition - Residential",
        "date": "2026-02-03",
        "detail_url": "https://compasskc.kcmo.org/EnerGov_Prod/SelfService#/permit/6eaa99d5-dd3f-4bf6-83e0-f6543d21b122",
        "external_id": "6eaa99d5-dd3f-4bf6-83e0-f6543d21b122",
        "final_date": "2026-02-10T06:00:00Z",
        "geometry_source": "KCMO parcels",
        "has_parcel_polygon": true,
        "issue_date": "2026-02-03T21:59:10.757Z",
        "match_method": "parcel_id",
        "match_status": "matched",
        "parcel_address": "4918 Wabash Ave",
        "parcel_id": "138980",
        "post_demo_confidence": "unknown",
        "post_demo_evidence": [
          {
            "application_date": "2026-01-07T10:11:19.000",
            "issue_date": "2026-01-10T01:40:10.100",
            "project": "63068",
            "record_number": "WS-E-162488",
            "record_type": "WS - Existing Service",
            "relation": "demolition_prep_or_utility",
            "source": "Open Data KC City Issued Permits",
            "status": "Issued",
            "work_class": "Disconnect Service Line at Curb"
          },
          {
            "application_date": "2026-01-07T10:09:22.000",
            "issue_date": "2026-01-10T01:40:14.000",
            "project": "63068",
            "record_number": "PW-EXC-2026-00061",
            "record_type": "PW - Excavation",
            "relation": "demolition_prep_or_utility",
            "source": "Open Data KC City Issued Permits",
            "status": "Closed",
            "work_class": "Water Main/Pipeline"
          },
          {
            "application_date": "2026-01-06T22:20:48.573",
            "issue_date": "2026-01-10T01:40:04.670",
            "project": "",
            "record_number": "PW-H-2026-00007",
            "record_type": "PW - Hauling",
            "relation": "demolition_prep_or_utility",
            "source": "Open Data KC City Issued Permits",
            "status": "Issued",
            "work_class": "Hauling"
          }
        ],
        "post_demo_last_checked": "2026-05-29T17:52:47Z",
        "post_demo_status": "utility_prep_only",
        "post_demo_summary": "Recent same-parcel public records show utility, excavation, hauling or other prep work, but no replacement or reuse permit was found.",
        "record_id": "case:6eaa99d5-dd3f-4bf6-83e0-f6543d21b122",
        "record_type": "Complete Building or Structure Demolition - Residential",
        "replacement_use": "infrastructure_only",
        "status": "Closed",
        "timing_note": "CompassKC lists the permit issue date; an actual demolition date was not posted.",
        "year": "2026"
      },
      "type": "Feature"
    },
    {
      "geometry": {
        "coordinates": [
          [
            [
              -94.54254040869353,
              39.10356964542027
            ],
            [
              -94.54206986759262,
              39.10355228898435
            ],
            [
              -94.54206255152754,
              39.103695136271895
            ],
            [
              -94.54253303546818,
              39.10371230914014
            ],
            [
              -94.54254040869353,
              39.10356964542027
            ]
          ]
        ],
        "type": "Polygon"
      },
      "properties": {
        "activity_date": "2026-02-03",
        "activity_date_basis": "final_date",
        "activity_date_label": "Permit finalized",
        "activity_stage": "complete",
        "address": "712 Indiana Ave Kansas City, MO 64124",
        "apply_date": "2026-01-29T21:09:48.92Z",
        "case_number": "CPDR-2026-00012",
        "category": "Complete Building or Structure Demolition - Residential",
        "date": "2026-02-03",
        "detail_url": "https://compasskc.kcmo.org/EnerGov_Prod/SelfService#/permit/c8edd40f-8f87-4c92-aa5d-56c2c668e619",
        "external_id": "c8edd40f-8f87-4c92-aa5d-56c2c668e619",
        "final_date": "2026-02-03T19:06:20Z",
        "geometry_source": "KCMO parcels",
        "has_parcel_polygon": true,
        "match_method": "address_geocode_point_in_polygon",
        "match_status": "matched",
        "parcel_address": "712 Indiana Ave",
        "parcel_id": "10319",
        "post_demo_confidence": "unknown",
        "post_demo_evidence": [
          {
            "application_date": "2026-02-18T13:01:30.000",
            "issue_date": "2026-02-18T21:24:02.160",
            "project": "17620",
            "record_number": "WS-E-162633",
            "record_type": "WS - Existing Service",
            "relation": "demolition_prep_or_utility",
            "source": "Open Data KC City Issued Permits",
            "status": "Issued",
            "work_class": "Kill Water Service at Main"
          },
          {
            "application_date": "2026-02-18T12:39:25.000",
            "issue_date": "2026-02-19T08:40:08.000",
            "project": "17620",
            "record_number": "PW-EXC-2026-00540",
            "record_type": "PW - Excavation",
            "relation": "demolition_prep_or_utility",
            "source": "Open Data KC City Issued Permits",
            "status": "Issued",
            "work_class": "Water Main/Pipeline"
          },
          {
            "application_date": "2026-02-10T21:25:46.700",
            "issue_date": "2026-02-12T19:56:19.600",
            "project": "",
            "record_number": "PW-H-2026-00020",
            "record_type": "PW - Hauling",
            "relation": "demolition_prep_or_utility",
            "source": "Open Data KC City Issued Permits",
            "status": "Issued",
            "work_class": "Hauling"
          }
        ],
        "post_demo_last_checked": "2026-05-29T17:52:47Z",
        "post_demo_status": "utility_prep_only",
        "post_demo_summary": "Recent same-parcel public records show utility, excavation, hauling or other prep work, but no replacement or reuse permit was found.",
        "record_id": "case:c8edd40f-8f87-4c92-aa5d-56c2c668e619",
        "record_type": "Complete Building or Structure Demolition - Residential",
        "replacement_use": "infrastructure_only",
        "status": "Voided-City",
        "story_angle_clues": [
          {
            "angle": "Dangerous building",
            "context": "emergency demo",
            "field": "project description",
            "matched_text": "emergency"
          }
        ],
        "story_angles": [
          "Dangerous building"
        ],
        "timing_note": "CompassKC lists a final/completion date; an actual demolition date was not posted.",
        "year": "2026"
      },
      "type": "Feature"
    },
    {
      "geometry": {
        "coordinates": [
          [
            [
              -94.55951881066773,
              39.06391881144596
            ],
            [
              -94.55999055892168,
              39.063934586319206
            ],
            [
              -94.55999403741977,
              39.063865919148526
            ],
            [
              -94.5595223336271,
              39.063850121385535
            ],
            [
              -94.55951881066773,
              39.06391881144596
            ]
          ]
        ],
        "type": "Polygon"
      },
      "properties": {
        "activity_date": "2026-02-03",
        "activity_date_basis": "issue_date",
        "activity_date_label": "Permit issued",
        "activity_stage": "issued",
        "address": "3421 Euclid Ave Kansas City, MO 64109",
        "apply_date": "2026-02-02T04:48:34.82Z",
        "case_number": "CPDR-2026-00013",
        "category": "Complete Building or Structure Demolition - Residential",
        "date": "2026-02-03",
        "detail_url": "https://compasskc.kcmo.org/EnerGov_Prod/SelfService#/permit/c4d32492-364e-4af9-b6d6-afd909af7ea8",
        "external_id": "c4d32492-364e-4af9-b6d6-afd909af7ea8",
        "final_date": "2026-02-13T06:00:00Z",
        "geometry_source": "KCMO parcels",
        "has_parcel_polygon": true,
        "issue_date": "2026-02-03T21:59:08.947Z",
        "match_method": "parcel_id",
        "match_status": "matched",
        "parcel_address": "3421 Euclid Ave",
        "parcel_id": "126412",
        "post_demo_confidence": "unknown",
        "post_demo_evidence": [
          {
            "application_date": "2026-01-28T21:21:43.717",
            "issue_date": "2026-02-01T15:28:02.283",
            "project": "",
            "record_number": "PW-H-2026-00014",
            "record_type": "PW - Hauling",
            "relation": "demolition_prep_or_utility",
            "source": "Open Data KC City Issued Permits",
            "status": "Issued",
            "work_class": "Hauling"
          },
          {
            "application_date": "2025-12-11T14:16:48.000",
            "issue_date": "2025-12-11T22:27:05.923",
            "project": "26964",
            "record_number": "WS-E-162440",
            "record_type": "WS - Existing Service",
            "relation": "demolition_prep_or_utility",
            "source": "Open Data KC City Issued Permits",
            "status": "Issued",
            "work_class": "Kill Water Service at Main"
          },
          {
            "application_date": "2025-12-11T14:16:09.000",
            "issue_date": "2025-12-12T09:15:22.000",
            "project": "26964",
            "record_number": "PW-EXC-2025-05894",
            "record_type": "PW - Excavation",
            "relation": "demolition_prep_or_utility",
            "source": "Open Data KC City Issued Permits",
            "status": "Closed",
            "work_class": "Water Main/Pipeline"
          }
        ],
        "post_demo_last_checked": "2026-05-29T17:52:47Z",
        "post_demo_status": "utility_prep_only",
        "post_demo_summary": "Recent same-parcel public records show utility, excavation, hauling or other prep work, but no replacement or reuse permit was found.",
        "record_id": "case:c4d32492-364e-4af9-b6d6-afd909af7ea8",
        "record_type": "Complete Building or Structure Demolition - Residential",
        "replacement_use": "infrastructure_only",
        "status": "Closed",
        "timing_note": "CompassKC lists the permit issue date; an actual demolition date was not posted.",
        "year": "2026"
      },
      "type": "Feature"
    },
    {
      "geometry": {
        "coordinates": [
          [
            [
              -94.59351454201514,
              38.997893358681765
            ],
            [
              -94.59325080300425,
              38.99788199135841
            ],
            [
              -94.592868988404,
              38.99782893832537
            ],
            [
              -94.59283794514991,
              38.99839735157901
            ],
            [
              -94.59347815380139,
              38.99842873666311
            ],
            [
              -94.59351454201514,
              38.997893358681765
            ]
          ]
        ],
        "type": "Polygon"
      },
      "properties": {
        "activity_date": "2026-02-09",
        "activity_date_basis": "issue_date",
        "activity_date_label": "Permit issued",
        "activity_stage": "issued",
        "address": "344 W 72nd St Kansas City, MO 64114",
        "apply_date": "2026-02-04T20:00:48.447Z",
        "case_number": "CPDC-2026-00020",
        "category": "Pre-Demolition Inspection - Commercial",
        "date": "2026-02-09",
        "detail_url": "https://compasskc.kcmo.org/EnerGov_Prod/SelfService#/permit/e9c86994-5eb1-4b11-8ed8-4950b410b9b8",
        "external_id": "e9c86994-5eb1-4b11-8ed8-4950b410b9b8",
        "final_date": "2026-03-16T12:28:43Z",
        "geometry_source": "KCMO parcels",
        "has_parcel_polygon": true,
        "issue_date": "2026-02-09T17:59:02.647Z",
        "match_method": "parcel_id",
        "match_status": "matched",
        "parcel_address": "344 W 72nd St",
        "parcel_id": "112592",
        "post_demo_confidence": "likely",
        "post_demo_evidence": [
          {
            "application_date": "2026-05-15T11:46:12.730",
            "issue_date": "2026-05-15T12:34:31.000",
            "project": "Quik Trip Store No. 0190R",
            "record_number": "CITO-2026-00207",
            "record_type": "CPPU - Temporary Certificate of Occupancy",
            "relation": "likely_redevelopment",
            "source": "Open Data KC City Issued Permits",
            "status": "Issued",
            "work_class": "Temporary Certificate of Occupancy (Commercial)"
          },
          {
            "application_date": "2026-05-15T11:43:47.923",
            "issue_date": "2026-05-15T14:21:02.000",
            "project": "Quik Trip Store No. 0190R",
            "record_number": "CITO-2026-00206",
            "record_type": "CPPU - Temporary Certificate of Occupancy",
            "relation": "likely_redevelopment",
            "source": "Open Data KC City Issued Permits",
            "status": "Issued",
            "work_class": "Temporary Certificate of Occupancy (Commercial)"
          }
        ],
        "post_demo_last_checked": "2026-05-29T17:52:47Z",
        "post_demo_status": "likely_redevelopment",
        "post_demo_summary": "A same-parcel public permit filed near or after this demolition record shows site or redevelopment activity.",
        "record_id": "case:e9c86994-5eb1-4b11-8ed8-4950b410b9b8",
        "record_type": "Pre-Demolition Inspection - Commercial",
        "replacement_use": "commercial_or_mixed",
        "status": "Closed",
        "timing_note": "CompassKC lists the permit issue date; an actual demolition date was not posted.",
        "year": "2026"
      },
      "type": "Feature"
    },
    {
      "geometry": {
        "coordinates": [
          [
            [
              -94.55865170280174,
              39.09234955502972
            ],
            [
              -94.55861064888299,
              39.092305850614004
            ],
            [
              -94.55859108588392,
              39.09226023685846
            ],
            [
              -94.55858794375399,
              39.09222417784729
            ],
            [
              -94.55859692713278,
              39.0920808484877
            ],
            [
              -94.55649622263907,
              39.09200830143052
            ],
            [
              -94.55646053824738,
              39.09258420246458
            ],
            [
              -94.55863652694468,
              39.09267341638786
            ],
            [
              -94.55865170280174,
              39.09234955502972
            ]
          ]
        ],
        "type": "Polygon"
      },
      "properties": {
        "activity_date": "2026-02-09",
        "activity_date_basis": "issue_date",
        "activity_date_label": "Permit issued",
        "activity_stage": "issued",
        "address": "2000 E 17th St Unit/Suite: BLD 26 Kansas City, MO 64127",
        "apply_date": "2026-02-06T21:02:04.327Z",
        "case_number": "CPDC-2026-00023",
        "category": "Complete Building Demolition - Commercial",
        "date": "2026-02-09",
        "detail_url": "https://compasskc.kcmo.org/EnerGov_Prod/SelfService#/permit/25315823-89c9-492b-b7a5-510d0ccd888b",
        "external_id": "25315823-89c9-492b-b7a5-510d0ccd888b",
        "geometry_source": "KCMO parcels",
        "has_parcel_polygon": true,
        "issue_date": "2026-02-09T13:31:02.247Z",
        "match_method": "parcel_id",
        "match_status": "matched",
        "parcel_address": "2020 E 17th St",
        "parcel_id": "12503",
        "post_demo_confidence": "unknown",
        "post_demo_evidence": [
          {
            "application_date": "2026-02-18T09:29:41.000",
            "issue_date": "2026-02-18T09:36:02.590",
            "project": "KILL89801",
            "record_number": "WS-E-162631",
            "record_type": "WS - Existing Service",
            "relation": "demolition_prep_or_utility",
            "source": "Open Data KC City Issued Permits",
            "status": "Issued",
            "work_class": "Kill Water Service at Main"
          },
          {
            "application_date": "2026-02-18T09:23:17.000",
            "issue_date": "",
            "project": "KILL89801",
            "record_number": "WS-PW-PR-2026-00295",
            "record_type": "WS-PW-PR New Connection - Kills - Repairs - Coord",
            "relation": "demolition_prep_or_utility",
            "source": "Open Data KC City Issued Permits",
            "status": "Ready For Issuance",
            "work_class": "Water Service Lines - Kills"
          },
          {
            "application_date": "2026-02-02T09:37:28.000",
            "issue_date": "2026-02-03T09:27:04.817",
            "project": "126917",
            "record_number": "WS-E-162581",
            "record_type": "WS - Existing Service",
            "relation": "demolition_prep_or_utility",
            "source": "Open Data KC City Issued Permits",
            "status": "Issued",
            "work_class": "Kill Water Service at Main"
          }
        ],
        "post_demo_last_checked": "2026-05-29T17:52:47Z",
        "post_demo_status": "utility_prep_only",
        "post_demo_summary": "Recent same-parcel public records show utility, excavation, hauling or other prep work, but no replacement or reuse permit was found.",
        "record_id": "case:25315823-89c9-492b-b7a5-510d0ccd888b",
        "record_type": "Complete Building Demolition - Commercial",
        "replacement_use": "infrastructure_only",
        "status": "Issued",
        "timing_note": "CompassKC lists the permit issue date; an actual demolition date was not posted.",
        "year": "2026"
      },
      "type": "Feature"
    },
    {
      "geometry": {
        "coordinates": [
          [
            [
              -94.55878226243597,
              39.09223217982189
            ],
            [
              -94.55878967751497,
              39.09225061794544
            ],
            [
              -94.5588131157449,
              39.09226106261551
            ],
            [
              -94.55970837120769,
              39.09229623289532
            ],
            [
              -94.55973596238523,
              39.09228624219647
            ],
            [
              -94.55974387674208,
              39.09227061118054
            ],
            [
              -94.55980762229972,
              39.09119561863514
            ],
            [
              -94.55887380334603,
              39.09116287220511
            ],
            [
              -94.55880897934236,
              39.09208767401593
            ],
            [
              -94.55879127388336,
              39.09208688211929
            ],
            [
              -94.55878226243597,
              39.09223217982189
            ]
          ]
        ],
        "type": "Polygon"
      },
      "properties": {
        "activity_date": "2026-02-09",
        "activity_date_basis": "issue_date",
        "activity_date_label": "Permit issued",
        "activity_stage": "issued",
        "address": "1726 Euclid Ave Unit/Suite: BLD 33 Kansas City, MO 64127",
        "apply_date": "2026-02-06T21:13:15.43Z",
        "case_number": "CPDC-2026-00024",
        "category": "Complete Building Demolition - Commercial",
        "date": "2026-02-09",
        "detail_url": "https://compasskc.kcmo.org/EnerGov_Prod/SelfService#/permit/8b071a5d-1635-40cd-847a-5946c2cc0cb6",
        "external_id": "8b071a5d-1635-40cd-847a-5946c2cc0cb6",
        "geometry_source": "KCMO parcels",
        "has_parcel_polygon": true,
        "issue_date": "2026-02-09T13:35:02.923Z",
        "match_method": "parcel_id",
        "match_status": "matched",
        "parcel_address": "1727 Michigan Ave",
        "parcel_id": "12501",
        "post_demo_confidence": "likely",
        "post_demo_evidence": [
          {
            "application_date": "2026-05-07T08:30:20.000",
            "issue_date": "2026-05-07T00:00:00.000",
            "project": "Parade Park Phase Site Improvements Michigan Ave",
            "record_number": "CISI-2026-00261",
            "record_type": "CPPU - Special Inspections",
            "relation": "likely_redevelopment",
            "source": "Open Data KC City Issued Permits",
            "status": "Issued",
            "work_class": "City Special Inspections"
          }
        ],
        "post_demo_last_checked": "2026-05-29T17:52:47Z",
        "post_demo_status": "likely_redevelopment",
        "post_demo_summary": "A same-parcel public permit filed near or after this demolition record shows site or redevelopment activity.",
        "record_id": "case:8b071a5d-1635-40cd-847a-5946c2cc0cb6",
        "record_type": "Complete Building Demolition - Commercial",
        "replacement_use": "unknown",
        "status": "Issued",
        "timing_note": "CompassKC lists the permit issue date; an actual demolition date was not posted.",
        "year": "2026"
      },
      "type": "Feature"
    },
    {
      "geometry": {
        "coordinates": [
          [
            [
              -94.55878226243597,
              39.09223217982189
            ],
            [
              -94.55878967751497,
              39.09225061794544
            ],
            [
              -94.5588131157449,
              39.09226106261551
            ],
            [
              -94.55970837120769,
              39.09229623289532
            ],
            [
              -94.55973596238523,
              39.09228624219647
            ],
            [
              -94.55974387674208,
              39.09227061118054
            ],
            [
              -94.55980762229972,
              39.09119561863514
            ],
            [
              -94.55887380334603,
              39.09116287220511
            ],
            [
              -94.55880897934236,
              39.09208767401593
            ],
            [
              -94.55879127388336,
              39.09208688211929
            ],
            [
              -94.55878226243597,
              39.09223217982189
            ]
          ]
        ],
        "type": "Polygon"
      },
      "properties": {
        "activity_date": "2026-02-09",
        "activity_date_basis": "issue_date",
        "activity_date_label": "Permit issued",
        "activity_stage": "issued",
        "address": "1900 E 18th St Unit/Suite: BLD 34 Kansas City, MO 64127",
        "apply_date": "2026-02-09T13:43:40.697Z",
        "case_number": "CPDC-2026-00025",
        "category": "Complete Building Demolition - Commercial",
        "date": "2026-02-09",
        "detail_url": "https://compasskc.kcmo.org/EnerGov_Prod/SelfService#/permit/fe9bd72d-7087-49d9-899d-a106cb446999",
        "external_id": "fe9bd72d-7087-49d9-899d-a106cb446999",
        "geometry_source": "KCMO parcels",
        "has_parcel_polygon": true,
        "issue_date": "2026-02-09T18:57:03.483Z",
        "match_method": "parcel_id",
        "match_status": "matched",
        "parcel_address": "1727 Michigan Ave",
        "parcel_id": "12501",
        "post_demo_confidence": "likely",
        "post_demo_evidence": [
          {
            "application_date": "2026-05-07T08:30:20.000",
            "issue_date": "2026-05-07T00:00:00.000",
            "project": "Parade Park Phase Site Improvements Michigan Ave",
            "record_number": "CISI-2026-00261",
            "record_type": "CPPU - Special Inspections",
            "relation": "likely_redevelopment",
            "source": "Open Data KC City Issued Permits",
            "status": "Issued",
            "work_class": "City Special Inspections"
          }
        ],
        "post_demo_last_checked": "2026-05-29T17:52:47Z",
        "post_demo_status": "likely_redevelopment",
        "post_demo_summary": "A same-parcel public permit filed near or after this demolition record shows site or redevelopment activity.",
        "record_id": "case:fe9bd72d-7087-49d9-899d-a106cb446999",
        "record_type": "Complete Building Demolition - Commercial",
        "replacement_use": "unknown",
        "status": "Issued",
        "timing_note": "CompassKC lists the permit issue date; an actual demolition date was not posted.",
        "year": "2026"
      },
      "type": "Feature"
    },
    {
      "geometry": {
        "coordinates": [
          [
            [
              -94.55865170280174,
              39.09234955502972
            ],
            [
              -94.55861064888299,
              39.092305850614004
            ],
            [
              -94.55859108588392,
              39.09226023685846
            ],
            [
              -94.55858794375399,
              39.09222417784729
            ],
            [
              -94.55859692713278,
              39.0920808484877
            ],
            [
              -94.55649622263907,
              39.09200830143052
            ],
            [
              -94.55646053824738,
              39.09258420246458
            ],
            [
              -94.55863652694468,
              39.09267341638786
            ],
            [
              -94.55865170280174,
              39.09234955502972
            ]
          ]
        ],
        "type": "Polygon"
      },
      "properties": {
        "activity_date": "2026-02-09T13:25:02.91Z",
        "activity_date_basis": "issue_date",
        "activity_date_label": "Permit issued",
        "activity_stage": "issued",
        "address": "2020 E 17th St Unit/Suite: BLD 27 Kansas City, MO 64127",
        "apply_date": "2026-02-06T20:52:28.433Z",
        "case_number": "CPDC-2026-00022",
        "category": "Complete Building Demolition - Commercial",
        "date": "2026-02-09T13:25:02.91Z",
        "detail_url": "https://compasskc.kcmo.org/EnerGov_Prod/SelfService#/permit/d8debb2e-f8bc-43c6-bb35-6cfd0ba1b5e7",
        "external_id": "d8debb2e-f8bc-43c6-bb35-6cfd0ba1b5e7",
        "geometry_source": "KCMO parcels",
        "has_parcel_polygon": true,
        "issue_date": "2026-02-09T13:25:02.91Z",
        "match_method": "parcel_id",
        "match_status": "matched",
        "parcel_address": "2020 E 17th St",
        "parcel_id": "12503",
        "post_demo_confidence": "unknown",
        "post_demo_evidence": [
          {
            "application_date": "2026-02-18T09:29:41.000",
            "issue_date": "2026-02-18T09:36:02.590",
            "project": "KILL89801",
            "record_number": "WS-E-162631",
            "record_type": "WS - Existing Service",
            "relation": "demolition_prep_or_utility",
            "source": "Open Data KC City Issued Permits",
            "status": "Issued",
            "work_class": "Kill Water Service at Main"
          },
          {
            "application_date": "2026-02-18T09:23:17.000",
            "issue_date": "",
            "project": "KILL89801",
            "record_number": "WS-PW-PR-2026-00295",
            "record_type": "WS-PW-PR New Connection - Kills - Repairs - Coord",
            "relation": "demolition_prep_or_utility",
            "source": "Open Data KC City Issued Permits",
            "status": "Ready For Issuance",
            "work_class": "Water Service Lines - Kills"
          },
          {
            "application_date": "2026-02-02T09:37:28.000",
            "issue_date": "2026-02-03T09:27:04.817",
            "project": "126917",
            "record_number": "WS-E-162581",
            "record_type": "WS - Existing Service",
            "relation": "demolition_prep_or_utility",
            "source": "Open Data KC City Issued Permits",
            "status": "Issued",
            "work_class": "Kill Water Service at Main"
          }
        ],
        "post_demo_last_checked": "2026-05-29T17:52:47Z",
        "post_demo_status": "utility_prep_only",
        "post_demo_summary": "Recent same-parcel public records show utility, excavation, hauling or other prep work, but no replacement or reuse permit was found.",
        "record_id": "case:d8debb2e-f8bc-43c6-bb35-6cfd0ba1b5e7",
        "record_type": "Complete Building Demolition - Commercial",
        "replacement_use": "infrastructure_only",
        "status": "Issued",
        "timing_note": "CompassKC lists the permit issue date; an actual demolition date was not posted.",
        "year": "2026"
      },
      "type": "Feature"
    },
    {
      "geometry": {
        "coordinates": [
          [
            [
              -94.55863652694468,
              39.09267341638786
            ],
            [
              -94.56029958753143,
              39.0927415535666
            ],
            [
              -94.56033895670912,
              39.09190926983216
            ],
            [
              -94.56037950024945,
              39.0912157112007
            ],
            [
              -94.5599794756034,
              39.091201663539145
            ],
            [
              -94.55994714966593,
              39.09189482826535
            ],
            [
              -94.55992293165384,
              39.09228141109399
            ],
            [
              -94.55990618046994,
              39.0923336558172
            ],
            [
              -94.55986863621297,
              39.0923788422168
            ],
            [
              -94.55983403932306,
              39.09240263247307
            ],
            [
              -94.55979356398272,
              39.092419997395034
            ],
            [
              -94.5597492375966,
              39.092430064182224
            ],
            [
              -94.55970185106085,
              39.09243235364628
            ],
            [
              -94.55878272237321,
              39.09239628012672
            ],
            [
              -94.55870845452482,
              39.09238052984662
            ],
            [
              -94.55865170280174,
              39.09234955502972
            ],
            [
              -94.55863652694468,
              39.09267341638786
            ]
          ]
        ],
        "type": "Polygon"
      },
      "properties": {
        "activity_date": "2026-02-10",
        "activity_date_basis": "issue_date",
        "activity_date_label": "Permit issued",
        "activity_stage": "issued",
        "address": "1700 Michigan Ave Unit/Suite: BLD 24 Kansas City, MO 64127",
        "apply_date": "2026-02-09T14:13:44.073Z",
        "case_number": "CPDC-2026-00027",
        "category": "Complete Building Demolition - Commercial",
        "date": "2026-02-10",
        "detail_url": "https://compasskc.kcmo.org/EnerGov_Prod/SelfService#/permit/8249ee77-af49-4521-b66c-34481a9a4b26",
        "external_id": "8249ee77-af49-4521-b66c-34481a9a4b26",
        "geometry_source": "KCMO parcels",
        "has_parcel_polygon": true,
        "issue_date": "2026-02-10T14:10:05.293Z",
        "match_method": "parcel_id",
        "match_status": "matched",
        "parcel_address": "1756 Michigan Ave",
        "parcel_id": "12500",
        "post_demo_confidence": "unknown",
        "post_demo_evidence": [
          {
            "application_date": "2026-02-02T09:27:44.000",
            "issue_date": "2026-02-03T09:27:10.920",
            "project": "137245",
            "record_number": "WS-E-162576",
            "record_type": "WS - Existing Service",
            "relation": "demolition_prep_or_utility",
            "source": "Open Data KC City Issued Permits",
            "status": "Issued",
            "work_class": "Kill Water Service at Main"
          },
          {
            "application_date": "2026-02-02T09:26:17.000",
            "issue_date": "2026-02-03T09:27:37.383",
            "project": "137578",
            "record_number": "WS-E-162575",
            "record_type": "WS - Existing Service",
            "relation": "demolition_prep_or_utility",
            "source": "Open Data KC City Issued Permits",
            "status": "Issued",
            "work_class": "Kill Water Service at Main"
          },
          {
            "application_date": "2026-02-02T09:25:11.000",
            "issue_date": "2026-02-03T09:27:35.097",
            "project": "137393",
            "record_number": "WS-E-162574",
            "record_type": "WS - Existing Service",
            "relation": "demolition_prep_or_utility",
            "source": "Open Data KC City Issued Permits",
            "status": "Issued",
            "work_class": "Kill Water Service at Main"
          }
        ],
        "post_demo_last_checked": "2026-05-29T17:52:47Z",
        "post_demo_status": "utility_prep_only",
        "post_demo_summary": "Recent same-parcel public records show utility, excavation, hauling or other prep work, but no replacement or reuse permit was found.",
        "record_id": "case:8249ee77-af49-4521-b66c-34481a9a4b26",
        "record_type": "Complete Building Demolition - Commercial",
        "replacement_use": "infrastructure_only",
        "status": "Issued",
        "timing_note": "CompassKC lists the permit issue date; an actual demolition date was not posted.",
        "year": "2026"
      },
      "type": "Feature"
    },
    {
      "geometry": {
        "coordinates": [
          [
            [
              -94.56033895670912,
              39.09190926983216
            ],
            [
              -94.56029958753143,
              39.0927415535666
            ],
            [
              -94.56086549026647,
              39.092764712274146
            ],
            [
              -94.56090514442779,
              39.09193011667984
            ],
            [
              -94.56095190683779,
              39.091235594758345
            ],
            [
              -94.56037950024945,
              39.0912157112007
            ],
            [
              -94.56033895670912,
              39.09190926983216
            ]
          ]
        ],
        "type": "Polygon"
      },
      "properties": {
        "activity_date": "2026-02-10",
        "activity_date_basis": "issue_date",
        "activity_date_label": "Permit issued",
        "activity_stage": "issued",
        "address": "1733 Woodland Ave Unit/Suite: BLD 21 Kansas City, MO 64127",
        "apply_date": "2026-02-09T14:58:53.483Z",
        "case_number": "CPDC-2026-00029",
        "category": "Complete Building Demolition - Commercial",
        "date": "2026-02-10",
        "detail_url": "https://compasskc.kcmo.org/EnerGov_Prod/SelfService#/permit/81215e6e-88fc-4792-af98-88a4ebf71a09",
        "external_id": "81215e6e-88fc-4792-af98-88a4ebf71a09",
        "geometry_source": "KCMO parcels",
        "has_parcel_polygon": true,
        "issue_date": "2026-02-10T14:09:08.883Z",
        "match_method": "parcel_id",
        "match_status": "matched",
        "parcel_address": "1701 Woodland Ave",
        "parcel_id": "12502",
        "post_demo_confidence": "likely",
        "post_demo_evidence": [
          {
            "application_date": "2026-05-12T16:33:39.653",
            "issue_date": "2026-05-27T08:54:54.000",
            "project": "Parade Park - Phase I",
            "record_number": "CLDPMT-2026-00127",
            "record_type": "CPLD - Infrastructure",
            "relation": "likely_redevelopment",
            "source": "Open Data KC City Issued Permits",
            "status": "Issued",
            "work_class": "Not Development Related"
          },
          {
            "application_date": "2026-04-21T10:08:56.000",
            "issue_date": "2026-04-23T11:07:51.000",
            "project": "Parade Park - Phase I",
            "record_number": "CLDPMT-2026-00102",
            "record_type": "CPLD - Infrastructure",
            "relation": "likely_redevelopment",
            "source": "Open Data KC City Issued Permits",
            "status": "Issued",
            "work_class": "Not Development Related"
          }
        ],
        "post_demo_last_checked": "2026-05-29T17:52:47Z",
        "post_demo_status": "likely_redevelopment",
        "post_demo_summary": "A same-parcel public permit filed near or after this demolition record shows site or redevelopment activity.",
        "record_id": "case:81215e6e-88fc-4792-af98-88a4ebf71a09",
        "record_type": "Complete Building Demolition - Commercial",
        "replacement_use": "unknown",
        "status": "Issued",
        "timing_note": "CompassKC lists the permit issue date; an actual demolition date was not posted.",
        "year": "2026"
      },
      "type": "Feature"
    },
    {
      "geometry": {
        "coordinates": [
          [
            [
              -94.56033895670912,
              39.09190926983216
            ],
            [
              -94.56029958753143,
              39.0927415535666
            ],
            [
              -94.56086549026647,
              39.092764712274146
            ],
            [
              -94.56090514442779,
              39.09193011667984
            ],
            [
              -94.56095190683779,
              39.091235594758345
            ],
            [
              -94.56037950024945,
              39.0912157112007
            ],
            [
              -94.56033895670912,
              39.09190926983216
            ]
          ]
        ],
        "type": "Polygon"
      },
      "properties": {
        "activity_date": "2026-02-10",
        "activity_date_basis": "issue_date",
        "activity_date_label": "Permit issued",
        "activity_stage": "issued",
        "address": "1601 Woodland Ave Unit/Suite: BLD 18 Kansas City, MO 64127",
        "apply_date": "2026-02-09T15:22:26.62Z",
        "case_number": "CPDC-2026-00032",
        "category": "Complete Building Demolition - Commercial",
        "date": "2026-02-10",
        "detail_url": "https://compasskc.kcmo.org/EnerGov_Prod/SelfService#/permit/16f72695-8e06-4ef8-b5ad-3c5461820691",
        "external_id": "16f72695-8e06-4ef8-b5ad-3c5461820691",
        "geometry_source": "KCMO parcels",
        "has_parcel_polygon": true,
        "issue_date": "2026-02-10T14:09:46.687Z",
        "match_method": "parcel_id",
        "match_status": "matched",
        "parcel_address": "1701 Woodland Ave",
        "parcel_id": "12502",
        "post_demo_confidence": "likely",
        "post_demo_evidence": [
          {
            "application_date": "2026-05-12T16:33:39.653",
            "issue_date": "2026-05-27T08:54:54.000",
            "project": "Parade Park - Phase I",
            "record_number": "CLDPMT-2026-00127",
            "record_type": "CPLD - Infrastructure",
            "relation": "likely_redevelopment",
            "source": "Open Data KC City Issued Permits",
            "status": "Issued",
            "work_class": "Not Development Related"
          },
          {
            "application_date": "2026-04-21T10:08:56.000",
            "issue_date": "2026-04-23T11:07:51.000",
            "project": "Parade Park - Phase I",
            "record_number": "CLDPMT-2026-00102",
            "record_type": "CPLD - Infrastructure",
            "relation": "likely_redevelopment",
            "source": "Open Data KC City Issued Permits",
            "status": "Issued",
            "work_class": "Not Development Related"
          }
        ],
        "post_demo_last_checked": "2026-05-29T17:52:47Z",
        "post_demo_status": "likely_redevelopment",
        "post_demo_summary": "A same-parcel public permit filed near or after this demolition record shows site or redevelopment activity.",
        "record_id": "case:16f72695-8e06-4ef8-b5ad-3c5461820691",
        "record_type": "Complete Building Demolition - Commercial",
        "replacement_use": "unknown",
        "status": "Issued",
        "timing_note": "CompassKC lists the permit issue date; an actual demolition date was not posted.",
        "year": "2026"
      },
      "type": "Feature"
    },
    {
      "geometry": {
        "coordinates": [
          [
            [
              -94.56033895670912,
              39.09190926983216
            ],
            [
              -94.56029958753143,
              39.0927415535666
            ],
            [
              -94.56086549026647,
              39.092764712274146
            ],
            [
              -94.56090514442779,
              39.09193011667984
            ],
            [
              -94.56095190683779,
              39.091235594758345
            ],
            [
              -94.56037950024945,
              39.0912157112007
            ],
            [
              -94.56033895670912,
              39.09190926983216
            ]
          ]
        ],
        "type": "Polygon"
      },
      "properties": {
        "activity_date": "2026-02-10T14:09:04.74Z",
        "activity_date_basis": "issue_date",
        "activity_date_label": "Permit issued",
        "activity_stage": "issued",
        "address": "1749 Woodland Ave Unit/Suite: BLD 22 Kansas City, MO 64127",
        "apply_date": "2026-02-09T14:26:28.23Z",
        "case_number": "CPDC-2026-00028",
        "category": "Complete Building Demolition - Commercial",
        "date": "2026-02-10T14:09:04.74Z",
        "detail_url": "https://compasskc.kcmo.org/EnerGov_Prod/SelfService#/permit/cfaaa25b-21b5-40f4-8a58-bb9d563ad157",
        "external_id": "cfaaa25b-21b5-40f4-8a58-bb9d563ad157",
        "geometry_source": "KCMO parcels",
        "has_parcel_polygon": true,
        "issue_date": "2026-02-10T14:09:04.74Z",
        "match_method": "parcel_id",
        "match_status": "matched",
        "parcel_address": "1701 Woodland Ave",
        "parcel_id": "12502",
        "post_demo_confidence": "likely",
        "post_demo_evidence": [
          {
            "application_date": "2026-05-12T16:33:39.653",
            "issue_date": "2026-05-27T08:54:54.000",
            "project": "Parade Park - Phase I",
            "record_number": "CLDPMT-2026-00127",
            "record_type": "CPLD - Infrastructure",
            "relation": "likely_redevelopment",
            "source": "Open Data KC City Issued Permits",
            "status": "Issued",
            "work_class": "Not Development Related"
          },
          {
            "application_date": "2026-04-21T10:08:56.000",
            "issue_date": "2026-04-23T11:07:51.000",
            "project": "Parade Park - Phase I",
            "record_number": "CLDPMT-2026-00102",
            "record_type": "CPLD - Infrastructure",
            "relation": "likely_redevelopment",
            "source": "Open Data KC City Issued Permits",
            "status": "Issued",
            "work_class": "Not Development Related"
          }
        ],
        "post_demo_last_checked": "2026-05-29T17:52:47Z",
        "post_demo_status": "likely_redevelopment",
        "post_demo_summary": "A same-parcel public permit filed near or after this demolition record shows site or redevelopment activity.",
        "record_id": "case:cfaaa25b-21b5-40f4-8a58-bb9d563ad157",
        "record_type": "Complete Building Demolition - Commercial",
        "replacement_use": "unknown",
        "status": "Issued",
        "timing_note": "CompassKC lists the permit issue date; an actual demolition date was not posted.",
        "year": "2026"
      },
      "type": "Feature"
    },
    {
      "geometry": {
        "coordinates": [
          [
            [
              -94.56033895670912,
              39.09190926983216
            ],
            [
              -94.56029958753143,
              39.0927415535666
            ],
            [
              -94.56086549026647,
              39.092764712274146
            ],
            [
              -94.56090514442779,
              39.09193011667984
            ],
            [
              -94.56095190683779,
              39.091235594758345
            ],
            [
              -94.56037950024945,
              39.0912157112007
            ],
            [
              -94.56033895670912,
              39.09190926983216
            ]
          ]
        ],
        "type": "Polygon"
      },
      "properties": {
        "activity_date": "2026-02-10T14:09:13.88Z",
        "activity_date_basis": "issue_date",
        "activity_date_label": "Permit issued",
        "activity_stage": "issued",
        "address": "1717 Woodland Ave Unit/Suite: BLD 20 Kansas City, MO 64127",
        "apply_date": "2026-02-09T15:07:06.897Z",
        "case_number": "CPDC-2026-00030",
        "category": "Complete Building Demolition - Commercial",
        "date": "2026-02-10T14:09:13.88Z",
        "detail_url": "https://compasskc.kcmo.org/EnerGov_Prod/SelfService#/permit/a2c82932-4322-4964-9560-2d86626198fc",
        "external_id": "a2c82932-4322-4964-9560-2d86626198fc",
        "geometry_source": "KCMO parcels",
        "has_parcel_polygon": true,
        "issue_date": "2026-02-10T14:09:13.88Z",
        "match_method": "parcel_id",
        "match_status": "matched",
        "parcel_address": "1701 Woodland Ave",
        "parcel_id": "12502",
        "post_demo_confidence": "likely",
        "post_demo_evidence": [
          {
            "application_date": "2026-05-12T16:33:39.653",
            "issue_date": "2026-05-27T08:54:54.000",
            "project": "Parade Park - Phase I",
            "record_number": "CLDPMT-2026-00127",
            "record_type": "CPLD - Infrastructure",
            "relation": "likely_redevelopment",
            "source": "Open Data KC City Issued Permits",
            "status": "Issued",
            "work_class": "Not Development Related"
          },
          {
            "application_date": "2026-04-21T10:08:56.000",
            "issue_date": "2026-04-23T11:07:51.000",
            "project": "Parade Park - Phase I",
            "record_number": "CLDPMT-2026-00102",
            "record_type": "CPLD - Infrastructure",
            "relation": "likely_redevelopment",
            "source": "Open Data KC City Issued Permits",
            "status": "Issued",
            "work_class": "Not Development Related"
          }
        ],
        "post_demo_last_checked": "2026-05-29T17:52:47Z",
        "post_demo_status": "likely_redevelopment",
        "post_demo_summary": "A same-parcel public permit filed near or after this demolition record shows site or redevelopment activity.",
        "record_id": "case:a2c82932-4322-4964-9560-2d86626198fc",
        "record_type": "Complete Building Demolition - Commercial",
        "replacement_use": "unknown",
        "status": "Issued",
        "timing_note": "CompassKC lists the permit issue date; an actual demolition date was not posted.",
        "year": "2026"
      },
      "type": "Feature"
    },
    {
      "geometry": {
        "coordinates": [
          [
            [
              -94.56033895670912,
              39.09190926983216
            ],
            [
              -94.56029958753143,
              39.0927415535666
            ],
            [
              -94.56086549026647,
              39.092764712274146
            ],
            [
              -94.56090514442779,
              39.09193011667984
            ],
            [
              -94.56095190683779,
              39.091235594758345
            ],
            [
              -94.56037950024945,
              39.0912157112007
            ],
            [
              -94.56033895670912,
              39.09190926983216
            ]
          ]
        ],
        "type": "Polygon"
      },
      "properties": {
        "activity_date": "2026-02-10T14:09:44.73Z",
        "activity_date_basis": "issue_date",
        "activity_date_label": "Permit issued",
        "activity_stage": "issued",
        "address": "1701 Woodland Ave Kansas City, MO 64127",
        "apply_date": "2026-02-09T15:14:13.647Z",
        "case_number": "CPDC-2026-00031",
        "category": "Complete Building Demolition - Commercial",
        "date": "2026-02-10T14:09:44.73Z",
        "detail_url": "https://compasskc.kcmo.org/EnerGov_Prod/SelfService#/permit/e1a8fdb3-6a53-4c2e-8a2c-bb0c7c09544f",
        "external_id": "e1a8fdb3-6a53-4c2e-8a2c-bb0c7c09544f",
        "geometry_source": "KCMO parcels",
        "has_parcel_polygon": true,
        "issue_date": "2026-02-10T14:09:44.73Z",
        "match_method": "parcel_id",
        "match_status": "matched",
        "parcel_address": "1701 Woodland Ave",
        "parcel_id": "12502",
        "post_demo_confidence": "likely",
        "post_demo_evidence": [
          {
            "application_date": "2026-05-12T16:33:39.653",
            "issue_date": "2026-05-27T08:54:54.000",
            "project": "Parade Park - Phase I",
            "record_number": "CLDPMT-2026-00127",
            "record_type": "CPLD - Infrastructure",
            "relation": "likely_redevelopment",
            "source": "Open Data KC City Issued Permits",
            "status": "Issued",
            "work_class": "Not Development Related"
          },
          {
            "application_date": "2026-04-21T10:08:56.000",
            "issue_date": "2026-04-23T11:07:51.000",
            "project": "Parade Park - Phase I",
            "record_number": "CLDPMT-2026-00102",
            "record_type": "CPLD - Infrastructure",
            "relation": "likely_redevelopment",
            "source": "Open Data KC City Issued Permits",
            "status": "Issued",
            "work_class": "Not Development Related"
          }
        ],
        "post_demo_last_checked": "2026-05-29T17:52:47Z",
        "post_demo_status": "likely_redevelopment",
        "post_demo_summary": "A same-parcel public permit filed near or after this demolition record shows site or redevelopment activity.",
        "record_id": "case:e1a8fdb3-6a53-4c2e-8a2c-bb0c7c09544f",
        "record_type": "Complete Building Demolition - Commercial",
        "replacement_use": "unknown",
        "status": "Issued",
        "timing_note": "CompassKC lists the permit issue date; an actual demolition date was not posted.",
        "year": "2026"
      },
      "type": "Feature"
    },
    {
      "geometry": {
        "coordinates": [
          [
            [
              -94.55863652694468,
              39.09267341638786
            ],
            [
              -94.56029958753143,
              39.0927415535666
            ],
            [
              -94.56033895670912,
              39.09190926983216
            ],
            [
              -94.56037950024945,
              39.0912157112007
            ],
            [
              -94.5599794756034,
              39.091201663539145
            ],
            [
              -94.55994714966593,
              39.09189482826535
            ],
            [
              -94.55992293165384,
              39.09228141109399
            ],
            [
              -94.55990618046994,
              39.0923336558172
            ],
            [
              -94.55986863621297,
              39.0923788422168
            ],
            [
              -94.55983403932306,
              39.09240263247307
            ],
            [
              -94.55979356398272,
              39.092419997395034
            ],
            [
              -94.5597492375966,
              39.092430064182224
            ],
            [
              -94.55970185106085,
              39.09243235364628
            ],
            [
              -94.55878272237321,
              39.09239628012672
            ],
            [
              -94.55870845452482,
              39.09238052984662
            ],
            [
              -94.55865170280174,
              39.09234955502972
            ],
            [
              -94.55863652694468,
              39.09267341638786
            ]
          ]
        ],
        "type": "Polygon"
      },
      "properties": {
        "activity_date": "2026-02-10T14:10:03.25Z",
        "activity_date_basis": "issue_date",
        "activity_date_label": "Permit issued",
        "activity_stage": "issued",
        "address": "1730 Michigan Ave Unit/Suite: BLD 23 Kansas City, MO 64127",
        "apply_date": "2026-02-09T14:03:41.347Z",
        "case_number": "CPDC-2026-00026",
        "category": "Complete Building Demolition - Commercial",
        "date": "2026-02-10T14:10:03.25Z",
        "detail_url": "https://compasskc.kcmo.org/EnerGov_Prod/SelfService#/permit/936d2c21-c619-4c04-9095-c6c8c16bc305",
        "external_id": "936d2c21-c619-4c04-9095-c6c8c16bc305",
        "geometry_source": "KCMO parcels",
        "has_parcel_polygon": true,
        "issue_date": "2026-02-10T14:10:03.25Z",
        "match_method": "parcel_id",
        "match_status": "matched",
        "parcel_address": "1756 Michigan Ave",
        "parcel_id": "12500",
        "post_demo_confidence": "unknown",
        "post_demo_evidence": [
          {
            "application_date": "2026-02-02T09:27:44.000",
            "issue_date": "2026-02-03T09:27:10.920",
            "project": "137245",
            "record_number": "WS-E-162576",
            "record_type": "WS - Existing Service",
            "relation": "demolition_prep_or_utility",
            "source": "Open Data KC City Issued Permits",
            "status": "Issued",
            "work_class": "Kill Water Service at Main"
          },
          {
            "application_date": "2026-02-02T09:26:17.000",
            "issue_date": "2026-02-03T09:27:37.383",
            "project": "137578",
            "record_number": "WS-E-162575",
            "record_type": "WS - Existing Service",
            "relation": "demolition_prep_or_utility",
            "source": "Open Data KC City Issued Permits",
            "status": "Issued",
            "work_class": "Kill Water Service at Main"
          },
          {
            "application_date": "2026-02-02T09:25:11.000",
            "issue_date": "2026-02-03T09:27:35.097",
            "project": "137393",
            "record_number": "WS-E-162574",
            "record_type": "WS - Existing Service",
            "relation": "demolition_prep_or_utility",
            "source": "Open Data KC City Issued Permits",
            "status": "Issued",
            "work_class": "Kill Water Service at Main"
          }
        ],
        "post_demo_last_checked": "2026-05-29T17:52:47Z",
        "post_demo_status": "utility_prep_only",
        "post_demo_summary": "Recent same-parcel public records show utility, excavation, hauling or other prep work, but no replacement or reuse permit was found.",
        "record_id": "case:936d2c21-c619-4c04-9095-c6c8c16bc305",
        "record_type": "Complete Building Demolition - Commercial",
        "replacement_use": "infrastructure_only",
        "status": "Issued",
        "timing_note": "CompassKC lists the permit issue date; an actual demolition date was not posted.",
        "year": "2026"
      },
      "type": "Feature"
    },
    {
      "geometry": {
        "coordinates": [
          [
            [
              -94.52404892650806,
              39.188796001137504
            ],
            [
              -94.52405237927182,
              39.18814347585688
            ],
            [
              -94.52383560404249,
              39.18814347406897
            ],
            [
              -94.52384014697229,
              39.18879535763013
            ],
            [
              -94.52404892650806,
              39.188796001137504
            ]
          ]
        ],
        "type": "Polygon"
      },
      "properties": {
        "activity_date": "2026-02-11",
        "activity_date_basis": "complete_date",
        "activity_date_label": "Review approved",
        "activity_stage": "review",
        "address": "4718 NE Vivion Rd Kansas City, MO 64119",
        "apply_date": "2026-01-28T14:17:50Z",
        "case_number": "CH-DM-2026-00002",
        "category": "Demolition Review, Administrative",
        "complete_date": "2026-02-11T19:23:46Z",
        "date": "2026-02-11",
        "detail_url": "https://compasskc.kcmo.org/EnerGov_Prod/SelfService#/plan/2f87f2c5-c3dd-46c6-a4a7-1282da5d4dcd",
        "expiration_date": "2029-02-11T19:23:51Z",
        "external_id": "2f87f2c5-c3dd-46c6-a4a7-1282da5d4dcd",
        "geometry_source": "KCMO parcels",
        "has_parcel_polygon": true,
        "match_method": "address_geocode_point_in_polygon",
        "match_status": "matched",
        "parcel_id": "295691",
        "post_demo_confidence": "unknown",
        "post_demo_evidence": [
          {
            "application_date": "2025-10-31T07:46:06.050",
            "issue_date": "2025-10-31T09:13:09.780",
            "project": "",
            "record_number": "PW-H-2025-00175",
            "record_type": "PW - Hauling",
            "relation": "demolition_prep_or_utility",
            "source": "Open Data KC City Issued Permits",
            "status": "Issued",
            "work_class": "Hauling"
          }
        ],
        "post_demo_last_checked": "2026-05-29T17:52:47Z",
        "post_demo_status": "utility_prep_only",
        "post_demo_summary": "Recent same-parcel public records show utility, excavation, hauling or other prep work, but no replacement or reuse permit was found.",
        "record_id": "case:2f87f2c5-c3dd-46c6-a4a7-1282da5d4dcd",
        "record_type": "Demolition Review, Administrative",
        "replacement_use": "infrastructure_only",
        "status": "Approved",
        "timing_note": "CompassKC lists a demolition-review milestone; an actual demolition date was not posted.",
        "year": "2026"
      },
      "type": "Feature"
    },
    {
      "geometry": {
        "coordinates": [
          [
            [
              -94.55865170280174,
              39.09234955502972
            ],
            [
              -94.55861064888299,
              39.092305850614004
            ],
            [
              -94.55859108588392,
              39.09226023685846
            ],
            [
              -94.55858794375399,
              39.09222417784729
            ],
            [
              -94.55859692713278,
              39.0920808484877
            ],
            [
              -94.55649622263907,
              39.09200830143052
            ],
            [
              -94.55646053824738,
              39.09258420246458
            ],
            [
              -94.55863652694468,
              39.09267341638786
            ],
            [
              -94.55865170280174,
              39.09234955502972
            ]
          ]
        ],
        "type": "Polygon"
      },
      "properties": {
        "activity_date": "2026-02-11",
        "activity_date_basis": "complete_date",
        "activity_date_label": "Review approved",
        "activity_stage": "review",
        "address": "1604 Brooklyn Ave Kansas City, MO 64127",
        "apply_date": "2026-02-03T14:17:27Z",
        "case_number": "CH-DM-2026-00005",
        "category": "Demolition Review, Administrative",
        "complete_date": "2026-02-11T19:25:47Z",
        "date": "2026-02-11",
        "detail_url": "https://compasskc.kcmo.org/EnerGov_Prod/SelfService#/plan/e413eb52-df08-4ffa-954f-b33ca099fc7d",
        "expiration_date": "2010-02-11T19:25:51Z",
        "external_id": "e413eb52-df08-4ffa-954f-b33ca099fc7d",
        "geometry_source": "KCMO parcels",
        "has_parcel_polygon": true,
        "match_method": "parcel_id",
        "match_status": "matched",
        "parcel_address": "2020 E 17th St",
        "parcel_id": "12503",
        "post_demo_confidence": "unknown",
        "post_demo_evidence": [
          {
            "application_date": "2026-02-18T09:29:41.000",
            "issue_date": "2026-02-18T09:36:02.590",
            "project": "KILL89801",
            "record_number": "WS-E-162631",
            "record_type": "WS - Existing Service",
            "relation": "demolition_prep_or_utility",
            "source": "Open Data KC City Issued Permits",
            "status": "Issued",
            "work_class": "Kill Water Service at Main"
          },
          {
            "application_date": "2026-02-18T09:23:17.000",
            "issue_date": "",
            "project": "KILL89801",
            "record_number": "WS-PW-PR-2026-00295",
            "record_type": "WS-PW-PR New Connection - Kills - Repairs - Coord",
            "relation": "demolition_prep_or_utility",
            "source": "Open Data KC City Issued Permits",
            "status": "Ready For Issuance",
            "work_class": "Water Service Lines - Kills"
          },
          {
            "application_date": "2026-02-02T09:37:28.000",
            "issue_date": "2026-02-03T09:27:04.817",
            "project": "126917",
            "record_number": "WS-E-162581",
            "record_type": "WS - Existing Service",
            "relation": "demolition_prep_or_utility",
            "source": "Open Data KC City Issued Permits",
            "status": "Issued",
            "work_class": "Kill Water Service at Main"
          }
        ],
        "post_demo_last_checked": "2026-05-29T17:52:47Z",
        "post_demo_status": "utility_prep_only",
        "post_demo_summary": "Recent same-parcel public records show utility, excavation, hauling or other prep work, but no replacement or reuse permit was found.",
        "record_id": "case:e413eb52-df08-4ffa-954f-b33ca099fc7d",
        "record_type": "Demolition Review, Administrative",
        "replacement_use": "infrastructure_only",
        "status": "Approved",
        "timing_note": "CompassKC lists a demolition-review milestone; an actual demolition date was not posted.",
        "year": "2026"
      },
      "type": "Feature"
    },
    {
      "geometry": {
        "coordinates": [
          [
            [
              -94.5026108962377,
              38.96326524611801
            ],
            [
              -94.50225208101455,
              38.96335343728657
            ],
            [
              -94.50130018712723,
              38.96333155385663
            ],
            [
              -94.50133130206306,
              38.962789429030636
            ],
            [
              -94.4994073653542,
              38.96274445117366
            ],
            [
              -94.49936295786597,
              38.96344303785242
            ],
            [
              -94.49843023110883,
              38.96342131416789
            ],
            [
              -94.49859742880811,
              38.96361459405582
            ],
            [
              -94.4989665001171,
              38.96399765200618
            ],
            [
              -94.49921145930342,
              38.963860939146606
            ],
            [
              -94.49986532521108,
              38.963873114550886
            ],
            [
              -94.49985972681752,
              38.9645084799197
            ],
            [
              -94.49959480679667,
              38.9646476206111
            ],
            [
              -94.49971637718286,
              38.964807011592235
            ],
            [
              -94.4997749361855,
              38.96489885696018
            ],
            [
              -94.49982716466207,
              38.96499301329177
            ],
            [
              -94.49987294316007,
              38.96508920602057
            ],
            [
              -94.49991215881893,
              38.965187137698116
            ],
            [
              -94.49994457421344,
              38.965286602399786
            ],
            [
              -94.49997016000849,
              38.96538723345949
            ],
            [
              -94.49999864891709,
              38.965570466871185
            ],
            [
              -94.50000462793913,
              38.9656729518675
            ],
            [
              -94.50000360213019,
              38.96577552838697
            ],
            [
              -94.49999551357465,
              38.965877898973524
            ],
            [
              -94.49998044797123,
              38.96597976616988
            ],
            [
              -94.49995840748856,
              38.966080878279875
            ],
            [
              -94.49993018271465,
              38.96617864915016
            ],
            [
              -94.50025208592085,
              38.966187092643096
            ],
            [
              -94.50082378329456,
              38.96564018305447
            ],
            [
              -94.50259259048649,
              38.96358690973159
            ],
            [
              -94.5026108962377,
              38.96326524611801
            ]
          ]
        ],
        "type": "Polygon"
      },
      "properties": {
        "activity_date": "2026-02-12",
        "activity_date_basis": "issue_date",
        "activity_date_label": "Permit issued",
        "activity_stage": "issued",
        "address": "8736 Blue Ridge Blvd Kansas City, MO 64138",
        "apply_date": "2026-02-12T16:14:18.31Z",
        "case_number": "CPDC-2026-00034",
        "category": "Pre-Demolition Inspection - Commercial",
        "date": "2026-02-12",
        "detail_url": "https://compasskc.kcmo.org/EnerGov_Prod/SelfService#/permit/424aae2b-7f00-4673-88f8-cefa0e9eb29b",
        "external_id": "424aae2b-7f00-4673-88f8-cefa0e9eb29b",
        "geometry_source": "KCMO parcels",
        "has_parcel_polygon": true,
        "issue_date": "2026-02-12T20:57:02.483Z",
        "match_method": "parcel_id",
        "match_status": "matched",
        "parcel_address": "8706 Blue Ridge Blvd",
        "parcel_id": "66094",
        "post_demo_confidence": "weak",
        "post_demo_evidence": [
          {
            "application_date": "2026-05-27T12:32:57.000",
            "issue_date": "2026-05-27T12:35:13.000",
            "project": "",
            "record_number": "CPZ-2026-01468",
            "record_type": "CPPU - Zoning Approval",
            "relation": "weak_followup_signal",
            "source": "Open Data KC City Issued Permits",
            "status": "Issued",
            "work_class": "Zoning Clearance (for Business License)"
          }
        ],
        "post_demo_last_checked": "2026-05-29T17:52:47Z",
        "post_demo_status": "weak_followup_signal",
        "post_demo_summary": "Recent same-parcel public records show limited follow-up activity, but not enough to identify a replacement use.",
        "record_id": "case:424aae2b-7f00-4673-88f8-cefa0e9eb29b",
        "record_type": "Pre-Demolition Inspection - Commercial",
        "replacement_use": "commercial_or_mixed",
        "status": "Issued",
        "story_angle_clues": [
          {
            "angle": "Dangerous building",
            "context": "Pre-demolition of Dangerous commercial building",
            "field": "project description",
            "matched_text": "Dangerous"
          }
        ],
        "story_angles": [
          "Dangerous building"
        ],
        "timing_note": "CompassKC lists the permit issue date; an actual demolition date was not posted.",
        "year": "2026"
      },
      "type": "Feature"
    },
    {
      "geometry": {
        "coordinates": [
          [
            [
              -94.55595775072521,
              39.024092914822475
            ],
            [
              -94.55549820675674,
              39.0240770495848
            ],
            [
              -94.5554891886053,
              39.02417310770012
            ],
            [
              -94.55594967185269,
              39.02418897309446
            ],
            [
              -94.55595775072521,
              39.024092914822475
            ]
          ]
        ],
        "type": "Polygon"
      },
      "properties": {
        "activity_date": "2026-02-13",
        "activity_date_basis": "complete_date",
        "activity_date_label": "Review completed",
        "activity_stage": "review",
        "address": "5614 Prospect Ave Kansas City, MO 64130",
        "apply_date": "2026-02-11T03:44:47.187Z",
        "case_number": "CH-DM-2026-00006",
        "category": "Demolition Review, Administrative",
        "complete_date": "2026-02-13T17:05:40.117Z",
        "date": "2026-02-13",
        "detail_url": "https://compasskc.kcmo.org/EnerGov_Prod/SelfService#/plan/12bda899-532c-4fb7-b9bc-3a336f8bb9e3",
        "external_id": "12bda899-532c-4fb7-b9bc-3a336f8bb9e3",
        "geometry_source": "KCMO parcels",
        "has_parcel_polygon": true,
        "match_method": "parcel_id",
        "match_status": "matched",
        "parcel_address": "5614 Prospect Ave",
        "parcel_id": "147698",
        "post_demo_confidence": "unknown",
        "post_demo_last_checked": "2026-05-29T17:52:47Z",
        "post_demo_status": "no_public_followup_found",
        "post_demo_summary": "No same-parcel replacement or redevelopment permit was found in public permit history yet.",
        "record_id": "case:12bda899-532c-4fb7-b9bc-3a336f8bb9e3",
        "record_type": "Demolition Review, Administrative",
        "replacement_use": "unknown",
        "status": "Voided",
        "timing_note": "CompassKC lists a demolition-review milestone; an actual demolition date was not posted.",
        "year": "2026"
      },
      "type": "Feature"
    },
    {
      "geometry": {
        "coordinates": [
          [
            [
              -94.54231768312594,
              39.11336850615104
            ],
            [
              -94.54204618147503,
              39.11335988743363
            ],
            [
              -94.54203837811154,
              39.11352220550688
            ],
            [
              -94.54230970299179,
              39.11353009212581
            ],
            [
              -94.54231768312594,
              39.11336850615104
            ]
          ]
        ],
        "type": "Polygon"
      },
      "properties": {
        "activity_date": "2026-02-13",
        "activity_date_basis": "issue_date",
        "activity_date_label": "Permit issued",
        "activity_stage": "issued",
        "address": "100 N Indiana Ave Kansas City, MO 64123",
        "apply_date": "2026-02-10T20:08:07.59Z",
        "case_number": "CPDC-2026-00033",
        "category": "Pre-Demolition Inspection - Commercial",
        "date": "2026-02-13",
        "detail_url": "https://compasskc.kcmo.org/EnerGov_Prod/SelfService#/permit/c0cef16a-dbb6-4515-9dc4-cc5a52b9ba91",
        "external_id": "c0cef16a-dbb6-4515-9dc4-cc5a52b9ba91",
        "final_date": "2026-04-15T17:45:40Z",
        "geometry_source": "KCMO parcels",
        "has_parcel_polygon": true,
        "issue_date": "2026-02-13T16:10:25.263Z",
        "match_method": "parcel_id",
        "match_status": "matched",
        "parcel_address": "100 N Indiana Ave",
        "parcel_id": "40777",
        "post_demo_confidence": "unknown",
        "post_demo_evidence": [
          {
            "application_date": "2026-03-16T14:03:12.887",
            "issue_date": "2026-03-16T14:33:02.460",
            "project": "",
            "record_number": "PW-H-2026-00043",
            "record_type": "PW - Hauling",
            "relation": "demolition_prep_or_utility",
            "source": "Open Data KC City Issued Permits",
            "status": "Issued",
            "work_class": "Hauling"
          },
          {
            "application_date": "2026-01-21T12:57:44.550",
            "issue_date": "2026-01-21T13:21:15.000",
            "project": "",
            "record_number": "PW-EXC-2026-00225",
            "record_type": "PW - Excavation",
            "relation": "demolition_prep_or_utility",
            "source": "Open Data KC City Issued Permits",
            "status": "Closed",
            "work_class": "Spire Excavation"
          },
          {
            "application_date": "2025-12-16T10:06:34.000",
            "issue_date": "2025-12-16T14:03:06.983",
            "project": "59378",
            "record_number": "WS-E-162448",
            "record_type": "WS - Existing Service",
            "relation": "demolition_prep_or_utility",
            "source": "Open Data KC City Issued Permits",
            "status": "Issued",
            "work_class": "Kill Water Service at Main"
          }
        ],
        "post_demo_last_checked": "2026-05-29T17:52:47Z",
        "post_demo_status": "utility_prep_only",
        "post_demo_summary": "Recent same-parcel public records show utility, excavation, hauling or other prep work, but no replacement or reuse permit was found.",
        "record_id": "case:c0cef16a-dbb6-4515-9dc4-cc5a52b9ba91",
        "record_type": "Pre-Demolition Inspection - Commercial",
        "replacement_use": "infrastructure_only",
        "status": "Closed",
        "story_angle_clues": [
          {
            "angle": "Housing / multifamily",
            "context": "demo burnt apartments",
            "field": "project description",
            "matched_text": "apartment"
          }
        ],
        "story_angles": [
          "Housing / multifamily"
        ],
        "timing_note": "CompassKC lists the permit issue date; an actual demolition date was not posted.",
        "year": "2026"
      },
      "type": "Feature"
    },
    {
      "geometry": {
        "coordinates": [
          [
            [
              -94.52238030110058,
              39.074325210236346
            ],
            [
              -94.52223946014853,
              39.074321255922115
            ],
            [
              -94.52221751250177,
              39.07472448776527
            ],
            [
              -94.5223582661633,
              39.074728350599216
            ],
            [
              -94.52238030110058,
              39.074325210236346
            ]
          ]
        ],
        "type": "Polygon"
      },
      "properties": {
        "activity_date": "2026-02-13",
        "activity_date_basis": "issue_date",
        "activity_date_label": "Permit issued",
        "activity_stage": "issued",
        "address": "5214 E 28th St Kansas City, MO 64126",
        "apply_date": "2026-02-13T02:56:29.143Z",
        "case_number": "CPDR-2026-00020",
        "category": "Complete Building or Structure Demolition - Residential",
        "date": "2026-02-13",
        "detail_url": "https://compasskc.kcmo.org/EnerGov_Prod/SelfService#/permit/f21657da-1b4d-489c-862d-ac415184efbf",
        "external_id": "f21657da-1b4d-489c-862d-ac415184efbf",
        "final_date": "2026-02-21T06:00:00Z",
        "geometry_source": "KCMO parcels",
        "has_parcel_polygon": true,
        "issue_date": "2026-02-13T19:54:02.817Z",
        "match_method": "parcel_id",
        "match_status": "matched",
        "parcel_address": "5214 E 28th St",
        "parcel_id": "21818",
        "post_demo_confidence": "unknown",
        "post_demo_evidence": [
          {
            "application_date": "2026-01-06T21:41:45.173",
            "issue_date": "2026-01-10T01:40:26.370",
            "project": "",
            "record_number": "PW-H-2026-00002",
            "record_type": "PW - Hauling",
            "relation": "demolition_prep_or_utility",
            "source": "Open Data KC City Issued Permits",
            "status": "Issued",
            "work_class": "Hauling"
          },
          {
            "application_date": "2025-12-30T09:38:30.000",
            "issue_date": "2026-01-06T21:36:03.980",
            "project": "54447",
            "record_number": "PW-EXC-2025-06134",
            "record_type": "PW - Excavation",
            "relation": "demolition_prep_or_utility",
            "source": "Open Data KC City Issued Permits",
            "status": "Issued",
            "work_class": "Water Main/Pipeline"
          }
        ],
        "post_demo_last_checked": "2026-05-29T17:52:47Z",
        "post_demo_status": "utility_prep_only",
        "post_demo_summary": "Recent same-parcel public records show utility, excavation, hauling or other prep work, but no replacement or reuse permit was found.",
        "record_id": "case:f21657da-1b4d-489c-862d-ac415184efbf",
        "record_type": "Complete Building or Structure Demolition - Residential",
        "replacement_use": "infrastructure_only",
        "status": "Closed",
        "timing_note": "CompassKC lists the permit issue date; an actual demolition date was not posted.",
        "year": "2026"
      },
      "type": "Feature"
    },
    {
      "geometry": {
        "coordinates": [
          [
            [
              -94.55097430770988,
              39.12080717172401
            ],
            [
              -94.55089059202226,
              39.1208039592529
            ],
            [
              -94.55087396397558,
              39.121127727137164
            ],
            [
              -94.55095732784741,
              39.12113132931611
            ],
            [
              -94.55097430770988,
              39.12080717172401
            ]
          ]
        ],
        "type": "Polygon"
      },
      "properties": {
        "activity_date": "2026-02-13T19:54:04.96Z",
        "activity_date_basis": "issue_date",
        "activity_date_label": "Permit issued",
        "activity_stage": "issued",
        "address": "2530 Rochester Ave Kansas City, MO 64120",
        "apply_date": "2026-02-13T03:09:53.647Z",
        "case_number": "CPDR-2026-00023",
        "category": "Complete Building or Structure Demolition - Residential",
        "date": "2026-02-13T19:54:04.96Z",
        "detail_url": "https://compasskc.kcmo.org/EnerGov_Prod/SelfService#/permit/27d82b91-20f2-4a0d-afb5-d94f5dd6a4ec",
        "external_id": "27d82b91-20f2-4a0d-afb5-d94f5dd6a4ec",
        "final_date": "2026-02-25T21:47:43Z",
        "geometry_source": "KCMO parcels",
        "has_parcel_polygon": true,
        "issue_date": "2026-02-13T19:54:04.96Z",
        "match_method": "parcel_id",
        "match_status": "matched",
        "parcel_address": "2530 Rochester Ave",
        "parcel_id": "39002",
        "post_demo_confidence": "unknown",
        "post_demo_evidence": [
          {
            "application_date": "2026-02-10T20:48:45.337",
            "issue_date": "2026-02-12T19:56:04.140",
            "project": "",
            "record_number": "PW-H-2026-00016",
            "record_type": "PW - Hauling",
            "relation": "demolition_prep_or_utility",
            "source": "Open Data KC City Issued Permits",
            "status": "Issued",
            "work_class": "Hauling"
          },
          {
            "application_date": "2026-02-03T12:06:21.000",
            "issue_date": "2026-02-06T11:57:02.183",
            "project": "83924",
            "record_number": "WS-E-162586",
            "record_type": "WS - Existing Service",
            "relation": "demolition_prep_or_utility",
            "source": "Open Data KC City Issued Permits",
            "status": "Issued",
            "work_class": "Kill Water Service at Main"
          },
          {
            "application_date": "2026-02-03T12:04:04.000",
            "issue_date": "2026-02-06T11:57:06.090",
            "project": "83924",
            "record_number": "PW-EXC-2026-00365",
            "record_type": "PW - Excavation",
            "relation": "demolition_prep_or_utility",
            "source": "Open Data KC City Issued Permits",
            "status": "Closed",
            "work_class": "Water Main/Pipeline"
          }
        ],
        "post_demo_last_checked": "2026-05-29T17:52:47Z",
        "post_demo_status": "utility_prep_only",
        "post_demo_summary": "Recent same-parcel public records show utility, excavation, hauling or other prep work, but no replacement or reuse permit was found.",
        "record_id": "case:27d82b91-20f2-4a0d-afb5-d94f5dd6a4ec",
        "record_type": "Complete Building or Structure Demolition - Residential",
        "replacement_use": "infrastructure_only",
        "status": "Closed",
        "timing_note": "CompassKC lists the permit issue date; an actual demolition date was not posted.",
        "year": "2026"
      },
      "type": "Feature"
    },
    {
      "geometry": {
        "coordinates": [
          [
            [
              -94.56266189291091,
              39.019059827887595
            ],
            [
              -94.56231275704387,
              39.019047522435315
            ],
            [
              -94.56229173288845,
              39.01945650824455
            ],
            [
              -94.56264075504679,
              39.01946897398641
            ],
            [
              -94.56266189291091,
              39.019059827887595
            ]
          ]
        ],
        "type": "Polygon"
      },
      "properties": {
        "activity_date": "2026-02-13T19:54:07.07Z",
        "activity_date_basis": "issue_date",
        "activity_date_label": "Permit issued",
        "activity_stage": "issued",
        "address": "1859 E 59th St Kansas City, MO 64130",
        "apply_date": "2026-02-13T03:05:13.053Z",
        "case_number": "CPDR-2026-00022",
        "category": "Complete Building or Structure Demolition - Residential",
        "date": "2026-02-13T19:54:07.07Z",
        "detail_url": "https://compasskc.kcmo.org/EnerGov_Prod/SelfService#/permit/d281f902-76e7-4b9a-88ab-29ab6bc6a19e",
        "external_id": "d281f902-76e7-4b9a-88ab-29ab6bc6a19e",
        "final_date": "2026-02-20T06:00:00Z",
        "geometry_source": "KCMO parcels",
        "has_parcel_polygon": true,
        "issue_date": "2026-02-13T19:54:07.07Z",
        "match_method": "parcel_id",
        "match_status": "matched",
        "parcel_address": "1859 E 59th St",
        "parcel_id": "104515",
        "post_demo_confidence": "unknown",
        "post_demo_evidence": [
          {
            "application_date": "2026-02-10T20:54:39.677",
            "issue_date": "2026-02-12T19:56:15.940",
            "project": "",
            "record_number": "PW-H-2026-00017",
            "record_type": "PW - Hauling",
            "relation": "demolition_prep_or_utility",
            "source": "Open Data KC City Issued Permits",
            "status": "Issued",
            "work_class": "Hauling"
          },
          {
            "application_date": "2026-01-27T10:06:31.000",
            "issue_date": "2026-01-29T09:12:10.857",
            "project": "DB69949",
            "record_number": "WS-E-162546",
            "record_type": "WS - Existing Service",
            "relation": "demolition_prep_or_utility",
            "source": "Open Data KC City Issued Permits",
            "status": "Issued",
            "work_class": "Kill Water Service at Main"
          },
          {
            "application_date": "2026-01-27T10:04:33.000",
            "issue_date": "2026-01-29T09:12:06.240",
            "project": "DB69949",
            "record_number": "PW-EXC-2026-00284",
            "record_type": "PW - Excavation",
            "relation": "demolition_prep_or_utility",
            "source": "Open Data KC City Issued Permits",
            "status": "Closed",
            "work_class": "Water Main/Pipeline"
          }
        ],
        "post_demo_last_checked": "2026-05-29T17:52:47Z",
        "post_demo_status": "utility_prep_only",
        "post_demo_summary": "Recent same-parcel public records show utility, excavation, hauling or other prep work, but no replacement or reuse permit was found.",
        "record_id": "case:d281f902-76e7-4b9a-88ab-29ab6bc6a19e",
        "record_type": "Complete Building or Structure Demolition - Residential",
        "replacement_use": "infrastructure_only",
        "status": "Closed",
        "timing_note": "CompassKC lists the permit issue date; an actual demolition date was not posted.",
        "year": "2026"
      },
      "type": "Feature"
    },
    {
      "geometry": {
        "coordinates": [
          [
            [
              -94.53021859805293,
              39.101023918936626
            ],
            [
              -94.53013056003753,
              39.10102087513649
            ],
            [
              -94.53011188627116,
              39.101369742393054
            ],
            [
              -94.53019989464903,
              39.10137285314074
            ],
            [
              -94.53021859805293,
              39.101023918936626
            ]
          ]
        ],
        "type": "Polygon"
      },
      "properties": {
        "activity_date": "2026-02-13T19:54:09.34Z",
        "activity_date_basis": "issue_date",
        "activity_date_label": "Permit issued",
        "activity_stage": "issued",
        "address": "4400 E 10th St Kansas City, MO 64127",
        "apply_date": "2026-02-13T03:03:01.117Z",
        "case_number": "CPDR-2026-00021",
        "category": "Complete Building or Structure Demolition - Residential",
        "date": "2026-02-13T19:54:09.34Z",
        "detail_url": "https://compasskc.kcmo.org/EnerGov_Prod/SelfService#/permit/5e683493-0640-41b6-b236-cb70ed06572c",
        "external_id": "5e683493-0640-41b6-b236-cb70ed06572c",
        "final_date": "2026-02-27T06:00:00Z",
        "geometry_source": "KCMO parcels",
        "has_parcel_polygon": true,
        "issue_date": "2026-02-13T19:54:09.34Z",
        "match_method": "parcel_id",
        "match_status": "matched",
        "parcel_address": "4400 E 10th St",
        "parcel_id": "8306",
        "post_demo_confidence": "unknown",
        "post_demo_evidence": [
          {
            "application_date": "2026-02-10T21:35:48.497",
            "issue_date": "2026-02-12T19:56:08.003",
            "project": "",
            "record_number": "PW-H-2026-00022",
            "record_type": "PW - Hauling",
            "relation": "demolition_prep_or_utility",
            "source": "Open Data KC City Issued Permits",
            "status": "Issued",
            "work_class": "Hauling"
          }
        ],
        "post_demo_last_checked": "2026-05-29T17:52:47Z",
        "post_demo_status": "utility_prep_only",
        "post_demo_summary": "Recent same-parcel public records show utility, excavation, hauling or other prep work, but no replacement or reuse permit was found.",
        "record_id": "case:5e683493-0640-41b6-b236-cb70ed06572c",
        "record_type": "Complete Building or Structure Demolition - Residential",
        "replacement_use": "infrastructure_only",
        "status": "Closed",
        "timing_note": "CompassKC lists the permit issue date; an actual demolition date was not posted.",
        "year": "2026"
      },
      "type": "Feature"
    },
    {
      "geometry": {
        "coordinates": [
          [
            [
              -94.55865170280174,
              39.09234955502972
            ],
            [
              -94.55861064888299,
              39.092305850614004
            ],
            [
              -94.55859108588392,
              39.09226023685846
            ],
            [
              -94.55858794375399,
              39.09222417784729
            ],
            [
              -94.55859692713278,
              39.0920808484877
            ],
            [
              -94.55649622263907,
              39.09200830143052
            ],
            [
              -94.55646053824738,
              39.09258420246458
            ],
            [
              -94.55863652694468,
              39.09267341638786
            ],
            [
              -94.55865170280174,
              39.09234955502972
            ]
          ]
        ],
        "type": "Polygon"
      },
      "properties": {
        "activity_date": "2026-02-18T16:17:02.38Z",
        "activity_date_basis": "issue_date",
        "activity_date_label": "Permit issued",
        "activity_stage": "issued",
        "address": "2040 E 17th St Kansas City, MO 64127",
        "apply_date": "2026-02-16T15:27:34.207Z",
        "case_number": "CPDC-2026-00036",
        "category": "Complete Building Demolition - Commercial",
        "date": "2026-02-18T16:17:02.38Z",
        "detail_url": "https://compasskc.kcmo.org/EnerGov_Prod/SelfService#/permit/791bd22c-deca-4df7-bddb-5e9cc5445308",
        "external_id": "791bd22c-deca-4df7-bddb-5e9cc5445308",
        "geometry_source": "KCMO parcels",
        "has_parcel_polygon": true,
        "issue_date": "2026-02-18T16:17:02.38Z",
        "match_method": "parcel_id",
        "match_status": "matched",
        "parcel_address": "2020 E 17th St",
        "parcel_id": "12503",
        "post_demo_confidence": "unknown",
        "post_demo_evidence": [
          {
            "application_date": "2026-02-18T09:29:41.000",
            "issue_date": "2026-02-18T09:36:02.590",
            "project": "KILL89801",
            "record_number": "WS-E-162631",
            "record_type": "WS - Existing Service",
            "relation": "demolition_prep_or_utility",
            "source": "Open Data KC City Issued Permits",
            "status": "Issued",
            "work_class": "Kill Water Service at Main"
          },
          {
            "application_date": "2026-02-18T09:23:17.000",
            "issue_date": "",
            "project": "KILL89801",
            "record_number": "WS-PW-PR-2026-00295",
            "record_type": "WS-PW-PR New Connection - Kills - Repairs - Coord",
            "relation": "demolition_prep_or_utility",
            "source": "Open Data KC City Issued Permits",
            "status": "Ready For Issuance",
            "work_class": "Water Service Lines - Kills"
          },
          {
            "application_date": "2026-02-02T09:37:28.000",
            "issue_date": "2026-02-03T09:27:04.817",
            "project": "126917",
            "record_number": "WS-E-162581",
            "record_type": "WS - Existing Service",
            "relation": "demolition_prep_or_utility",
            "source": "Open Data KC City Issued Permits",
            "status": "Issued",
            "work_class": "Kill Water Service at Main"
          }
        ],
        "post_demo_last_checked": "2026-05-29T17:52:47Z",
        "post_demo_status": "utility_prep_only",
        "post_demo_summary": "Recent same-parcel public records show utility, excavation, hauling or other prep work, but no replacement or reuse permit was found.",
        "record_id": "case:791bd22c-deca-4df7-bddb-5e9cc5445308",
        "record_type": "Complete Building Demolition - Commercial",
        "replacement_use": "infrastructure_only",
        "status": "Issued",
        "timing_note": "CompassKC lists the permit issue date; an actual demolition date was not posted.",
        "year": "2026"
      },
      "type": "Feature"
    },
    {
      "geometry": {
        "coordinates": [
          [
            [
              -94.60326715385807,
              38.991142074167996
            ],
            [
              -94.60309914510049,
              38.99113629652754
            ],
            [
              -94.60308326766726,
              38.991509569592715
            ],
            [
              -94.60324899001692,
              38.99151509873023
            ],
            [
              -94.60326715385807,
              38.991142074167996
            ]
          ]
        ],
        "type": "Polygon"
      },
      "properties": {
        "activity_date": "2026-02-20",
        "activity_date_basis": "final_date",
        "activity_date_label": "Permit finalized",
        "activity_stage": "complete",
        "address": "1120 W 76th St Kansas City, MO 64114",
        "apply_date": "2026-02-13T00:31:56.013Z",
        "case_number": "CPDR-2026-00019",
        "category": "Partial Building Demolition - Residential",
        "date": "2026-02-20",
        "detail_url": "https://compasskc.kcmo.org/EnerGov_Prod/SelfService#/permit/ff3d26a9-20d0-4de3-9ba1-9ec75527ccc6",
        "external_id": "ff3d26a9-20d0-4de3-9ba1-9ec75527ccc6",
        "final_date": "2026-02-20T22:20:31Z",
        "geometry_source": "KCMO parcels",
        "has_parcel_polygon": true,
        "match_method": "parcel_id",
        "match_status": "matched",
        "parcel_address": "1120 W 76th St",
        "parcel_id": "119972",
        "post_demo_confidence": "unknown",
        "post_demo_last_checked": "2026-05-29T17:52:47Z",
        "post_demo_status": "no_public_followup_found",
        "post_demo_summary": "No same-parcel replacement or redevelopment permit was found in public permit history yet.",
        "record_id": "case:ff3d26a9-20d0-4de3-9ba1-9ec75527ccc6",
        "record_type": "Partial Building Demolition - Residential",
        "replacement_use": "unknown",
        "status": "Voided-City",
        "timing_note": "CompassKC lists a final/completion date; an actual demolition date was not posted.",
        "year": "2026"
      },
      "type": "Feature"
    },
    {
      "geometry": {
        "coordinates": [
          [
            [
              -94.52196150727012,
              39.0817008407177
            ],
            [
              -94.52160809303345,
              39.0816509465888
            ],
            [
              -94.5215958733828,
              39.08191623988684
            ],
            [
              -94.52171427043368,
              39.08191974210992
            ],
            [
              -94.52170986769453,
              39.082015773498966
            ],
            [
              -94.52194669297621,
              39.082022775871366
            ],
            [
              -94.52196150727012,
              39.0817008407177
            ]
          ]
        ],
        "type": "Polygon"
      },
      "properties": {
        "activity_date": "2026-02-23",
        "activity_date_basis": "issue_date",
        "activity_date_label": "Permit issued",
        "activity_stage": "issued",
        "address": "5208 E 24th St Kansas City, MO 64127",
        "apply_date": "2026-02-20T16:40:03.73Z",
        "case_number": "CPDC-2026-00037",
        "category": "Pre-Demolition Inspection - Commercial",
        "date": "2026-02-23",
        "detail_url": "https://compasskc.kcmo.org/EnerGov_Prod/SelfService#/permit/d65dd7de-8cc3-4a75-bbd2-ace03320ae10",
        "external_id": "d65dd7de-8cc3-4a75-bbd2-ace03320ae10",
        "final_date": "2026-03-26T12:25:44Z",
        "geometry_source": "KCMO parcels",
        "has_parcel_polygon": true,
        "issue_date": "2026-02-23T16:10:03.807Z",
        "match_method": "parcel_id",
        "match_status": "matched",
        "parcel_address": "5208 E 24th St",
        "parcel_id": "20347",
        "post_demo_confidence": "unknown",
        "post_demo_evidence": [
          {
            "application_date": "2026-03-26T13:38:40.897",
            "issue_date": "2026-03-26T14:38:03.980",
            "project": "",
            "record_number": "PW-H-2026-00052",
            "record_type": "PW - Hauling",
            "relation": "demolition_prep_or_utility",
            "source": "Open Data KC City Issued Permits",
            "status": "Issued",
            "work_class": "Hauling"
          },
          {
            "application_date": "2026-02-26T08:47:51.000",
            "issue_date": "2026-03-05T14:06:05.553",
            "project": "50474",
            "record_number": "WS-E-162657",
            "record_type": "WS - Existing Service",
            "relation": "demolition_prep_or_utility",
            "source": "Open Data KC City Issued Permits",
            "status": "Issued",
            "work_class": "Kill Water Service at Main"
          },
          {
            "application_date": "2026-02-26T08:45:43.000",
            "issue_date": "2026-03-02T09:04:02.523",
            "project": "",
            "record_number": "PW-EXC-2026-00628",
            "record_type": "PW - Excavation",
            "relation": "demolition_prep_or_utility",
            "source": "Open Data KC City Issued Permits",
            "status": "Closed",
            "work_class": "Water Main/Pipeline"
          }
        ],
        "post_demo_last_checked": "2026-05-29T17:52:47Z",
        "post_demo_status": "utility_prep_only",
        "post_demo_summary": "Recent same-parcel public records show utility, excavation, hauling or other prep work, but no replacement or reuse permit was found.",
        "record_id": "case:d65dd7de-8cc3-4a75-bbd2-ace03320ae10",
        "record_type": "Pre-Demolition Inspection - Commercial",
        "replacement_use": "infrastructure_only",
        "status": "Closed",
        "story_angle_clues": [
          {
            "angle": "Dangerous building",
            "context": "Pre Demolition of DANGEROUS BUILDING",
            "field": "project description",
            "matched_text": "DANGEROUS"
          }
        ],
        "story_angles": [
          "Dangerous building"
        ],
        "timing_note": "CompassKC lists the permit issue date; an actual demolition date was not posted.",
        "year": "2026"
      },
      "type": "Feature"
    },
    {
      "geometry": {
        "coordinates": [
          [
            [
              -94.59350549323237,
              39.0494513941751
            ],
            [
              -94.59447273378561,
              39.0494877498443
            ],
            [
              -94.59449057758553,
              39.049160149731144
            ],
            [
              -94.59352333847572,
              39.04912317584884
            ],
            [
              -94.59350549323237,
              39.0494513941751
            ]
          ]
        ],
        "type": "Polygon"
      },
      "properties": {
        "activity_date": "2026-02-23",
        "activity_date_basis": "issue_date",
        "activity_date_label": "Permit issued",
        "activity_stage": "issued",
        "address": "4303 Jefferson St Kansas City, MO 64111",
        "apply_date": "2026-02-20T17:11:57.947Z",
        "case_number": "CPDC-2026-00038",
        "category": "Pre-Demolition Inspection - Commercial",
        "date": "2026-02-23",
        "detail_url": "https://compasskc.kcmo.org/EnerGov_Prod/SelfService#/permit/2619efd6-a6ab-4583-ab95-8b65440b1a54",
        "external_id": "2619efd6-a6ab-4583-ab95-8b65440b1a54",
        "geometry_source": "KCMO parcels",
        "has_parcel_polygon": true,
        "issue_date": "2026-02-23T16:12:02.713Z",
        "match_method": "parcel_id",
        "match_status": "matched",
        "parcel_address": "4303 Jefferson St",
        "parcel_id": "251960",
        "post_demo_confidence": "weak",
        "post_demo_evidence": [
          {
            "application_date": "2025-10-10T12:09:23.237",
            "issue_date": "2025-10-31T10:42:19.000",
            "project": "",
            "record_number": "CPZ-2025-02127",
            "record_type": "CPPU - Zoning Approval",
            "relation": "weak_followup_signal",
            "source": "Open Data KC City Issued Permits",
            "status": "Issued",
            "work_class": "Zoning Compliance Letter"
          }
        ],
        "post_demo_last_checked": "2026-05-29T17:52:47Z",
        "post_demo_status": "weak_followup_signal",
        "post_demo_summary": "Recent same-parcel public records show limited follow-up activity, but not enough to identify a replacement use.",
        "record_id": "case:2619efd6-a6ab-4583-ab95-8b65440b1a54",
        "record_type": "Pre-Demolition Inspection - Commercial",
        "replacement_use": "unknown",
        "status": "Issued",
        "timing_note": "CompassKC lists the permit issue date; an actual demolition date was not posted.",
        "year": "2026"
      },
      "type": "Feature"
    },
    {
      "geometry": {
        "coordinates": [
          [
            [
              -94.59351454201514,
              38.997893358681765
            ],
            [
              -94.59325080300425,
              38.99788199135841
            ],
            [
              -94.592868988404,
              38.99782893832537
            ],
            [
              -94.59283794514991,
              38.99839735157901
            ],
            [
              -94.59347815380139,
              38.99842873666311
            ],
            [
              -94.59351454201514,
              38.997893358681765
            ]
          ]
        ],
        "type": "Polygon"
      },
      "properties": {
        "activity_date": "2026-02-23",
        "activity_date_basis": "issue_date",
        "activity_date_label": "Permit issued",
        "activity_stage": "issued",
        "address": "344 W 72nd St Kansas City, MO 64114",
        "apply_date": "2026-02-23T15:44:58Z",
        "case_number": "CPDC-2026-00040",
        "category": "Complete Building Demolition - Commercial",
        "date": "2026-02-23",
        "detail_url": "https://compasskc.kcmo.org/EnerGov_Prod/SelfService#/permit/fc0c570e-0e78-441f-827d-8a4ca7e0a014",
        "external_id": "fc0c570e-0e78-441f-827d-8a4ca7e0a014",
        "geometry_source": "KCMO parcels",
        "has_parcel_polygon": true,
        "issue_date": "2026-02-23T16:11:04.977Z",
        "match_method": "parcel_id",
        "match_status": "matched",
        "parcel_address": "344 W 72nd St",
        "parcel_id": "112592",
        "post_demo_confidence": "likely",
        "post_demo_evidence": [
          {
            "application_date": "2026-05-15T11:46:12.730",
            "issue_date": "2026-05-15T12:34:31.000",
            "project": "Quik Trip Store No. 0190R",
            "record_number": "CITO-2026-00207",
            "record_type": "CPPU - Temporary Certificate of Occupancy",
            "relation": "likely_redevelopment",
            "source": "Open Data KC City Issued Permits",
            "status": "Issued",
            "work_class": "Temporary Certificate of Occupancy (Commercial)"
          },
          {
            "application_date": "2026-05-15T11:43:47.923",
            "issue_date": "2026-05-15T14:21:02.000",
            "project": "Quik Trip Store No. 0190R",
            "record_number": "CITO-2026-00206",
            "record_type": "CPPU - Temporary Certificate of Occupancy",
            "relation": "likely_redevelopment",
            "source": "Open Data KC City Issued Permits",
            "status": "Issued",
            "work_class": "Temporary Certificate of Occupancy (Commercial)"
          }
        ],
        "post_demo_last_checked": "2026-05-29T17:52:47Z",
        "post_demo_status": "likely_redevelopment",
        "post_demo_summary": "A same-parcel public permit filed near or after this demolition record shows site or redevelopment activity.",
        "record_id": "case:fc0c570e-0e78-441f-827d-8a4ca7e0a014",
        "record_type": "Complete Building Demolition - Commercial",
        "replacement_use": "commercial_or_mixed",
        "status": "Issued",
        "timing_note": "CompassKC lists the permit issue date; an actual demolition date was not posted.",
        "year": "2026"
      },
      "type": "Feature"
    },
    {
      "geometry": {
        "coordinates": [
          [
            [
              -94.59351454201514,
              38.997893358681765
            ],
            [
              -94.59325080300425,
              38.99788199135841
            ],
            [
              -94.592868988404,
              38.99782893832537
            ],
            [
              -94.59283794514991,
              38.99839735157901
            ],
            [
              -94.59347815380139,
              38.99842873666311
            ],
            [
              -94.59351454201514,
              38.997893358681765
            ]
          ]
        ],
        "type": "Polygon"
      },
      "properties": {
        "activity_date": "2026-02-23",
        "activity_date_basis": "issue_date",
        "activity_date_label": "Permit issued",
        "activity_stage": "issued",
        "address": "344 W 72nd St Kansas City, MO 64114",
        "apply_date": "2026-02-23T15:56:55Z",
        "case_number": "CPDC-2026-00041",
        "category": "Complete Building Demolition - Commercial",
        "date": "2026-02-23",
        "detail_url": "https://compasskc.kcmo.org/EnerGov_Prod/SelfService#/permit/62fd33d9-cdf9-47d0-b43e-d3d9ade1ae76",
        "external_id": "62fd33d9-cdf9-47d0-b43e-d3d9ade1ae76",
        "geometry_source": "KCMO parcels",
        "has_parcel_polygon": true,
        "issue_date": "2026-02-23T16:11:07.063Z",
        "match_method": "parcel_id",
        "match_status": "matched",
        "parcel_address": "344 W 72nd St",
        "parcel_id": "112592",
        "post_demo_confidence": "likely",
        "post_demo_evidence": [
          {
            "application_date": "2026-05-15T11:46:12.730",
            "issue_date": "2026-05-15T12:34:31.000",
            "project": "Quik Trip Store No. 0190R",
            "record_number": "CITO-2026-00207",
            "record_type": "CPPU - Temporary Certificate of Occupancy",
            "relation": "likely_redevelopment",
            "source": "Open Data KC City Issued Permits",
            "status": "Issued",
            "work_class": "Temporary Certificate of Occupancy (Commercial)"
          },
          {
            "application_date": "2026-05-15T11:43:47.923",
            "issue_date": "2026-05-15T14:21:02.000",
            "project": "Quik Trip Store No. 0190R",
            "record_number": "CITO-2026-00206",
            "record_type": "CPPU - Temporary Certificate of Occupancy",
            "relation": "likely_redevelopment",
            "source": "Open Data KC City Issued Permits",
            "status": "Issued",
            "work_class": "Temporary Certificate of Occupancy (Commercial)"
          }
        ],
        "post_demo_last_checked": "2026-05-29T17:52:47Z",
        "post_demo_status": "likely_redevelopment",
        "post_demo_summary": "A same-parcel public permit filed near or after this demolition record shows site or redevelopment activity.",
        "record_id": "case:62fd33d9-cdf9-47d0-b43e-d3d9ade1ae76",
        "record_type": "Complete Building Demolition - Commercial",
        "replacement_use": "commercial_or_mixed",
        "status": "Issued",
        "timing_note": "CompassKC lists the permit issue date; an actual demolition date was not posted.",
        "year": "2026"
      },
      "type": "Feature"
    },
    {
      "geometry": {
        "coordinates": [
          [
            [
              -94.55094185762871,
              39.0836861601836
            ],
            [
              -94.55047494052143,
              39.08367032439081
            ],
            [
              -94.55047127584135,
              39.08376081879615
            ],
            [
              -94.55093804677256,
              39.08377667811988
            ],
            [
              -94.55094185762871,
              39.0836861601836
            ]
          ]
        ],
        "type": "Polygon"
      },
      "properties": {
        "activity_date": "2026-02-24",
        "activity_date_basis": "final_date",
        "activity_date_label": "Permit finalized",
        "activity_stage": "complete",
        "address": "2319 Montgall Ave Kansas City, MO 64127",
        "apply_date": "2026-02-19T13:50:43.57Z",
        "case_number": "CPDR-2026-00025",
        "category": "Complete Building or Structure Demolition - Residential",
        "date": "2026-02-24",
        "detail_url": "https://compasskc.kcmo.org/EnerGov_Prod/SelfService#/permit/1add6f27-d679-446e-a450-607dfbc2a31f",
        "external_id": "1add6f27-d679-446e-a450-607dfbc2a31f",
        "final_date": "2026-02-24T14:51:00Z",
        "geometry_source": "KCMO parcels",
        "has_parcel_polygon": true,
        "match_method": "parcel_id",
        "match_status": "matched",
        "parcel_address": "2319 Montgall Ave",
        "parcel_id": "16233",
        "post_demo_confidence": "unknown",
        "post_demo_evidence": [
          {
            "application_date": "2026-02-10T21:31:25.797",
            "issue_date": "2026-02-12T19:56:06.153",
            "project": "",
            "record_number": "PW-H-2026-00021",
            "record_type": "PW - Hauling",
            "relation": "demolition_prep_or_utility",
            "source": "Open Data KC City Issued Permits",
            "status": "Issued",
            "work_class": "Hauling"
          },
          {
            "application_date": "2026-01-29T14:57:12.000",
            "issue_date": "2026-01-30T09:27:02.810",
            "project": "14795",
            "record_number": "WS-E-162561",
            "record_type": "WS - Existing Service",
            "relation": "demolition_prep_or_utility",
            "source": "Open Data KC City Issued Permits",
            "status": "Issued",
            "work_class": "Kill Water Service at Main"
          },
          {
            "application_date": "2026-01-29T14:56:50.000",
            "issue_date": "2026-02-10T20:32:02.327",
            "project": "14795",
            "record_number": "PW-EXC-2026-00334",
            "record_type": "PW - Excavation",
            "relation": "demolition_prep_or_utility",
            "source": "Open Data KC City Issued Permits",
            "status": "Issued",
            "work_class": "Water Main/Pipeline"
          }
        ],
        "post_demo_last_checked": "2026-05-29T17:52:47Z",
        "post_demo_status": "utility_prep_only",
        "post_demo_summary": "Recent same-parcel public records show utility, excavation, hauling or other prep work, but no replacement or reuse permit was found.",
        "record_id": "case:1add6f27-d679-446e-a450-607dfbc2a31f",
        "record_type": "Complete Building or Structure Demolition - Residential",
        "replacement_use": "infrastructure_only",
        "status": "Voided-City",
        "timing_note": "CompassKC lists a final/completion date; an actual demolition date was not posted.",
        "year": "2026"
      },
      "type": "Feature"
    },
    {
      "geometry": {
        "coordinates": [
          [
            [
              -94.55351122120281,
              39.10265541340719
            ],
            [
              -94.55259840274171,
              39.10262917278993
            ],
            [
              -94.5525791312262,
              39.10301412663051
            ],
            [
              -94.55305245798743,
              39.10302738836218
            ],
            [
              -94.55302654969768,
              39.103605068078004
            ],
            [
              -94.55346619627416,
              39.10361642203594
            ],
            [
              -94.55351122120281,
              39.10265541340719
            ]
          ]
        ],
        "type": "Polygon"
      },
      "properties": {
        "activity_date": "2026-02-25",
        "activity_date_basis": "final_date",
        "activity_date_label": "Permit finalized",
        "activity_stage": "complete",
        "address": "2410 E 9th St Kansas City, KS 66112",
        "apply_date": "2026-02-21T05:26:19.48Z",
        "case_number": "CPDC-2026-00039",
        "category": "Pre-Demolition Inspection - Commercial",
        "date": "2026-02-25",
        "detail_url": "https://compasskc.kcmo.org/EnerGov_Prod/SelfService#/permit/86ac203e-150a-4e6b-9959-7e68e2602603",
        "external_id": "86ac203e-150a-4e6b-9959-7e68e2602603",
        "final_date": "2026-02-25T20:08:45Z",
        "geometry_source": "KCMO parcels",
        "has_parcel_polygon": true,
        "match_method": "parcel_id",
        "match_status": "matched",
        "parcel_address": "801 Olive St",
        "parcel_id": "11656",
        "post_demo_confidence": "unknown",
        "post_demo_evidence": [
          {
            "application_date": "2026-03-06T00:40:06.570",
            "issue_date": "2026-03-10T21:23:21.043",
            "project": "",
            "record_number": "PW-H-2026-00038",
            "record_type": "PW - Hauling",
            "relation": "demolition_prep_or_utility",
            "source": "Open Data KC City Issued Permits",
            "status": "Issued",
            "work_class": "Hauling"
          },
          {
            "application_date": "2026-02-23T10:57:02.000",
            "issue_date": "2026-02-25T07:08:09.870",
            "project": "145805",
            "record_number": "WS-E-162650",
            "record_type": "WS - Existing Service",
            "relation": "demolition_prep_or_utility",
            "source": "Open Data KC City Issued Permits",
            "status": "Issued",
            "work_class": "Kill Water Service at Main"
          },
          {
            "application_date": "2026-02-23T10:56:34.000",
            "issue_date": "2026-02-25T07:08:04.237",
            "project": "145805",
            "record_number": "PW-EXC-2026-00580",
            "record_type": "PW - Excavation",
            "relation": "demolition_prep_or_utility",
            "source": "Open Data KC City Issued Permits",
            "status": "Closed",
            "work_class": "Water Main/Pipeline"
          }
        ],
        "post_demo_last_checked": "2026-05-29T17:52:47Z",
        "post_demo_status": "utility_prep_only",
        "post_demo_summary": "Recent same-parcel public records show utility, excavation, hauling or other prep work, but no replacement or reuse permit was found.",
        "record_id": "case:86ac203e-150a-4e6b-9959-7e68e2602603",
        "record_type": "Pre-Demolition Inspection - Commercial",
        "replacement_use": "infrastructure_only",
        "status": "Voided-City",
        "timing_note": "CompassKC lists a final/completion date; an actual demolition date was not posted.",
        "year": "2026"
      },
      "type": "Feature"
    },
    {
      "geometry": {
        "coordinates": [
          [
            [
              -94.55094185762871,
              39.0836861601836
            ],
            [
              -94.55047494052143,
              39.08367032439081
            ],
            [
              -94.55047127584135,
              39.08376081879615
            ],
            [
              -94.55093804677256,
              39.08377667811988
            ],
            [
              -94.55094185762871,
              39.0836861601836
            ]
          ]
        ],
        "type": "Polygon"
      },
      "properties": {
        "activity_date": "2026-02-26",
        "activity_date_basis": "issue_date",
        "activity_date_label": "Permit issued",
        "activity_stage": "issued",
        "address": "2319 Montgall Ave Kansas City, MO 64127",
        "apply_date": "2026-02-21T05:18:06.547Z",
        "case_number": "CPDR-2026-00026",
        "category": "Complete Building or Structure Demolition - Residential",
        "date": "2026-02-26",
        "detail_url": "https://compasskc.kcmo.org/EnerGov_Prod/SelfService#/permit/118f6213-4834-4175-beaa-5c5a4458a845",
        "external_id": "118f6213-4834-4175-beaa-5c5a4458a845",
        "final_date": "2026-03-03T06:00:00Z",
        "geometry_source": "KCMO parcels",
        "has_parcel_polygon": true,
        "issue_date": "2026-02-26T05:13:02.337Z",
        "match_method": "parcel_id",
        "match_status": "matched",
        "parcel_address": "2319 Montgall Ave",
        "parcel_id": "16233",
        "post_demo_confidence": "unknown",
        "post_demo_evidence": [
          {
            "application_date": "2026-02-10T21:31:25.797",
            "issue_date": "2026-02-12T19:56:06.153",
            "project": "",
            "record_number": "PW-H-2026-00021",
            "record_type": "PW - Hauling",
            "relation": "demolition_prep_or_utility",
            "source": "Open Data KC City Issued Permits",
            "status": "Issued",
            "work_class": "Hauling"
          },
          {
            "application_date": "2026-01-29T14:57:12.000",
            "issue_date": "2026-01-30T09:27:02.810",
            "project": "14795",
            "record_number": "WS-E-162561",
            "record_type": "WS - Existing Service",
            "relation": "demolition_prep_or_utility",
            "source": "Open Data KC City Issued Permits",
            "status": "Issued",
            "work_class": "Kill Water Service at Main"
          },
          {
            "application_date": "2026-01-29T14:56:50.000",
            "issue_date": "2026-02-10T20:32:02.327",
            "project": "14795",
            "record_number": "PW-EXC-2026-00334",
            "record_type": "PW - Excavation",
            "relation": "demolition_prep_or_utility",
            "source": "Open Data KC City Issued Permits",
            "status": "Issued",
            "work_class": "Water Main/Pipeline"
          }
        ],
        "post_demo_last_checked": "2026-05-29T17:52:47Z",
        "post_demo_status": "utility_prep_only",
        "post_demo_summary": "Recent same-parcel public records show utility, excavation, hauling or other prep work, but no replacement or reuse permit was found.",
        "record_id": "case:118f6213-4834-4175-beaa-5c5a4458a845",
        "record_type": "Complete Building or Structure Demolition - Residential",
        "replacement_use": "infrastructure_only",
        "status": "Closed",
        "timing_note": "CompassKC lists the permit issue date; an actual demolition date was not posted.",
        "year": "2026"
      },
      "type": "Feature"
    },
    {
      "geometry": {
        "coordinates": [
          [
            [
              -94.59614017364294,
              39.01903894133606
            ],
            [
              -94.59587406887476,
              39.01902941302017
            ],
            [
              -94.59585431330797,
              39.01938699015039
            ],
            [
              -94.59612129897513,
              39.01939624378436
            ],
            [
              -94.59614017364294,
              39.01903894133606
            ]
          ]
        ],
        "type": "Polygon"
      },
      "properties": {
        "activity_date": "2026-02-26",
        "activity_date_basis": "final_date",
        "activity_date_label": "Permit finalized",
        "activity_stage": "complete",
        "address": "618 Huntington Rd Kansas City, MO 64113",
        "apply_date": "2026-02-26T12:09:14.227Z",
        "case_number": "CPDR-2026-00034",
        "category": "Partial Building Demolition - Residential",
        "date": "2026-02-26",
        "detail_url": "https://compasskc.kcmo.org/EnerGov_Prod/SelfService#/permit/3665e3ab-e746-4402-bf9c-a8194ae2df00",
        "external_id": "3665e3ab-e746-4402-bf9c-a8194ae2df00",
        "final_date": "2026-02-26T14:37:04Z",
        "geometry_source": "KCMO parcels",
        "has_parcel_polygon": true,
        "match_method": "parcel_id",
        "match_status": "matched",
        "parcel_address": "618 Huntington Rd",
        "parcel_id": "108324",
        "post_demo_confidence": "unknown",
        "post_demo_evidence": [
          {
            "application_date": "2026-02-24T08:17:40.047",
            "issue_date": "2026-02-27T14:51:00.000",
            "project": "",
            "record_number": "CPBR-2026-00417",
            "record_type": "CPPU - Building (Residential)",
            "relation": "prior_repair_or_remodel_history",
            "source": "Open Data KC City Issued Permits",
            "status": "Issued",
            "work_class": "Single Family - Addition"
          }
        ],
        "post_demo_last_checked": "2026-05-29T17:52:47Z",
        "post_demo_status": "prior_repair_or_remodel_history",
        "post_demo_summary": "A prior same-parcel repair or remodel permit exists, but public records do not show a replacement or reuse permit after this demolition filing.",
        "record_id": "case:3665e3ab-e746-4402-bf9c-a8194ae2df00",
        "record_type": "Partial Building Demolition - Residential",
        "replacement_use": "unknown",
        "status": "Voided-City",
        "timing_note": "CompassKC lists a final/completion date; an actual demolition date was not posted.",
        "year": "2026"
      },
      "type": "Feature"
    },
    {
      "geometry": {
        "coordinates": [
          [
            [
              -94.52284862161919,
              39.03446638675478
            ],
            [
              -94.5227776863307,
              39.033651334742856
            ],
            [
              -94.52254880244612,
              39.033662088641584
            ],
            [
              -94.52261967635357,
              39.03447686451588
            ],
            [
              -94.52284862161919,
              39.03446638675478
            ]
          ]
        ],
        "type": "Polygon"
      },
      "properties": {
        "activity_date": "2026-02-26T05:13:04.29Z",
        "activity_date_basis": "issue_date",
        "activity_date_label": "Permit issued",
        "activity_stage": "issued",
        "address": "5315 Dr. Martin Luther King Jr. Blvd Kansas City, MO 64130",
        "apply_date": "2026-02-19T03:20:46.767Z",
        "case_number": "CPDR-2026-00024",
        "category": "Complete Building or Structure Demolition - Residential",
        "date": "2026-02-26T05:13:04.29Z",
        "detail_url": "https://compasskc.kcmo.org/EnerGov_Prod/SelfService#/permit/53426126-8a61-48dc-8542-9537011d9a14",
        "external_id": "53426126-8a61-48dc-8542-9537011d9a14",
        "final_date": "2026-03-04T17:18:28Z",
        "geometry_source": "KCMO parcels",
        "has_parcel_polygon": true,
        "issue_date": "2026-02-26T05:13:04.29Z",
        "match_method": "parcel_id",
        "match_status": "matched",
        "parcel_address": "5315 Dr. Martin Luther King Jr. Blvd",
        "parcel_id": "33568",
        "post_demo_confidence": "unknown",
        "post_demo_evidence": [
          {
            "application_date": "2026-01-07T10:33:06.000",
            "issue_date": "2026-01-10T01:40:02.870",
            "project": "80244",
            "record_number": "WS-E-162493",
            "record_type": "WS - Existing Service",
            "relation": "demolition_prep_or_utility",
            "source": "Open Data KC City Issued Permits",
            "status": "Issued",
            "work_class": "Kill Water Service at Main"
          },
          {
            "application_date": "2026-01-07T10:08:56.000",
            "issue_date": "2026-01-10T01:40:22.780",
            "project": "80244",
            "record_number": "PW-EXC-2026-00060",
            "record_type": "PW - Excavation",
            "relation": "demolition_prep_or_utility",
            "source": "Open Data KC City Issued Permits",
            "status": "Closed",
            "work_class": "Water Main/Pipeline"
          },
          {
            "application_date": "2026-01-06T22:12:10.743",
            "issue_date": "2026-01-10T01:40:06.487",
            "project": "",
            "record_number": "PW-H-2026-00005",
            "record_type": "PW - Hauling",
            "relation": "demolition_prep_or_utility",
            "source": "Open Data KC City Issued Permits",
            "status": "Issued",
            "work_class": "Hauling"
          }
        ],
        "post_demo_last_checked": "2026-05-29T17:52:47Z",
        "post_demo_status": "utility_prep_only",
        "post_demo_summary": "Recent same-parcel public records show utility, excavation, hauling or other prep work, but no replacement or reuse permit was found.",
        "record_id": "case:53426126-8a61-48dc-8542-9537011d9a14",
        "record_type": "Complete Building or Structure Demolition - Residential",
        "replacement_use": "infrastructure_only",
        "status": "Closed",
        "timing_note": "CompassKC lists the permit issue date; an actual demolition date was not posted.",
        "year": "2026"
      },
      "type": "Feature"
    },
    {
      "geometry": {
        "coordinates": [
          [
            [
              -94.60249860013657,
              39.03226536997014
            ],
            [
              -94.60250697057697,
              39.03192674681098
            ],
            [
              -94.60249514277196,
              39.03190277796403
            ],
            [
              -94.60247463710276,
              39.0318827293826
            ],
            [
              -94.60245217701822,
              39.03187037051477
            ],
            [
              -94.60242652622871,
              39.03186281887269
            ],
            [
              -94.60239369533018,
              39.031860811862806
            ],
            [
              -94.60236677158967,
              39.0318651148034
            ],
            [
              -94.60233765791556,
              39.031877060753814
            ],
            [
              -94.60231137469496,
              39.031898843024834
            ],
            [
              -94.60219948577979,
              39.03204167307022
            ],
            [
              -94.60210984671279,
              39.03213208557539
            ],
            [
              -94.60199460375141,
              39.0322268677814
            ],
            [
              -94.60186505981343,
              39.03231253343329
            ],
            [
              -94.60204225639004,
              39.03245844941774
            ],
            [
              -94.60248352622601,
              39.03251208507138
            ],
            [
              -94.60249860013657,
              39.03226536997014
            ]
          ]
        ],
        "type": "Polygon"
      },
      "properties": {
        "activity_date": "2026-03-02",
        "activity_date_basis": "complete_date",
        "activity_date_label": "Review approved",
        "activity_stage": "review",
        "address": "5245 Mercier St Kansas City, MO 64112",
        "apply_date": "2026-01-16T22:08:48.807Z",
        "case_number": "CH-DM-2026-00001",
        "category": "Demolition Review, Regular",
        "complete_date": "2026-03-02T16:20:13Z",
        "date": "2026-03-02",
        "detail_url": "https://compasskc.kcmo.org/EnerGov_Prod/SelfService#/plan/ad490cb1-2223-4b3f-8d0d-934037ff2f7b",
        "expiration_date": "2029-03-02T16:29:02Z",
        "external_id": "ad490cb1-2223-4b3f-8d0d-934037ff2f7b",
        "geometry_source": "KCMO parcels",
        "has_parcel_polygon": true,
        "match_method": "parcel_id",
        "match_status": "matched",
        "parcel_address": "5245 Mercier St",
        "parcel_id": "142810",
        "post_demo_confidence": "confirmed",
        "post_demo_evidence": [
          {
            "application_date": "2026-03-06T13:27:01.437",
            "issue_date": "2026-03-24T09:53:03.363",
            "project": "",
            "record_number": "CPBR-2026-00524",
            "record_type": "CPPU - Building (Residential)",
            "relation": "known_replacement",
            "source": "Open Data KC City Issued Permits",
            "status": "Issued",
            "work_class": "Single Family - New"
          }
        ],
        "post_demo_last_checked": "2026-05-29T17:52:47Z",
        "post_demo_status": "known_replacement",
        "post_demo_summary": "A same-parcel public permit filed near or after this demolition record shows a new housing permit.",
        "record_id": "case:ad490cb1-2223-4b3f-8d0d-934037ff2f7b",
        "record_type": "Demolition Review, Regular",
        "replacement_use": "housing",
        "status": "Approved",
        "story_angle_clues": [
          {
            "angle": "Historic / preservation",
            "context": "Historical review for demolition of building [Administratively approved; HPC was unable to hear case within 45 days of application]",
            "field": "project description",
            "matched_text": "HPC"
          }
        ],
        "story_angles": [
          "Historic / preservation"
        ],
        "timing_note": "CompassKC lists a demolition-review milestone; an actual demolition date was not posted.",
        "year": "2026"
      },
      "type": "Feature"
    },
    {
      "geometry": {
        "coordinates": [
          [
            [
              -94.521478725927,
              39.044582581498645
            ],
            [
              -94.52107230558737,
              39.04483976900144
            ],
            [
              -94.52071747605098,
              39.045039102412844
            ],
            [
              -94.52034987661816,
              39.04522372339809
            ],
            [
              -94.51992755564704,
              39.04541103136309
            ],
            [
              -94.51953611757996,
              39.045563003930916
            ],
            [
              -94.51908998454194,
              39.04571292486394
            ],
            [
              -94.51872549676487,
              39.04581818978682
            ],
            [
              -94.51813382400074,
              39.04596966392291
            ],
            [
              -94.51973780097805,
              39.04730866858866
            ],
            [
              -94.51988319100614,
              39.04719396481787
            ],
            [
              -94.52009746513058,
              39.04703776651164
            ],
            [
              -94.52153429273979,
              39.04591575087787
            ],
            [
              -94.52148914437359,
              39.045848901195136
            ],
            [
              -94.52144434360316,
              39.04576685793591
            ],
            [
              -94.5214089909587,
              39.0456820683597
            ],
            [
              -94.52138699126856,
              39.04560972296574
            ],
            [
              -94.52136618169358,
              39.045491957602096
            ],
            [
              -94.52133399553368,
              39.04511051643232
            ],
            [
              -94.52134105832009,
              39.0449820611398
            ],
            [
              -94.52137047317242,
              39.04483534392825
            ],
            [
              -94.52141526875583,
              39.04470807208531
            ],
            [
              -94.521478725927,
              39.044582581498645
            ]
          ]
        ],
        "type": "Polygon"
      },
      "properties": {
        "activity_date": "2026-03-02",
        "activity_date_basis": "apply_date",
        "activity_date_label": "Application filed",
        "activity_stage": "applied",
        "address": "4343 Clary Blvd Kansas City, MO 64130",
        "apply_date": "2026-03-02T21:38:13.153Z",
        "case_number": "CPDC-2026-00044",
        "category": "Partial Building Demolition - Commercial",
        "date": "2026-03-02",
        "detail_url": "https://compasskc.kcmo.org/EnerGov_Prod/SelfService#/permit/a4f2956f-2b28-44f9-932b-ac5ce047ab36",
        "external_id": "a4f2956f-2b28-44f9-932b-ac5ce047ab36",
        "geometry_source": "KCMO parcels",
        "has_parcel_polygon": true,
        "match_method": "parcel_id",
        "match_status": "matched",
        "parcel_address": "4343 Clary Blvd",
        "parcel_id": "32730",
        "post_demo_confidence": "likely",
        "post_demo_evidence": [
          {
            "application_date": "2026-04-13T10:00:27.000",
            "issue_date": "2026-04-13T00:00:00.000",
            "project": "Custom Truck One Source",
            "record_number": "CISI-2026-00207",
            "record_type": "CPPU - Special Inspections",
            "relation": "likely_redevelopment",
            "source": "Open Data KC City Issued Permits",
            "status": "Approved",
            "work_class": "City Special Inspections"
          }
        ],
        "post_demo_last_checked": "2026-05-29T17:52:47Z",
        "post_demo_status": "likely_redevelopment",
        "post_demo_summary": "A same-parcel public permit filed near or after this demolition record shows site or redevelopment activity.",
        "record_id": "case:a4f2956f-2b28-44f9-932b-ac5ce047ab36",
        "record_type": "Partial Building Demolition - Commercial",
        "replacement_use": "unknown",
        "status": "Awaiting Customer Response",
        "timing_note": "CompassKC lists the application date; an actual demolition date was not posted.",
        "year": "2026"
      },
      "type": "Feature"
    },
    {
      "geometry": {
        "coordinates": [
          [
            [
              -94.49522379802,
              39.17313930717095
            ],
            [
              -94.49764320044991,
              39.17318875772007
            ],
            [
              -94.50042780011425,
              39.17217940186538
            ],
            [
              -94.50019107520058,
              39.17157122343392
            ],
            [
              -94.4993117355308,
              39.17124100628561
            ],
            [
              -94.49927838776327,
              39.17075544536271
            ],
            [
              -94.49856381573463,
              39.17050750998747
            ],
            [
              -94.49783538539948,
              39.170276908743645
            ],
            [
              -94.49826013085223,
              39.169497910243464
            ],
            [
              -94.49717062904772,
              39.16911688639237
            ],
            [
              -94.49665794522629,
              39.17002245009891
            ],
            [
              -94.49577903052219,
              39.169832582738955
            ],
            [
              -94.49529771291313,
              39.17070099112259
            ],
            [
              -94.49527231130419,
              39.17076935620431
            ],
            [
              -94.49525984213882,
              39.170850100683154
            ],
            [
              -94.49522379802,
              39.17313930717095
            ]
          ]
        ],
        "type": "Polygon"
      },
      "properties": {
        "activity_date": "2026-03-02T16:43:04.32Z",
        "activity_date_basis": "issue_date",
        "activity_date_label": "Permit issued",
        "activity_stage": "issued",
        "address": "4300 N Corrington Ave Kansas City, MO 64117",
        "apply_date": "2026-02-24T18:48:17.763Z",
        "case_number": "CPDC-2026-00042",
        "category": "Pre-Demolition Inspection - Commercial",
        "date": "2026-03-02T16:43:04.32Z",
        "detail_url": "https://compasskc.kcmo.org/EnerGov_Prod/SelfService#/permit/1be964d5-e130-4a40-bbc2-b8b199b12e9e",
        "external_id": "1be964d5-e130-4a40-bbc2-b8b199b12e9e",
        "final_date": "2026-04-20T20:47:54Z",
        "geometry_source": "KCMO parcels",
        "has_parcel_polygon": true,
        "issue_date": "2026-03-02T16:43:04.32Z",
        "match_method": "parcel_id",
        "match_status": "matched",
        "parcel_address": "4300 N Corrington Ave",
        "parcel_id": "172860",
        "post_demo_confidence": "unknown",
        "post_demo_evidence": [
          {
            "application_date": "2026-02-11T12:32:34.000",
            "issue_date": "2026-02-17T12:57:02.390",
            "project": "",
            "record_number": "PW-H-2026-00024",
            "record_type": "PW - Hauling",
            "relation": "demolition_prep_or_utility",
            "source": "Open Data KC City Issued Permits",
            "status": "Issued",
            "work_class": "Hauling"
          }
        ],
        "post_demo_last_checked": "2026-05-29T17:52:47Z",
        "post_demo_status": "utility_prep_only",
        "post_demo_summary": "Recent same-parcel public records show utility, excavation, hauling or other prep work, but no replacement or reuse permit was found.",
        "record_id": "case:1be964d5-e130-4a40-bbc2-b8b199b12e9e",
        "record_type": "Pre-Demolition Inspection - Commercial",
        "replacement_use": "infrastructure_only",
        "status": "Closed",
        "timing_note": "CompassKC lists the permit issue date; an actual demolition date was not posted.",
        "year": "2026"
      },
      "type": "Feature"
    },
    {
      "geometry": {
        "coordinates": [
          [
            [
              -94.49522379802,
              39.17313930717095
            ],
            [
              -94.49764320044991,
              39.17318875772007
            ],
            [
              -94.50042780011425,
              39.17217940186538
            ],
            [
              -94.50019107520058,
              39.17157122343392
            ],
            [
              -94.4993117355308,
              39.17124100628561
            ],
            [
              -94.49927838776327,
              39.17075544536271
            ],
            [
              -94.49856381573463,
              39.17050750998747
            ],
            [
              -94.49783538539948,
              39.170276908743645
            ],
            [
              -94.49826013085223,
              39.169497910243464
            ],
            [
              -94.49717062904772,
              39.16911688639237
            ],
            [
              -94.49665794522629,
              39.17002245009891
            ],
            [
              -94.49577903052219,
              39.169832582738955
            ],
            [
              -94.49529771291313,
              39.17070099112259
            ],
            [
              -94.49527231130419,
              39.17076935620431
            ],
            [
              -94.49525984213882,
              39.170850100683154
            ],
            [
              -94.49522379802,
              39.17313930717095
            ]
          ]
        ],
        "type": "Polygon"
      },
      "properties": {
        "activity_date": "2026-03-03",
        "activity_date_basis": "issue_date",
        "activity_date_label": "Permit issued",
        "activity_stage": "issued",
        "address": "4300 N Corrington Ave Kansas City, MO 64117",
        "apply_date": "2026-03-03T19:15:29Z",
        "case_number": "CPDC-2026-00045",
        "category": "Complete Building Demolition - Commercial",
        "date": "2026-03-03",
        "detail_url": "https://compasskc.kcmo.org/EnerGov_Prod/SelfService#/permit/daff242b-d436-4842-807e-8e19c4e84141",
        "external_id": "daff242b-d436-4842-807e-8e19c4e84141",
        "final_date": "2026-04-20T20:47:20Z",
        "geometry_source": "KCMO parcels",
        "has_parcel_polygon": true,
        "issue_date": "2026-03-03T19:52:04.203Z",
        "match_method": "parcel_id",
        "match_status": "matched",
        "parcel_address": "4300 N Corrington Ave",
        "parcel_id": "172860",
        "post_demo_confidence": "unknown",
        "post_demo_evidence": [
          {
            "application_date": "2026-02-11T12:32:34.000",
            "issue_date": "2026-02-17T12:57:02.390",
            "project": "",
            "record_number": "PW-H-2026-00024",
            "record_type": "PW - Hauling",
            "relation": "demolition_prep_or_utility",
            "source": "Open Data KC City Issued Permits",
            "status": "Issued",
            "work_class": "Hauling"
          }
        ],
        "post_demo_last_checked": "2026-05-29T17:52:47Z",
        "post_demo_status": "utility_prep_only",
        "post_demo_summary": "Recent same-parcel public records show utility, excavation, hauling or other prep work, but no replacement or reuse permit was found.",
        "record_id": "case:daff242b-d436-4842-807e-8e19c4e84141",
        "record_type": "Complete Building Demolition - Commercial",
        "replacement_use": "infrastructure_only",
        "status": "Closed",
        "story_angle_clues": [
          {
            "angle": "Recognizable place",
            "context": "Demo of old church",
            "field": "project description",
            "matched_text": "church"
          }
        ],
        "story_angles": [
          "Recognizable place"
        ],
        "timing_note": "CompassKC lists the permit issue date; an actual demolition date was not posted.",
        "year": "2026"
      },
      "type": "Feature"
    },
    {
      "geometry": {
        "coordinates": [
          [
            [
              -94.55428612324287,
              39.07906724474213
            ],
            [
              -94.55414550602015,
              39.079062435369984
            ],
            [
              -94.55413923751351,
              39.0791964744269
            ],
            [
              -94.55427979780927,
              39.079201350759135
            ],
            [
              -94.55428612324287,
              39.07906724474213
            ]
          ]
        ],
        "type": "Polygon"
      },
      "properties": {
        "activity_date": "2026-03-03",
        "activity_date_basis": "issue_date",
        "activity_date_label": "Permit issued",
        "activity_stage": "issued",
        "address": "2410 E 26th St Kansas City, MO 64127",
        "apply_date": "2026-02-21T05:43:04.757Z",
        "case_number": "CPDR-2026-00027",
        "category": "Complete Building or Structure Demolition - Residential",
        "date": "2026-03-03",
        "detail_url": "https://compasskc.kcmo.org/EnerGov_Prod/SelfService#/permit/bdda5161-1c08-4662-8989-0bfa55ceec6c",
        "external_id": "bdda5161-1c08-4662-8989-0bfa55ceec6c",
        "final_date": "2026-03-20T05:00:00Z",
        "geometry_source": "KCMO parcels",
        "has_parcel_polygon": true,
        "issue_date": "2026-03-03T15:34:04.767Z",
        "match_method": "parcel_id",
        "match_status": "matched",
        "parcel_address": "2410 E 26th St",
        "parcel_id": "14676",
        "post_demo_confidence": "unknown",
        "post_demo_evidence": [
          {
            "application_date": "2026-02-10T21:20:48.210",
            "issue_date": "2026-02-12T19:56:14.157",
            "project": "",
            "record_number": "PW-H-2026-00019",
            "record_type": "PW - Hauling",
            "relation": "demolition_prep_or_utility",
            "source": "Open Data KC City Issued Permits",
            "status": "Issued",
            "work_class": "Hauling"
          }
        ],
        "post_demo_last_checked": "2026-05-29T17:52:47Z",
        "post_demo_status": "utility_prep_only",
        "post_demo_summary": "Recent same-parcel public records show utility, excavation, hauling or other prep work, but no replacement or reuse permit was found.",
        "record_id": "case:bdda5161-1c08-4662-8989-0bfa55ceec6c",
        "record_type": "Complete Building or Structure Demolition - Residential",
        "replacement_use": "infrastructure_only",
        "status": "Closed",
        "timing_note": "CompassKC lists the permit issue date; an actual demolition date was not posted.",
        "year": "2026"
      },
      "type": "Feature"
    },
    {
      "geometry": {
        "coordinates": [
          [
            [
              -94.54254040869353,
              39.10356964542027
            ],
            [
              -94.54206986759262,
              39.10355228898435
            ],
            [
              -94.54206255152754,
              39.103695136271895
            ],
            [
              -94.54253303546818,
              39.10371230914014
            ],
            [
              -94.54254040869353,
              39.10356964542027
            ]
          ]
        ],
        "type": "Polygon"
      },
      "properties": {
        "activity_date": "2026-03-03",
        "activity_date_basis": "issue_date",
        "activity_date_label": "Permit issued",
        "activity_stage": "issued",
        "address": "712 Indiana Ave Kansas City, MO 64124",
        "apply_date": "2026-02-26T05:10:44.533Z",
        "case_number": "CPDR-2026-00033",
        "category": "Complete Building or Structure Demolition - Residential",
        "date": "2026-03-03",
        "detail_url": "https://compasskc.kcmo.org/EnerGov_Prod/SelfService#/permit/eb3309bc-5eda-48b2-af17-7c4eb2fdea9c",
        "external_id": "eb3309bc-5eda-48b2-af17-7c4eb2fdea9c",
        "final_date": "2026-03-13T05:00:00Z",
        "geometry_source": "KCMO parcels",
        "has_parcel_polygon": true,
        "issue_date": "2026-03-03T15:34:09.997Z",
        "match_method": "parcel_id",
        "match_status": "matched",
        "parcel_address": "712 Indiana Ave",
        "parcel_id": "10319",
        "post_demo_confidence": "unknown",
        "post_demo_evidence": [
          {
            "application_date": "2026-02-18T13:01:30.000",
            "issue_date": "2026-02-18T21:24:02.160",
            "project": "17620",
            "record_number": "WS-E-162633",
            "record_type": "WS - Existing Service",
            "relation": "demolition_prep_or_utility",
            "source": "Open Data KC City Issued Permits",
            "status": "Issued",
            "work_class": "Kill Water Service at Main"
          },
          {
            "application_date": "2026-02-18T12:39:25.000",
            "issue_date": "2026-02-19T08:40:08.000",
            "project": "17620",
            "record_number": "PW-EXC-2026-00540",
            "record_type": "PW - Excavation",
            "relation": "demolition_prep_or_utility",
            "source": "Open Data KC City Issued Permits",
            "status": "Issued",
            "work_class": "Water Main/Pipeline"
          },
          {
            "application_date": "2026-02-10T21:25:46.700",
            "issue_date": "2026-02-12T19:56:19.600",
            "project": "",
            "record_number": "PW-H-2026-00020",
            "record_type": "PW - Hauling",
            "relation": "demolition_prep_or_utility",
            "source": "Open Data KC City Issued Permits",
            "status": "Issued",
            "work_class": "Hauling"
          }
        ],
        "post_demo_last_checked": "2026-05-29T17:52:47Z",
        "post_demo_status": "utility_prep_only",
        "post_demo_summary": "Recent same-parcel public records show utility, excavation, hauling or other prep work, but no replacement or reuse permit was found.",
        "record_id": "case:eb3309bc-5eda-48b2-af17-7c4eb2fdea9c",
        "record_type": "Complete Building or Structure Demolition - Residential",
        "replacement_use": "infrastructure_only",
        "status": "Closed",
        "timing_note": "CompassKC lists the permit issue date; an actual demolition date was not posted.",
        "year": "2026"
      },
      "type": "Feature"
    },
    {
      "geometry": {
        "coordinates": [
          [
            [
              -94.49443096244205,
              39.03652061440979
            ],
            [
              -94.49419669938652,
              39.03649133883352
            ],
            [
              -94.49417869044319,
              39.03680055100396
            ],
            [
              -94.49441201456501,
              39.03683474711659
            ],
            [
              -94.49443096244205,
              39.03652061440979
            ]
          ]
        ],
        "type": "Polygon"
      },
      "properties": {
        "activity_date": "2026-03-03",
        "activity_date_basis": "issue_date",
        "activity_date_label": "Permit issued",
        "activity_stage": "issued",
        "address": "7800 E 48th Ter Kansas City, MO 64132",
        "apply_date": "2026-02-28T02:15:11.267Z",
        "case_number": "CPDR-2026-00040",
        "category": "Complete Building or Structure Demolition - Residential",
        "date": "2026-03-03",
        "detail_url": "https://compasskc.kcmo.org/EnerGov_Prod/SelfService#/permit/7ffdc33f-ac1a-4286-a11d-6991e9ab3ae2",
        "external_id": "7ffdc33f-ac1a-4286-a11d-6991e9ab3ae2",
        "final_date": "2026-03-07T06:00:00Z",
        "geometry_source": "KCMO parcels",
        "has_parcel_polygon": true,
        "issue_date": "2026-03-03T15:34:07.897Z",
        "match_method": "parcel_id",
        "match_status": "matched",
        "parcel_address": "7800 E 48th Ter",
        "parcel_id": "50433",
        "post_demo_confidence": "unknown",
        "post_demo_evidence": [
          {
            "application_date": "2026-02-11T15:38:51.000",
            "issue_date": "2026-02-12T19:56:02.203",
            "project": "21594",
            "record_number": "WS-E-162612",
            "record_type": "WS - Existing Service",
            "relation": "demolition_prep_or_utility",
            "source": "Open Data KC City Issued Permits",
            "status": "Issued",
            "work_class": "Kill Water Service at Main"
          },
          {
            "application_date": "2026-02-11T15:37:26.000",
            "issue_date": "2026-02-12T19:56:09.910",
            "project": "21594",
            "record_number": "PW-EXC-2026-00459",
            "record_type": "PW - Excavation",
            "relation": "demolition_prep_or_utility",
            "source": "Open Data KC City Issued Permits",
            "status": "Closed",
            "work_class": "Water Main/Pipeline"
          },
          {
            "application_date": "2026-02-10T21:11:59.220",
            "issue_date": "2026-02-12T19:56:21.800",
            "project": "",
            "record_number": "PW-H-2026-00018",
            "record_type": "PW - Hauling",
            "relation": "demolition_prep_or_utility",
            "source": "Open Data KC City Issued Permits",
            "status": "Issued",
            "work_class": "Hauling"
          }
        ],
        "post_demo_last_checked": "2026-05-29T17:52:47Z",
        "post_demo_status": "utility_prep_only",
        "post_demo_summary": "Recent same-parcel public records show utility, excavation, hauling or other prep work, but no replacement or reuse permit was found.",
        "record_id": "case:7ffdc33f-ac1a-4286-a11d-6991e9ab3ae2",
        "record_type": "Complete Building or Structure Demolition - Residential",
        "replacement_use": "infrastructure_only",
        "status": "Closed",
        "timing_note": "CompassKC lists the permit issue date; an actual demolition date was not posted.",
        "year": "2026"
      },
      "type": "Feature"
    },
    {
      "geometry": {
        "coordinates": [
          [
            [
              -94.51332958871409,
              38.955193313086305
            ],
            [
              -94.5126146142477,
              38.95518845076572
            ],
            [
              -94.51255645853144,
              38.95543783992281
            ],
            [
              -94.5124811315981,
              38.95619466859449
            ],
            [
              -94.51323641463932,
              38.95622124205453
            ],
            [
              -94.5132828243213,
              38.95553834555225
            ],
            [
              -94.51326081634491,
              38.955537844666935
            ],
            [
              -94.51332958871409,
              38.955193313086305
            ]
          ]
        ],
        "type": "Polygon"
      },
      "properties": {
        "activity_date": "2026-03-04",
        "activity_date_basis": "issue_date",
        "activity_date_label": "Permit issued",
        "activity_stage": "issued",
        "address": "6601 E 93rd St Kansas City, MO 64138",
        "apply_date": "2026-03-03T20:19:52.577Z",
        "case_number": "CPDR-2026-00043",
        "category": "Complete Building or Structure Demolition - Residential",
        "date": "2026-03-04",
        "detail_url": "https://compasskc.kcmo.org/EnerGov_Prod/SelfService#/permit/28cdaba4-8d7c-405f-839c-fe4f1da7cbfe",
        "external_id": "28cdaba4-8d7c-405f-839c-fe4f1da7cbfe",
        "geometry_source": "KCMO parcels",
        "has_parcel_polygon": true,
        "issue_date": "2026-03-04T17:03:08.797Z",
        "match_method": "parcel_id",
        "match_status": "matched",
        "parcel_address": "6601 E 93rd St",
        "parcel_id": "222006",
        "post_demo_confidence": "unknown",
        "post_demo_evidence": [
          {
            "application_date": "2026-03-02T10:59:57.793",
            "issue_date": "2026-03-03T13:01:03.767",
            "project": "",
            "record_number": "PW-H-2026-00037",
            "record_type": "PW - Hauling",
            "relation": "demolition_prep_or_utility",
            "source": "Open Data KC City Issued Permits",
            "status": "Issued",
            "work_class": "Hauling"
          },
          {
            "application_date": "2026-01-30T10:05:01.000",
            "issue_date": "2026-02-02T13:23:03.787",
            "project": "129510",
            "record_number": "WS-E-162566",
            "record_type": "WS - Existing Service",
            "relation": "demolition_prep_or_utility",
            "source": "Open Data KC City Issued Permits",
            "status": "Issued",
            "work_class": "Kill Water Service at Main"
          },
          {
            "application_date": "2026-01-30T09:46:14.000",
            "issue_date": "2026-02-02T13:19:02.630",
            "project": "129510",
            "record_number": "PW-EXC-2026-00341",
            "record_type": "PW - Excavation",
            "relation": "demolition_prep_or_utility",
            "source": "Open Data KC City Issued Permits",
            "status": "Closed",
            "work_class": "Water Main/Pipeline"
          }
        ],
        "post_demo_last_checked": "2026-05-29T17:52:47Z",
        "post_demo_status": "utility_prep_only",
        "post_demo_summary": "Recent same-parcel public records show utility, excavation, hauling or other prep work, but no replacement or reuse permit was found.",
        "record_id": "case:28cdaba4-8d7c-405f-839c-fe4f1da7cbfe",
        "record_type": "Complete Building or Structure Demolition - Residential",
        "replacement_use": "infrastructure_only",
        "status": "Issued",
        "story_angle_clues": [
          {
            "angle": "Dangerous building",
            "context": "Residential demolition of dangerous building",
            "field": "project description",
            "matched_text": "dangerous"
          }
        ],
        "story_angles": [
          "Dangerous building"
        ],
        "timing_note": "CompassKC lists the permit issue date; an actual demolition date was not posted.",
        "year": "2026"
      },
      "type": "Feature"
    },
    {
      "geometry": {
        "coordinates": [
          [
            [
              -94.5949935063123,
              39.01147399711392
            ],
            [
              -94.59460961035425,
              39.011456004230496
            ],
            [
              -94.59459398898272,
              39.011617899651874
            ],
            [
              -94.59497867689952,
              39.011635319915186
            ],
            [
              -94.5949935063123,
              39.01147399711392
            ]
          ]
        ],
        "type": "Polygon"
      },
      "properties": {
        "activity_date": "2026-03-05T21:57:02.56Z",
        "activity_date_basis": "issue_date",
        "activity_date_label": "Permit issued",
        "activity_stage": "issued",
        "address": "6415 Washington St Kansas City, MO 64113",
        "apply_date": "2026-02-23T16:02:14.883Z",
        "case_number": "CPDR-2026-00028",
        "category": "Complete Building or Structure Demolition - Residential",
        "date": "2026-03-05T21:57:02.56Z",
        "detail_url": "https://compasskc.kcmo.org/EnerGov_Prod/SelfService#/permit/c4a9a600-e2ce-422e-ba18-baf04cb7659d",
        "external_id": "c4a9a600-e2ce-422e-ba18-baf04cb7659d",
        "final_date": "2026-04-01T20:41:13Z",
        "geometry_source": "KCMO parcels",
        "has_parcel_polygon": true,
        "issue_date": "2026-03-05T21:57:02.56Z",
        "match_method": "parcel_id",
        "match_status": "matched",
        "parcel_address": "6415 Washington St",
        "parcel_id": "109050",
        "post_demo_confidence": "unknown",
        "post_demo_evidence": [
          {
            "application_date": "2026-04-14T11:15:33.000",
            "issue_date": "2026-04-15T12:05:06.203",
            "project": "67352",
            "record_number": "PW-EXC-2026-01316",
            "record_type": "PW - Excavation",
            "relation": "demolition_prep_or_utility",
            "source": "Open Data KC City Issued Permits",
            "status": "Closed",
            "work_class": "Sanitary Sewer"
          },
          {
            "application_date": "2026-04-14T11:14:30.000",
            "issue_date": "2026-04-24T14:26:02.330",
            "project": "67352",
            "record_number": "WS-E-162810",
            "record_type": "WS - Existing Service",
            "relation": "demolition_prep_or_utility",
            "source": "Open Data KC City Issued Permits",
            "status": "Issued",
            "work_class": "Repair Sanitary Sewer Service Line"
          },
          {
            "application_date": "2026-04-13T11:56:42.920",
            "issue_date": "2026-04-27T09:01:34.000",
            "project": "67352",
            "record_number": "WS-PW-PR-2026-00662",
            "record_type": "WS-PW-PR New Connection - Kills - Repairs - Coord",
            "relation": "demolition_prep_or_utility",
            "source": "Open Data KC City Issued Permits",
            "status": "Issued",
            "work_class": "Sanitary Sewer Lines - New/Repair"
          }
        ],
        "post_demo_last_checked": "2026-05-29T17:52:47Z",
        "post_demo_status": "utility_prep_only",
        "post_demo_summary": "Recent same-parcel public records show utility, excavation, hauling or other prep work, but no replacement or reuse permit was found.",
        "record_id": "case:c4a9a600-e2ce-422e-ba18-baf04cb7659d",
        "record_type": "Complete Building or Structure Demolition - Residential",
        "replacement_use": "infrastructure_only",
        "status": "Closed",
        "timing_note": "CompassKC lists the permit issue date; an actual demolition date was not posted.",
        "year": "2026"
      },
      "type": "Feature"
    },
    {
      "geometry": {
        "coordinates": [
          [
            [
              -94.47942973706867,
              38.96236583160177
            ],
            [
              -94.4790112587025,
              38.962350196707035
            ],
            [
              -94.47899854217323,
              38.962538714057295
            ],
            [
              -94.4794244655468,
              38.9625551946276
            ],
            [
              -94.47942973706867,
              38.96236583160177
            ]
          ]
        ],
        "type": "Polygon"
      },
      "properties": {
        "activity_date": "2026-03-09",
        "activity_date_basis": "final_date",
        "activity_date_label": "Permit finalized",
        "activity_stage": "complete",
        "address": "8841 Lane Ave Kansas City, MO 64138",
        "apply_date": "2026-03-02T22:01:40.653Z",
        "case_number": "CPDR-2026-00041",
        "category": "Pre-Demolition Inspection - Residential",
        "date": "2026-03-09",
        "detail_url": "https://compasskc.kcmo.org/EnerGov_Prod/SelfService#/permit/7cd31adc-bd91-49d5-a234-0bff356867b9",
        "external_id": "7cd31adc-bd91-49d5-a234-0bff356867b9",
        "final_date": "2026-03-09T17:19:53Z",
        "geometry_source": "KCMO parcels",
        "has_parcel_polygon": true,
        "match_method": "parcel_id",
        "match_status": "matched",
        "parcel_address": "8841 Lane Ave",
        "parcel_id": "66446",
        "post_demo_confidence": "unknown",
        "post_demo_last_checked": "2026-05-29T17:52:47Z",
        "post_demo_status": "no_public_followup_found",
        "post_demo_summary": "No same-parcel replacement or redevelopment permit was found in public permit history yet.",
        "record_id": "case:7cd31adc-bd91-49d5-a234-0bff356867b9",
        "record_type": "Pre-Demolition Inspection - Residential",
        "replacement_use": "unknown",
        "status": "Voided-City",
        "story_angle_clues": [
          {
            "angle": "Dangerous building",
            "context": "Demolition of unsafe structures - Deck & Pergola. Call 4797152049 with questions & concerns.",
            "field": "project description",
            "matched_text": "unsafe"
          }
        ],
        "story_angles": [
          "Dangerous building"
        ],
        "timing_note": "CompassKC lists a final/completion date; an actual demolition date was not posted.",
        "year": "2026"
      },
      "type": "Feature"
    },
    {
      "geometry": {
        "coordinates": [
          [
            [
              -94.47942973706867,
              38.96236583160177
            ],
            [
              -94.4790112587025,
              38.962350196707035
            ],
            [
              -94.47899854217323,
              38.962538714057295
            ],
            [
              -94.4794244655468,
              38.9625551946276
            ],
            [
              -94.47942973706867,
              38.96236583160177
            ]
          ]
        ],
        "type": "Polygon"
      },
      "properties": {
        "activity_date": "2026-03-09T18:18:02.53Z",
        "activity_date_basis": "issue_date",
        "activity_date_label": "Permit issued",
        "activity_stage": "issued",
        "address": "8841 Lane Ave Kansas City, MO 64138",
        "apply_date": "2026-03-02T22:03:07.003Z",
        "case_number": "CPDR-2026-00042",
        "category": "Complete Building or Structure Demolition - Residential",
        "date": "2026-03-09T18:18:02.53Z",
        "detail_url": "https://compasskc.kcmo.org/EnerGov_Prod/SelfService#/permit/be1d1daf-db02-4ed3-8576-3f0c59dd6b04",
        "external_id": "be1d1daf-db02-4ed3-8576-3f0c59dd6b04",
        "geometry_source": "KCMO parcels",
        "has_parcel_polygon": true,
        "issue_date": "2026-03-09T18:18:02.53Z",
        "match_method": "parcel_id",
        "match_status": "matched",
        "parcel_address": "8841 Lane Ave",
        "parcel_id": "66446",
        "post_demo_confidence": "unknown",
        "post_demo_last_checked": "2026-05-29T17:52:47Z",
        "post_demo_status": "no_public_followup_found",
        "post_demo_summary": "No same-parcel replacement or redevelopment permit was found in public permit history yet.",
        "record_id": "case:be1d1daf-db02-4ed3-8576-3f0c59dd6b04",
        "record_type": "Complete Building or Structure Demolition - Residential",
        "replacement_use": "unknown",
        "status": "Issued",
        "story_angle_clues": [
          {
            "angle": "Dangerous building",
            "context": "Demolition of unsafe structures - Deck & Pergola. Call 4797152049 with questions & concerns.",
            "field": "project description",
            "matched_text": "unsafe"
          }
        ],
        "story_angles": [
          "Dangerous building"
        ],
        "timing_note": "CompassKC lists the permit issue date; an actual demolition date was not posted.",
        "year": "2026"
      },
      "type": "Feature"
    },
    {
      "geometry": {
        "coordinates": [
          [
            [
              -94.51965461404984,
              39.18432696522313
            ],
            [
              -94.51929023329382,
              39.18399359059221
            ],
            [
              -94.51910313837081,
              39.18411811289663
            ],
            [
              -94.5194670204437,
              39.184451054033914
            ],
            [
              -94.51965461404984,
              39.18432696522313
            ]
          ]
        ],
        "type": "Polygon"
      },
      "properties": {
        "activity_date": "2026-03-10",
        "activity_date_basis": "final_date",
        "activity_date_label": "Permit finalized",
        "activity_stage": "complete",
        "address": "5114 NE Barnes Ave Kansas City, MO 64119",
        "apply_date": "2026-03-05T21:50:38.507Z",
        "case_number": "CPDC-2026-00047",
        "category": "Partial Building Demolition - Commercial",
        "date": "2026-03-10",
        "detail_url": "https://compasskc.kcmo.org/EnerGov_Prod/SelfService#/permit/1f758de0-b45b-450f-8f89-c6a7751b40e5",
        "external_id": "1f758de0-b45b-450f-8f89-c6a7751b40e5",
        "final_date": "2026-03-10T14:50:22Z",
        "geometry_source": "KCMO parcels",
        "has_parcel_polygon": true,
        "match_method": "parcel_id",
        "match_status": "matched",
        "parcel_address": "5114 NE Barnes Ave",
        "parcel_id": "81469",
        "post_demo_confidence": "unknown",
        "post_demo_evidence": [
          {
            "application_date": "2026-05-21T16:26:41.133",
            "issue_date": "2026-05-27T13:14:03.813",
            "project": "",
            "record_number": "PW-H-2026-00084",
            "record_type": "PW - Hauling",
            "relation": "demolition_prep_or_utility",
            "source": "Open Data KC City Issued Permits",
            "status": "Issued",
            "work_class": "Hauling"
          }
        ],
        "post_demo_last_checked": "2026-05-29T17:52:47Z",
        "post_demo_status": "utility_prep_only",
        "post_demo_summary": "Recent same-parcel public records show utility, excavation, hauling or other prep work, but no replacement or reuse permit was found.",
        "record_id": "case:1f758de0-b45b-450f-8f89-c6a7751b40e5",
        "record_type": "Partial Building Demolition - Commercial",
        "replacement_use": "infrastructure_only",
        "status": "Voided-City",
        "timing_note": "CompassKC lists a final/completion date; an actual demolition date was not posted.",
        "year": "2026"
      },
      "type": "Feature"
    },
    {
      "geometry": {
        "coordinates": [
          [
            [
              -94.55346496627173,
              39.11790580929402
            ],
            [
              -94.55346408444595,
              39.11792435730222
            ],
            [
              -94.55344835682864,
              39.11825521771847
            ],
            [
              -94.5535268251374,
              39.118238891858745
            ],
            [
              -94.5535482914672,
              39.11788838063354
            ],
            [
              -94.55346496627173,
              39.11790580929402
            ]
          ]
        ],
        "type": "Polygon"
      },
      "properties": {
        "activity_date": "2026-03-10",
        "activity_date_basis": "issue_date",
        "activity_date_label": "Permit issued",
        "activity_stage": "issued",
        "address": "2401 Guinotte Ave Kansas City, MO 64120",
        "apply_date": "2026-02-24T15:40:15.777Z",
        "case_number": "CPDR-2026-00031",
        "category": "Complete Building or Structure Demolition - Residential",
        "date": "2026-03-10",
        "detail_url": "https://compasskc.kcmo.org/EnerGov_Prod/SelfService#/permit/d2091572-0f2b-48bf-aaff-aef63cb13cd4",
        "external_id": "d2091572-0f2b-48bf-aaff-aef63cb13cd4",
        "final_date": "2026-04-07T05:00:00Z",
        "geometry_source": "KCMO parcels",
        "has_parcel_polygon": true,
        "issue_date": "2026-03-10T13:41:02.527Z",
        "match_method": "parcel_id",
        "match_status": "matched",
        "parcel_address": "2401 Guinotte Ave",
        "parcel_id": "39515",
        "post_demo_confidence": "unknown",
        "post_demo_evidence": [
          {
            "application_date": "2026-02-23T11:27:57.010",
            "issue_date": "2026-02-23T12:47:02.717",
            "project": "",
            "record_number": "PW-H-2026-00029",
            "record_type": "PW - Hauling",
            "relation": "demolition_prep_or_utility",
            "source": "Open Data KC City Issued Permits",
            "status": "Issued",
            "work_class": "Hauling"
          },
          {
            "application_date": "2026-02-06T09:11:43.000",
            "issue_date": "2026-02-09T08:23:02.240",
            "project": "99022",
            "record_number": "WS-E-162597",
            "record_type": "WS - Existing Service",
            "relation": "demolition_prep_or_utility",
            "source": "Open Data KC City Issued Permits",
            "status": "Issued",
            "work_class": "Kill Water Service at Main"
          },
          {
            "application_date": "2026-02-06T09:11:16.000",
            "issue_date": "2026-02-09T08:23:08.510",
            "project": "99022",
            "record_number": "PW-EXC-2026-00405",
            "record_type": "PW - Excavation",
            "relation": "demolition_prep_or_utility",
            "source": "Open Data KC City Issued Permits",
            "status": "Closed",
            "work_class": "Water Main/Pipeline"
          }
        ],
        "post_demo_last_checked": "2026-05-29T17:52:47Z",
        "post_demo_status": "utility_prep_only",
        "post_demo_summary": "Recent same-parcel public records show utility, excavation, hauling or other prep work, but no replacement or reuse permit was found.",
        "record_id": "case:d2091572-0f2b-48bf-aaff-aef63cb13cd4",
        "record_type": "Complete Building or Structure Demolition - Residential",
        "replacement_use": "infrastructure_only",
        "status": "Closed",
        "timing_note": "CompassKC lists the permit issue date; an actual demolition date was not posted.",
        "year": "2026"
      },
      "type": "Feature"
    },
    {
      "geometry": {
        "coordinates": [
          [
            [
              -94.60557217953752,
              38.984999062662915
            ],
            [
              -94.60628328762627,
              38.98502029322505
            ],
            [
              -94.6063127152148,
              38.98441510147041
            ],
            [
              -94.60560199301811,
              38.98438610887832
            ],
            [
              -94.60557217953752,
              38.984999062662915
            ]
          ],
          [
            [
              -94.60585964383418,
              38.98490923001297
            ],
            [
              -94.60586314913967,
              38.98483720730474
            ],
            [
              -94.6061302549261,
              38.98484512466288
            ],
            [
              -94.60612674989432,
              38.9849171496668
            ],
            [
              -94.60585964383418,
              38.98490923001297
            ]
          ]
        ],
        "type": "Polygon"
      },
      "properties": {
        "activity_date": "2026-03-10",
        "activity_date_basis": "issue_date",
        "activity_date_label": "Permit issued",
        "activity_stage": "issued",
        "address": "7910 Mercier St Kansas City, MO 64114",
        "apply_date": "2026-03-10T13:30:33.467Z",
        "case_number": "CPDR-2026-00048",
        "category": "Complete Building or Structure Demolition - Residential",
        "date": "2026-03-10",
        "detail_url": "https://compasskc.kcmo.org/EnerGov_Prod/SelfService#/permit/8f4d5a11-4d19-4a22-b1b9-821f5f43a552",
        "external_id": "8f4d5a11-4d19-4a22-b1b9-821f5f43a552",
        "final_date": "2026-03-27T05:00:00Z",
        "geometry_source": "KCMO parcels",
        "has_parcel_polygon": true,
        "issue_date": "2026-03-10T19:53:04.197Z",
        "match_method": "parcel_id",
        "match_status": "matched",
        "parcel_address": "7921 Ward Pkwy",
        "parcel_id": "295203",
        "post_demo_confidence": "confirmed",
        "post_demo_evidence": [
          {
            "application_date": "2025-10-21T09:34:57.060",
            "issue_date": "2025-10-24T12:16:06.413",
            "project": "Fareway Meat Market on Ward Parkway",
            "record_number": "CPBC-2025-00928",
            "record_type": "CPPU - Building (Commercial)",
            "relation": "known_replacement",
            "source": "Open Data KC City Issued Permits",
            "status": "Ready For Issuance",
            "work_class": "New"
          }
        ],
        "post_demo_last_checked": "2026-05-29T17:52:47Z",
        "post_demo_status": "known_replacement",
        "post_demo_summary": "A same-parcel public permit filed near or after this demolition record shows a new building permit.",
        "record_id": "case:8f4d5a11-4d19-4a22-b1b9-821f5f43a552",
        "record_type": "Complete Building or Structure Demolition - Residential",
        "replacement_use": "commercial_or_mixed",
        "status": "Closed",
        "timing_note": "CompassKC lists the permit issue date; an actual demolition date was not posted.",
        "year": "2026"
      },
      "type": "Feature"
    },
    {
      "geometry": {
        "coordinates": [
          [
            [
              -94.56086549026647,
              39.092764712274146
            ],
            [
              -94.55809108977019,
              39.09265105980099
            ],
            [
              -94.55800195145854,
              39.09451766786845
            ],
            [
              -94.55844891572089,
              39.09453227137076
            ],
            [
              -94.55845300854261,
              39.09444125041365
            ],
            [
              -94.5599114124573,
              39.09449183103375
            ],
            [
              -94.55989085477039,
              39.09490433507667
            ],
            [
              -94.56076238341032,
              39.09493179862377
            ],
            [
              -94.56079777258422,
              39.094188270842274
            ],
            [
              -94.55865998660187,
              39.094126353031804
            ],
            [
              -94.5585852483848,
              39.094112067280804
            ],
            [
              -94.55852197435048,
              39.094077938148644
            ],
            [
              -94.55849729111301,
              39.09405477237057
            ],
            [
              -94.55847841901414,
              39.094028514204275
            ],
            [
              -94.55846597535195,
              39.09400001164553
            ],
            [
              -94.55846007337281,
              39.09396418397674
            ],
            [
              -94.55849406745412,
              39.09313725724527
            ],
            [
              -94.55849950174255,
              39.09310549550944
            ],
            [
              -94.55851166326926,
              39.09307700291235
            ],
            [
              -94.55853025754193,
              39.0930507270867
            ],
            [
              -94.55855469582028,
              39.093027513195615
            ],
            [
              -94.5585904981406,
              39.0930047752287
            ],
            [
              -94.55862463414073,
              39.09299086890203
            ],
            [
              -94.55869967279563,
              39.09297849901385
            ],
            [
              -94.56085115779868,
              39.09306576137803
            ],
            [
              -94.56086549026647,
              39.092764712274146
            ]
          ]
        ],
        "type": "Polygon"
      },
      "properties": {
        "activity_date": "2026-03-11",
        "activity_date_basis": "issue_date",
        "activity_date_label": "Permit issued",
        "activity_stage": "issued",
        "address": "1501 Michigan Ave Kansas City, MO 64127",
        "apply_date": "2026-03-11T15:49:06.043Z",
        "case_number": "CPDC-2026-00052",
        "category": "Complete Building Demolition - Commercial",
        "date": "2026-03-11",
        "detail_url": "https://compasskc.kcmo.org/EnerGov_Prod/SelfService#/permit/d5e4532b-6ccc-4365-ac95-0ef877a00e6a",
        "external_id": "d5e4532b-6ccc-4365-ac95-0ef877a00e6a",
        "geometry_source": "KCMO parcels",
        "has_parcel_polygon": true,
        "issue_date": "2026-03-11T19:05:03.033Z",
        "match_method": "parcel_id",
        "match_status": "matched",
        "parcel_address": "1501 Woodland Ave",
        "parcel_id": "12498",
        "post_demo_confidence": "unknown",
        "post_demo_evidence": [
          {
            "application_date": "2026-04-30T07:43:57.543",
            "issue_date": "2026-04-30T14:21:45.000",
            "project": "",
            "record_number": "PW-SP-2026-00403",
            "record_type": "PW - Street Plate",
            "relation": "demolition_prep_or_utility",
            "source": "Open Data KC City Issued Permits",
            "status": "Closed",
            "work_class": "Street Plate"
          },
          {
            "application_date": "2026-04-20T07:04:28.830",
            "issue_date": "2026-04-21T09:19:48.000",
            "project": "",
            "record_number": "PW-EXC-2026-01373",
            "record_type": "PW - Excavation",
            "relation": "demolition_prep_or_utility",
            "source": "Open Data KC City Issued Permits",
            "status": "Closed",
            "work_class": "Water Main/Pipeline"
          },
          {
            "application_date": "2026-03-11T12:13:57.000",
            "issue_date": "2026-03-11T13:28:03.100",
            "project": "122885",
            "record_number": "WS-E-162706",
            "record_type": "WS - Existing Service",
            "relation": "demolition_prep_or_utility",
            "source": "Open Data KC City Issued Permits",
            "status": "Issued",
            "work_class": "Kill Water Service at Main"
          }
        ],
        "post_demo_last_checked": "2026-05-29T17:52:47Z",
        "post_demo_status": "utility_prep_only",
        "post_demo_summary": "Recent same-parcel public records show utility, excavation, hauling or other prep work, but no replacement or reuse permit was found.",
        "record_id": "case:d5e4532b-6ccc-4365-ac95-0ef877a00e6a",
        "record_type": "Complete Building Demolition - Commercial",
        "replacement_use": "infrastructure_only",
        "status": "Issued",
        "timing_note": "CompassKC lists the permit issue date; an actual demolition date was not posted.",
        "year": "2026"
      },
      "type": "Feature"
    },
    {
      "geometry": {
        "coordinates": [
          [
            [
              -94.55030687592121,
              39.104964584582156
            ],
            [
              -94.55008060191086,
              39.10495672009469
            ],
            [
              -94.55006381703083,
              39.10530691598886
            ],
            [
              -94.55028856509232,
              39.105314781738365
            ],
            [
              -94.55030687592121,
              39.104964584582156
            ]
          ]
        ],
        "type": "Polygon"
      },
      "properties": {
        "activity_date": "2026-03-11",
        "activity_date_basis": "apply_date",
        "activity_date_label": "Application filed",
        "activity_stage": "applied",
        "address": "2621 E 6th St Kansas City, MO 64124",
        "apply_date": "2026-03-11T16:32:44.163Z",
        "case_number": "CPDC-2026-00053",
        "category": "Complete Building Demolition - Commercial",
        "date": "2026-03-11",
        "detail_url": "https://compasskc.kcmo.org/EnerGov_Prod/SelfService#/permit/9b663db3-7e2c-44c6-95f9-d73ab88722b1",
        "external_id": "9b663db3-7e2c-44c6-95f9-d73ab88722b1",
        "geometry_source": "KCMO parcels",
        "has_parcel_polygon": true,
        "match_method": "parcel_id",
        "match_status": "matched",
        "parcel_address": "2621 E 6th St",
        "parcel_id": "10507",
        "post_demo_confidence": "unknown",
        "post_demo_evidence": [
          {
            "application_date": "2026-04-22T14:51:01.670",
            "issue_date": "2026-04-27T15:00:03.697",
            "project": "",
            "record_number": "PW-H-2026-00068",
            "record_type": "PW - Hauling",
            "relation": "demolition_prep_or_utility",
            "source": "Open Data KC City Issued Permits",
            "status": "Issued",
            "work_class": "Hauling"
          }
        ],
        "post_demo_last_checked": "2026-05-29T17:52:47Z",
        "post_demo_status": "utility_prep_only",
        "post_demo_summary": "Recent same-parcel public records show utility, excavation, hauling or other prep work, but no replacement or reuse permit was found.",
        "record_id": "case:9b663db3-7e2c-44c6-95f9-d73ab88722b1",
        "record_type": "Complete Building Demolition - Commercial",
        "replacement_use": "infrastructure_only",
        "status": "Awaiting Customer Response",
        "timing_note": "CompassKC lists the application date; an actual demolition date was not posted.",
        "year": "2026"
      },
      "type": "Feature"
    },
    {
      "geometry": {
        "coordinates": [
          [
            [
              -94.60072802439761,
              39.00205734024015
            ],
            [
              -94.60071566934866,
              39.001677707575524
            ],
            [
              -94.60053854735187,
              39.001694471421544
            ],
            [
              -94.60055557110573,
              39.0020786305329
            ],
            [
              -94.60072802439761,
              39.00205734024015
            ]
          ]
        ],
        "type": "Polygon"
      },
      "properties": {
        "activity_date": "2026-03-11",
        "activity_date_basis": "final_date",
        "activity_date_label": "Permit finalized",
        "activity_stage": "complete",
        "address": "804 W 70th St Kansas City, MO 64113",
        "apply_date": "2026-03-07T04:12:43.027Z",
        "case_number": "CPDR-2026-00046",
        "category": "Complete Building or Structure Demolition - Residential",
        "date": "2026-03-11",
        "detail_url": "https://compasskc.kcmo.org/EnerGov_Prod/SelfService#/permit/c7f337e5-d463-4ea2-a13f-50da335e2490",
        "external_id": "c7f337e5-d463-4ea2-a13f-50da335e2490",
        "final_date": "2026-03-11T17:37:55Z",
        "geometry_source": "KCMO parcels",
        "has_parcel_polygon": true,
        "match_method": "parcel_id",
        "match_status": "matched",
        "parcel_address": "804 W 70th St",
        "parcel_id": "109766",
        "post_demo_confidence": "likely",
        "post_demo_evidence": [
          {
            "application_date": "2026-02-24T16:16:22.003",
            "issue_date": "2026-03-02T13:54:08.413",
            "project": "",
            "record_number": "CPBR-2026-00423",
            "record_type": "CPPU - Building (Residential)",
            "relation": "likely_redevelopment",
            "source": "Open Data KC City Issued Permits",
            "status": "Issued",
            "work_class": "Detached Accessory Structure"
          }
        ],
        "post_demo_last_checked": "2026-05-29T17:52:47Z",
        "post_demo_status": "likely_redevelopment",
        "post_demo_summary": "A same-parcel public permit filed near or after this demolition record shows site or redevelopment activity.",
        "record_id": "case:c7f337e5-d463-4ea2-a13f-50da335e2490",
        "record_type": "Complete Building or Structure Demolition - Residential",
        "replacement_use": "housing",
        "status": "Voided-City",
        "timing_note": "CompassKC lists a final/completion date; an actual demolition date was not posted.",
        "year": "2026"
      },
      "type": "Feature"
    },
    {
      "geometry": {
        "coordinates": [
          [
            [
              -94.55351122120281,
              39.10265541340719
            ],
            [
              -94.55259840274171,
              39.10262917278993
            ],
            [
              -94.5525791312262,
              39.10301412663051
            ],
            [
              -94.55305245798743,
              39.10302738836218
            ],
            [
              -94.55302654969768,
              39.103605068078004
            ],
            [
              -94.55346619627416,
              39.10361642203594
            ],
            [
              -94.55351122120281,
              39.10265541340719
            ]
          ]
        ],
        "type": "Polygon"
      },
      "properties": {
        "activity_date": "2026-03-11",
        "activity_date_basis": "final_date",
        "activity_date_label": "Permit finalized",
        "activity_stage": "complete",
        "address": "2410 E 9th St Kansas City, MO 64129",
        "apply_date": "2026-03-11T02:52:30.743Z",
        "case_number": "CPDR-2026-00053",
        "category": "Complete Building or Structure Demolition - Residential",
        "date": "2026-03-11",
        "detail_url": "https://compasskc.kcmo.org/EnerGov_Prod/SelfService#/permit/6ce2e89f-c9a3-44cb-b40a-bc9eade5b7f8",
        "external_id": "6ce2e89f-c9a3-44cb-b40a-bc9eade5b7f8",
        "final_date": "2026-03-11T13:49:59Z",
        "geometry_source": "KCMO parcels",
        "has_parcel_polygon": true,
        "match_method": "parcel_id",
        "match_status": "matched",
        "parcel_address": "801 Olive St",
        "parcel_id": "11656",
        "post_demo_confidence": "unknown",
        "post_demo_evidence": [
          {
            "application_date": "2026-03-06T00:40:06.570",
            "issue_date": "2026-03-10T21:23:21.043",
            "project": "",
            "record_number": "PW-H-2026-00038",
            "record_type": "PW - Hauling",
            "relation": "demolition_prep_or_utility",
            "source": "Open Data KC City Issued Permits",
            "status": "Issued",
            "work_class": "Hauling"
          },
          {
            "application_date": "2026-02-23T10:57:02.000",
            "issue_date": "2026-02-25T07:08:09.870",
            "project": "145805",
            "record_number": "WS-E-162650",
            "record_type": "WS - Existing Service",
            "relation": "demolition_prep_or_utility",
            "source": "Open Data KC City Issued Permits",
            "status": "Issued",
            "work_class": "Kill Water Service at Main"
          },
          {
            "application_date": "2026-02-23T10:56:34.000",
            "issue_date": "2026-02-25T07:08:04.237",
            "project": "145805",
            "record_number": "PW-EXC-2026-00580",
            "record_type": "PW - Excavation",
            "relation": "demolition_prep_or_utility",
            "source": "Open Data KC City Issued Permits",
            "status": "Closed",
            "work_class": "Water Main/Pipeline"
          }
        ],
        "post_demo_last_checked": "2026-05-29T17:52:47Z",
        "post_demo_status": "utility_prep_only",
        "post_demo_summary": "Recent same-parcel public records show utility, excavation, hauling or other prep work, but no replacement or reuse permit was found.",
        "record_id": "case:6ce2e89f-c9a3-44cb-b40a-bc9eade5b7f8",
        "record_type": "Complete Building or Structure Demolition - Residential",
        "replacement_use": "infrastructure_only",
        "status": "Voided-City",
        "timing_note": "CompassKC lists a final/completion date; an actual demolition date was not posted.",
        "year": "2026"
      },
      "type": "Feature"
    },
    {
      "geometry": {
        "coordinates": [
          [
            [
              -94.56084461028715,
              39.09320343807741
            ],
            [
              -94.55869550150423,
              39.0931187141592
            ],
            [
              -94.55868082816946,
              39.09312773654789
            ],
            [
              -94.5586740583016,
              39.09314302427478
            ],
            [
              -94.55864170817814,
              39.09396615203183
            ],
            [
              -94.55865405178325,
              39.09398012536814
            ],
            [
              -94.55867322983225,
              39.09398576725585
            ],
            [
              -94.56080443526773,
              39.09404773459142
            ],
            [
              -94.56084461028715,
              39.09320343807741
            ]
          ]
        ],
        "type": "Polygon"
      },
      "properties": {
        "activity_date": "2026-03-11T19:03:02.33Z",
        "activity_date_basis": "issue_date",
        "activity_date_label": "Permit issued",
        "activity_stage": "issued",
        "address": "1501 Woodland Ave Unit/Suite: BLD 1 Kansas City, MO 64127",
        "apply_date": "2026-03-11T15:45:22.88Z",
        "case_number": "CPDC-2026-00051",
        "category": "Complete Building Demolition - Commercial",
        "date": "2026-03-11T19:03:02.33Z",
        "detail_url": "https://compasskc.kcmo.org/EnerGov_Prod/SelfService#/permit/8e3fa1ee-c05a-45e5-b59d-5b48a80c9b6a",
        "external_id": "8e3fa1ee-c05a-45e5-b59d-5b48a80c9b6a",
        "geometry_source": "KCMO parcels",
        "has_parcel_polygon": true,
        "issue_date": "2026-03-11T19:03:02.33Z",
        "match_method": "parcel_id",
        "match_status": "matched",
        "parcel_address": "1801 E 15th Ter",
        "parcel_id": "12499",
        "post_demo_confidence": "weak",
        "post_demo_evidence": [
          {
            "application_date": "2026-05-11T09:58:19.733",
            "issue_date": "2026-05-11T14:44:06.000",
            "project": "",
            "record_number": "CPZ-2026-01296",
            "record_type": "CPPU - Zoning Approval",
            "relation": "weak_followup_signal",
            "source": "Open Data KC City Issued Permits",
            "status": "Issued",
            "work_class": "Zoning Compliance Letter"
          }
        ],
        "post_demo_last_checked": "2026-05-29T17:52:47Z",
        "post_demo_status": "weak_followup_signal",
        "post_demo_summary": "Recent same-parcel public records show limited follow-up activity, but not enough to identify a replacement use.",
        "record_id": "case:8e3fa1ee-c05a-45e5-b59d-5b48a80c9b6a",
        "record_type": "Complete Building Demolition - Commercial",
        "replacement_use": "unknown",
        "status": "Issued",
        "timing_note": "CompassKC lists the permit issue date; an actual demolition date was not posted.",
        "year": "2026"
      },
      "type": "Feature"
    },
    {
      "geometry": {
        "coordinates": [
          [
            [
              -94.55351122120281,
              39.10265541340719
            ],
            [
              -94.55259840274171,
              39.10262917278993
            ],
            [
              -94.5525791312262,
              39.10301412663051
            ],
            [
              -94.55305245798743,
              39.10302738836218
            ],
            [
              -94.55302654969768,
              39.103605068078004
            ],
            [
              -94.55346619627416,
              39.10361642203594
            ],
            [
              -94.55351122120281,
              39.10265541340719
            ]
          ]
        ],
        "type": "Polygon"
      },
      "properties": {
        "activity_date": "2026-03-12",
        "activity_date_basis": "issue_date",
        "activity_date_label": "Permit issued",
        "activity_stage": "issued",
        "address": "2410 E 9th St Kansas City, MO 64124",
        "apply_date": "2026-03-11T17:55:48.77Z",
        "case_number": "CPDC-2026-00054",
        "category": "Complete Building Demolition - Commercial",
        "date": "2026-03-12",
        "detail_url": "https://compasskc.kcmo.org/EnerGov_Prod/SelfService#/permit/6c3169c7-5af0-427f-80ec-2314265d829c",
        "external_id": "6c3169c7-5af0-427f-80ec-2314265d829c",
        "final_date": "2026-03-28T05:00:00Z",
        "geometry_source": "KCMO parcels",
        "has_parcel_polygon": true,
        "issue_date": "2026-03-12T14:11:10.017Z",
        "match_method": "parcel_id",
        "match_status": "matched",
        "parcel_address": "801 Olive St",
        "parcel_id": "11656",
        "post_demo_confidence": "unknown",
        "post_demo_evidence": [
          {
            "application_date": "2026-03-06T00:40:06.570",
            "issue_date": "2026-03-10T21:23:21.043",
            "project": "",
            "record_number": "PW-H-2026-00038",
            "record_type": "PW - Hauling",
            "relation": "demolition_prep_or_utility",
            "source": "Open Data KC City Issued Permits",
            "status": "Issued",
            "work_class": "Hauling"
          },
          {
            "application_date": "2026-02-23T10:57:02.000",
            "issue_date": "2026-02-25T07:08:09.870",
            "project": "145805",
            "record_number": "WS-E-162650",
            "record_type": "WS - Existing Service",
            "relation": "demolition_prep_or_utility",
            "source": "Open Data KC City Issued Permits",
            "status": "Issued",
            "work_class": "Kill Water Service at Main"
          },
          {
            "application_date": "2026-02-23T10:56:34.000",
            "issue_date": "2026-02-25T07:08:04.237",
            "project": "145805",
            "record_number": "PW-EXC-2026-00580",
            "record_type": "PW - Excavation",
            "relation": "demolition_prep_or_utility",
            "source": "Open Data KC City Issued Permits",
            "status": "Closed",
            "work_class": "Water Main/Pipeline"
          }
        ],
        "post_demo_last_checked": "2026-05-29T17:52:47Z",
        "post_demo_status": "utility_prep_only",
        "post_demo_summary": "Recent same-parcel public records show utility, excavation, hauling or other prep work, but no replacement or reuse permit was found.",
        "record_id": "case:6c3169c7-5af0-427f-80ec-2314265d829c",
        "record_type": "Complete Building Demolition - Commercial",
        "replacement_use": "infrastructure_only",
        "status": "Closed",
        "timing_note": "CompassKC lists the permit issue date; an actual demolition date was not posted.",
        "year": "2026"
      },
      "type": "Feature"
    },
    {
      "geometry": {
        "coordinates": [
          [
            [
              -94.56866495650036,
              38.98354528915164
            ],
            [
              -94.56846334124405,
              38.983537262496895
            ],
            [
              -94.56844239456079,
              38.98394888318332
            ],
            [
              -94.56864383541932,
              38.9839564986873
            ],
            [
              -94.56866495650036,
              38.98354528915164
            ]
          ]
        ],
        "type": "Polygon"
      },
      "properties": {
        "activity_date": "2026-03-12",
        "activity_date_basis": "final_date",
        "activity_date_label": "Permit finalized",
        "activity_stage": "complete",
        "address": "1609 E 79th St Kansas City, MO 64136",
        "apply_date": "2026-03-10T03:23:54.903Z",
        "case_number": "CPDR-2026-00047",
        "category": "Complete Building or Structure Demolition - Residential",
        "date": "2026-03-12",
        "detail_url": "https://compasskc.kcmo.org/EnerGov_Prod/SelfService#/permit/28e41c98-eac7-4b3c-a14b-e006ff5b7c58",
        "external_id": "28e41c98-eac7-4b3c-a14b-e006ff5b7c58",
        "final_date": "2026-03-12T13:59:15Z",
        "geometry_source": "KCMO parcels",
        "has_parcel_polygon": true,
        "match_method": "parcel_id",
        "match_status": "matched",
        "parcel_address": "1609 E 79th St",
        "parcel_id": "116425",
        "post_demo_confidence": "unknown",
        "post_demo_last_checked": "2026-05-29T17:52:47Z",
        "post_demo_status": "no_public_followup_found",
        "post_demo_summary": "No same-parcel replacement or redevelopment permit was found in public permit history yet.",
        "record_id": "case:28e41c98-eac7-4b3c-a14b-e006ff5b7c58",
        "record_type": "Complete Building or Structure Demolition - Residential",
        "replacement_use": "unknown",
        "status": "Voided-City",
        "timing_note": "CompassKC lists a final/completion date; an actual demolition date was not posted.",
        "year": "2026"
      },
      "type": "Feature"
    },
    {
      "geometry": {
        "coordinates": [
          [
            [
              -94.55549820675674,
              39.0240770495848
            ],
            [
              -94.55595775072521,
              39.024092914822475
            ],
            [
              -94.55596578486123,
              39.02399687945082
            ],
            [
              -94.5555071370093,
              39.023981150531874
            ],
            [
              -94.55549820675674,
              39.0240770495848
            ]
          ]
        ],
        "type": "Polygon"
      },
      "properties": {
        "activity_date": "2026-03-12",
        "activity_date_basis": "issue_date",
        "activity_date_label": "Permit issued",
        "activity_stage": "issued",
        "address": "5616 Prospect Ave Kansas City, MO 64130",
        "apply_date": "2026-03-11T02:46:11.18Z",
        "case_number": "CPDR-2026-00050",
        "category": "Complete Building or Structure Demolition - Residential",
        "date": "2026-03-12",
        "detail_url": "https://compasskc.kcmo.org/EnerGov_Prod/SelfService#/permit/634a511a-a065-4ea9-a9bf-fe21c58ed812",
        "external_id": "634a511a-a065-4ea9-a9bf-fe21c58ed812",
        "final_date": "2026-03-27T05:00:00Z",
        "geometry_source": "KCMO parcels",
        "has_parcel_polygon": true,
        "issue_date": "2026-03-12T14:11:15.047Z",
        "match_method": "parcel_id",
        "match_status": "matched",
        "parcel_address": "5616 Prospect Ave",
        "parcel_id": "147699",
        "post_demo_confidence": "unknown",
        "post_demo_evidence": [
          {
            "application_date": "2026-03-12T08:49:31.723",
            "issue_date": "2026-03-12T09:01:02.570",
            "project": "",
            "record_number": "PW-H-2026-00040",
            "record_type": "PW - Hauling",
            "relation": "demolition_prep_or_utility",
            "source": "Open Data KC City Issued Permits",
            "status": "Issued",
            "work_class": "Hauling"
          },
          {
            "application_date": "2025-09-19T12:45:04.000",
            "issue_date": "2025-09-24T20:41:21.187",
            "project": "KILL82762",
            "record_number": "WS-E-162183",
            "record_type": "WS - Existing Service",
            "relation": "demolition_prep_or_utility",
            "source": "Open Data KC City Issued Permits",
            "status": "Expired",
            "work_class": "Kill Water Service at Main"
          },
          {
            "application_date": "2025-09-19T08:41:04.000",
            "issue_date": "2025-09-19T09:02:21.000",
            "project": "84858",
            "record_number": "PW-EXC-2025-04487",
            "record_type": "PW - Excavation",
            "relation": "demolition_prep_or_utility",
            "source": "Open Data KC City Issued Permits",
            "status": "Issued",
            "work_class": "Water Main/Pipeline"
          }
        ],
        "post_demo_last_checked": "2026-05-29T17:52:47Z",
        "post_demo_status": "utility_prep_only",
        "post_demo_summary": "Recent same-parcel public records show utility, excavation, hauling or other prep work, but no replacement or reuse permit was found.",
        "record_id": "case:634a511a-a065-4ea9-a9bf-fe21c58ed812",
        "record_type": "Complete Building or Structure Demolition - Residential",
        "replacement_use": "infrastructure_only",
        "status": "Closed",
        "timing_note": "CompassKC lists the permit issue date; an actual demolition date was not posted.",
        "year": "2026"
      },
      "type": "Feature"
    },
    {
      "geometry": {
        "coordinates": [
          [
            [
              -94.55113749289644,
              39.079492350159875
            ],
            [
              -94.55064315373525,
              39.07947396439854
            ],
            [
              -94.5506403567596,
              39.07954263081248
            ],
            [
              -94.55113463625291,
              39.079561062945054
            ],
            [
              -94.55113749289644,
              39.079492350159875
            ]
          ]
        ],
        "type": "Polygon"
      },
      "properties": {
        "activity_date": "2026-03-12",
        "activity_date_basis": "issue_date",
        "activity_date_label": "Permit issued",
        "activity_stage": "issued",
        "address": "2531 Montgall Ave Kansas City, MO 64127",
        "apply_date": "2026-03-11T02:48:23.95Z",
        "case_number": "CPDR-2026-00051",
        "category": "Complete Building or Structure Demolition - Residential",
        "date": "2026-03-12",
        "detail_url": "https://compasskc.kcmo.org/EnerGov_Prod/SelfService#/permit/3d57ac81-8503-4b59-bd25-54dc8428c50a",
        "external_id": "3d57ac81-8503-4b59-bd25-54dc8428c50a",
        "final_date": "2026-03-19T05:00:00Z",
        "geometry_source": "KCMO parcels",
        "has_parcel_polygon": true,
        "issue_date": "2026-03-12T14:11:02.743Z",
        "match_method": "parcel_id",
        "match_status": "matched",
        "parcel_address": "2531 Montgall Ave",
        "parcel_id": "16586",
        "post_demo_confidence": "unknown",
        "post_demo_evidence": [
          {
            "application_date": "2025-11-14T09:45:03.000",
            "issue_date": "2025-11-22T02:48:11.603",
            "project": "20664",
            "record_number": "WS-E-162346",
            "record_type": "WS - Existing Service",
            "relation": "demolition_prep_or_utility",
            "source": "Open Data KC City Issued Permits",
            "status": "Expired",
            "work_class": "Kill Water Service at Main"
          },
          {
            "application_date": "2025-11-11T20:03:07.780",
            "issue_date": "",
            "project": "",
            "record_number": "WS-PW-PR-2025-01635",
            "record_type": "WS-PW-PR New Connection - Kills - Repairs - Coord",
            "relation": "demolition_prep_or_utility",
            "source": "Open Data KC City Issued Permits",
            "status": "Cancelled",
            "work_class": "Water Service Lines - Kills"
          },
          {
            "application_date": "2025-11-11T13:42:34.757",
            "issue_date": "2025-11-12T10:28:36.000",
            "project": "",
            "record_number": "PW-EXC-2025-05359",
            "record_type": "PW - Excavation",
            "relation": "demolition_prep_or_utility",
            "source": "Open Data KC City Issued Permits",
            "status": "Issued With Unpaid Fees",
            "work_class": "Spire Excavation"
          }
        ],
        "post_demo_last_checked": "2026-05-29T17:52:47Z",
        "post_demo_status": "utility_prep_only",
        "post_demo_summary": "Recent same-parcel public records show utility, excavation, hauling or other prep work, but no replacement or reuse permit was found.",
        "record_id": "case:3d57ac81-8503-4b59-bd25-54dc8428c50a",
        "record_type": "Complete Building or Structure Demolition - Residential",
        "replacement_use": "infrastructure_only",
        "status": "Closed",
        "timing_note": "CompassKC lists the permit issue date; an actual demolition date was not posted.",
        "year": "2026"
      },
      "type": "Feature"
    },
    {
      "geometry": {
        "coordinates": [
          [
            [
              -94.59534311258624,
              39.003382948631106
            ],
            [
              -94.59516219276686,
              39.00341455722904
            ],
            [
              -94.59489283826738,
              39.00369269004788
            ],
            [
              -94.59495480238058,
              39.00371497212791
            ],
            [
              -94.59512838725973,
              39.00374668174375
            ],
            [
              -94.59534311258624,
              39.003382948631106
            ]
          ]
        ],
        "type": "Polygon"
      },
      "properties": {
        "activity_date": "2026-03-12",
        "activity_date_basis": "issue_date",
        "activity_date_label": "Permit issued",
        "activity_stage": "issued",
        "address": "425 W 69th St Kansas City, MO 64136",
        "apply_date": "2026-03-11T02:54:45.313Z",
        "case_number": "CPDR-2026-00054",
        "category": "Complete Building or Structure Demolition - Residential",
        "date": "2026-03-12",
        "detail_url": "https://compasskc.kcmo.org/EnerGov_Prod/SelfService#/permit/e05048cf-feb9-403b-a93a-0b652263b0ee",
        "external_id": "e05048cf-feb9-403b-a93a-0b652263b0ee",
        "final_date": "2026-03-24T20:22:19Z",
        "geometry_source": "KCMO parcels",
        "has_parcel_polygon": true,
        "issue_date": "2026-03-12T15:48:48Z",
        "match_method": "parcel_id",
        "match_status": "matched",
        "parcel_address": "425 W 69th St",
        "parcel_id": "109454",
        "post_demo_confidence": "likely",
        "post_demo_evidence": [
          {
            "application_date": "2026-03-04T15:24:41.043",
            "issue_date": "2026-03-09T16:39:02.253",
            "project": "",
            "record_number": "CPBR-2026-00500",
            "record_type": "CPPU - Building (Residential)",
            "relation": "likely_redevelopment",
            "source": "Open Data KC City Issued Permits",
            "status": "Issued",
            "work_class": "Detached Accessory Structure"
          }
        ],
        "post_demo_last_checked": "2026-05-29T17:52:47Z",
        "post_demo_status": "likely_redevelopment",
        "post_demo_summary": "A same-parcel public permit filed near or after this demolition record shows site or redevelopment activity.",
        "record_id": "case:e05048cf-feb9-403b-a93a-0b652263b0ee",
        "record_type": "Complete Building or Structure Demolition - Residential",
        "replacement_use": "housing",
        "status": "Closed",
        "timing_note": "CompassKC lists the permit issue date; an actual demolition date was not posted.",
        "year": "2026"
      },
      "type": "Feature"
    },
    {
      "geometry": {
        "coordinates": [
          [
            [
              -94.55113463625291,
              39.079561062945054
            ],
            [
              -94.5506403567596,
              39.07954263081248
            ],
            [
              -94.55063758694968,
              39.07961132066652
            ],
            [
              -94.55113183748257,
              39.07962963784733
            ],
            [
              -94.55113463625291,
              39.079561062945054
            ]
          ]
        ],
        "type": "Polygon"
      },
      "properties": {
        "activity_date": "2026-03-12T14:11:05.09Z",
        "activity_date_basis": "issue_date",
        "activity_date_label": "Permit issued",
        "activity_stage": "issued",
        "address": "2529 Montgall Ave Kansas City, MO 64127",
        "apply_date": "2026-03-11T02:50:23.037Z",
        "case_number": "CPDR-2026-00052",
        "category": "Complete Building or Structure Demolition - Residential",
        "date": "2026-03-12T14:11:05.09Z",
        "detail_url": "https://compasskc.kcmo.org/EnerGov_Prod/SelfService#/permit/bc4f1452-580f-4e35-952f-12ec6ba2c660",
        "external_id": "bc4f1452-580f-4e35-952f-12ec6ba2c660",
        "final_date": "2026-03-19T05:00:00Z",
        "geometry_source": "KCMO parcels",
        "has_parcel_polygon": true,
        "issue_date": "2026-03-12T14:11:05.09Z",
        "match_method": "parcel_id",
        "match_status": "matched",
        "parcel_address": "2529 Montgall Ave",
        "parcel_id": "16585",
        "post_demo_confidence": "unknown",
        "post_demo_evidence": [
          {
            "application_date": "2025-11-14T09:25:40.000",
            "issue_date": "2025-11-25T13:01:27.000",
            "project": "20663",
            "record_number": "WS-E-162345",
            "record_type": "WS - Existing Service",
            "relation": "demolition_prep_or_utility",
            "source": "Open Data KC City Issued Permits",
            "status": "Expired",
            "work_class": "Disconnect Service Line at Curb"
          },
          {
            "application_date": "2025-11-14T09:22:58.000",
            "issue_date": "2025-11-22T02:48:02.330",
            "project": "",
            "record_number": "PW-EXC-2025-05405",
            "record_type": "PW - Excavation",
            "relation": "demolition_prep_or_utility",
            "source": "Open Data KC City Issued Permits",
            "status": "Closed",
            "work_class": "Water Main/Pipeline"
          },
          {
            "application_date": "2025-11-11T19:59:38.050",
            "issue_date": "2025-11-25T13:01:38.000",
            "project": "",
            "record_number": "WS-PW-PR-2025-01634",
            "record_type": "WS-PW-PR New Connection - Kills - Repairs - Coord",
            "relation": "demolition_prep_or_utility",
            "source": "Open Data KC City Issued Permits",
            "status": "Issued",
            "work_class": "Water Service Lines - Kills"
          }
        ],
        "post_demo_last_checked": "2026-05-29T17:52:47Z",
        "post_demo_status": "utility_prep_only",
        "post_demo_summary": "Recent same-parcel public records show utility, excavation, hauling or other prep work, but no replacement or reuse permit was found.",
        "record_id": "case:bc4f1452-580f-4e35-952f-12ec6ba2c660",
        "record_type": "Complete Building or Structure Demolition - Residential",
        "replacement_use": "infrastructure_only",
        "status": "Closed",
        "timing_note": "CompassKC lists the permit issue date; an actual demolition date was not posted.",
        "year": "2026"
      },
      "type": "Feature"
    },
    {
      "geometry": {
        "coordinates": [
          [
            [
              -94.56866495650036,
              38.98354528915164
            ],
            [
              -94.56846334124405,
              38.983537262496895
            ],
            [
              -94.56844239456079,
              38.98394888318332
            ],
            [
              -94.56864383541932,
              38.9839564986873
            ],
            [
              -94.56866495650036,
              38.98354528915164
            ]
          ]
        ],
        "type": "Polygon"
      },
      "properties": {
        "activity_date": "2026-03-12T14:11:07.55Z",
        "activity_date_basis": "issue_date",
        "activity_date_label": "Permit issued",
        "activity_stage": "issued",
        "address": "1609 E 79th St Kansas City, MO 64131",
        "apply_date": "2026-03-11T02:57:38.183Z",
        "case_number": "CPDR-2026-00055",
        "category": "Complete Building or Structure Demolition - Residential",
        "date": "2026-03-12T14:11:07.55Z",
        "detail_url": "https://compasskc.kcmo.org/EnerGov_Prod/SelfService#/permit/15ec735c-17e8-4565-bf29-58e0b5fc6212",
        "external_id": "15ec735c-17e8-4565-bf29-58e0b5fc6212",
        "final_date": "2026-03-30T22:16:40Z",
        "geometry_source": "KCMO parcels",
        "has_parcel_polygon": true,
        "issue_date": "2026-03-12T14:11:07.55Z",
        "match_method": "parcel_id",
        "match_status": "matched",
        "parcel_address": "1609 E 79th St",
        "parcel_id": "116425",
        "post_demo_confidence": "unknown",
        "post_demo_last_checked": "2026-05-29T17:52:47Z",
        "post_demo_status": "no_public_followup_found",
        "post_demo_summary": "No same-parcel replacement or redevelopment permit was found in public permit history yet.",
        "record_id": "case:15ec735c-17e8-4565-bf29-58e0b5fc6212",
        "record_type": "Complete Building or Structure Demolition - Residential",
        "replacement_use": "unknown",
        "status": "Closed",
        "timing_note": "CompassKC lists the permit issue date; an actual demolition date was not posted.",
        "year": "2026"
      },
      "type": "Feature"
    },
    {
      "geometry": {
        "coordinates": [
          [
            [
              -94.60053573089799,
              38.88214795732812
            ],
            [
              -94.5994887311251,
              38.88208980646406
            ],
            [
              -94.5994154854227,
              38.8830551266802
            ],
            [
              -94.60046094024408,
              38.883121473965204
            ],
            [
              -94.60053573089799,
              38.88214795732812
            ]
          ]
        ],
        "type": "Polygon"
      },
      "properties": {
        "activity_date": "2026-03-13",
        "activity_date_basis": "complete_date",
        "activity_date_label": "Review approved",
        "activity_stage": "review",
        "address": "205 W 135th St Kansas City, MO 64145",
        "apply_date": "2026-02-25T16:53:38.35Z",
        "case_number": "CH-DM-2026-00008",
        "category": "Demolition Review, Administrative",
        "complete_date": "2026-03-13T13:26:50Z",
        "date": "2026-03-13",
        "detail_url": "https://compasskc.kcmo.org/EnerGov_Prod/SelfService#/plan/43c7d012-ad33-4e1a-adc3-0bfcc1c91948",
        "expiration_date": "2030-03-13T13:26:59Z",
        "external_id": "43c7d012-ad33-4e1a-adc3-0bfcc1c91948",
        "geometry_source": "KCMO parcels",
        "has_parcel_polygon": true,
        "match_method": "parcel_id",
        "match_status": "matched",
        "parcel_address": "205 W 135th St",
        "parcel_id": "159747",
        "post_demo_confidence": "confirmed",
        "post_demo_evidence": [
          {
            "application_date": "2026-03-10T12:05:24.620",
            "issue_date": "2026-03-25T09:04:07.097",
            "project": "Gerber Collision & Glass Building",
            "record_number": "CPBC-2026-00203",
            "record_type": "CPPU - Building (Commercial)",
            "relation": "known_replacement",
            "source": "Open Data KC City Issued Permits",
            "status": "Issued",
            "work_class": "New"
          }
        ],
        "post_demo_last_checked": "2026-05-29T17:52:47Z",
        "post_demo_status": "known_replacement",
        "post_demo_summary": "A same-parcel public permit filed near or after this demolition record shows a new building permit.",
        "record_id": "case:43c7d012-ad33-4e1a-adc3-0bfcc1c91948",
        "record_type": "Demolition Review, Administrative",
        "replacement_use": "commercial_or_mixed",
        "status": "Approved",
        "timing_note": "CompassKC lists a demolition-review milestone; an actual demolition date was not posted.",
        "year": "2026"
      },
      "type": "Feature"
    },
    {
      "geometry": {
        "coordinates": [
          [
            [
              -94.55346496627173,
              39.11790580929402
            ],
            [
              -94.55346408444595,
              39.11792435730222
            ],
            [
              -94.55344835682864,
              39.11825521771847
            ],
            [
              -94.5535268251374,
              39.118238891858745
            ],
            [
              -94.5535482914672,
              39.11788838063354
            ],
            [
              -94.55346496627173,
              39.11790580929402
            ]
          ]
        ],
        "type": "Polygon"
      },
      "properties": {
        "activity_date": "2026-03-13",
        "activity_date_basis": "complete_date",
        "activity_date_label": "Review approved",
        "activity_stage": "review",
        "address": "2401 Guinotte Ave Kansas City, MO 64120",
        "apply_date": "2026-02-27T15:42:43Z",
        "case_number": "CH-DM-2026-00010",
        "category": "Demolition Review, Administrative",
        "complete_date": "2026-03-13T13:24:14Z",
        "date": "2026-03-13",
        "detail_url": "https://compasskc.kcmo.org/EnerGov_Prod/SelfService#/plan/ca0d660d-73cd-4581-80d3-d4c9aff67fb0",
        "expiration_date": "2030-03-13T13:24:24Z",
        "external_id": "ca0d660d-73cd-4581-80d3-d4c9aff67fb0",
        "geometry_source": "KCMO parcels",
        "has_parcel_polygon": true,
        "match_method": "parcel_id",
        "match_status": "matched",
        "parcel_address": "2401 Guinotte Ave",
        "parcel_id": "39515",
        "post_demo_confidence": "unknown",
        "post_demo_evidence": [
          {
            "application_date": "2026-02-23T11:27:57.010",
            "issue_date": "2026-02-23T12:47:02.717",
            "project": "",
            "record_number": "PW-H-2026-00029",
            "record_type": "PW - Hauling",
            "relation": "demolition_prep_or_utility",
            "source": "Open Data KC City Issued Permits",
            "status": "Issued",
            "work_class": "Hauling"
          },
          {
            "application_date": "2026-02-06T09:11:43.000",
            "issue_date": "2026-02-09T08:23:02.240",
            "project": "99022",
            "record_number": "WS-E-162597",
            "record_type": "WS - Existing Service",
            "relation": "demolition_prep_or_utility",
            "source": "Open Data KC City Issued Permits",
            "status": "Issued",
            "work_class": "Kill Water Service at Main"
          },
          {
            "application_date": "2026-02-06T09:11:16.000",
            "issue_date": "2026-02-09T08:23:08.510",
            "project": "99022",
            "record_number": "PW-EXC-2026-00405",
            "record_type": "PW - Excavation",
            "relation": "demolition_prep_or_utility",
            "source": "Open Data KC City Issued Permits",
            "status": "Closed",
            "work_class": "Water Main/Pipeline"
          }
        ],
        "post_demo_last_checked": "2026-05-29T17:52:47Z",
        "post_demo_status": "utility_prep_only",
        "post_demo_summary": "Recent same-parcel public records show utility, excavation, hauling or other prep work, but no replacement or reuse permit was found.",
        "record_id": "case:ca0d660d-73cd-4581-80d3-d4c9aff67fb0",
        "record_type": "Demolition Review, Administrative",
        "replacement_use": "infrastructure_only",
        "status": "Approved",
        "timing_note": "CompassKC lists a demolition-review milestone; an actual demolition date was not posted.",
        "year": "2026"
      },
      "type": "Feature"
    },
    {
      "geometry": {
        "coordinates": [
          [
            [
              -94.45474630371191,
              39.29549451182444
            ],
            [
              -94.45379263670081,
              39.29549615011092
            ],
            [
              -94.4537845630173,
              39.29639912586015
            ],
            [
              -94.45244846518851,
              39.29639785511351
            ],
            [
              -94.4524011820314,
              39.2989966513736
            ],
            [
              -94.45469619706797,
              39.29899630862843
            ],
            [
              -94.45474630371191,
              39.29549451182444
            ]
          ]
        ],
        "type": "Polygon"
      },
      "properties": {
        "activity_date": "2026-03-13",
        "activity_date_basis": "final_date",
        "activity_date_label": "Permit finalized",
        "activity_stage": "complete",
        "address": "10000 NE 112th St Kansas City, MO 64157",
        "apply_date": "2026-03-13T16:18:09.393Z",
        "case_number": "CPDR-2026-00058",
        "category": "Complete Building or Structure Demolition - Residential",
        "date": "2026-03-13",
        "detail_url": "https://compasskc.kcmo.org/EnerGov_Prod/SelfService#/permit/65269d8c-85b4-4b4c-9914-47f5fb7b75e3",
        "external_id": "65269d8c-85b4-4b4c-9914-47f5fb7b75e3",
        "final_date": "2026-03-13T17:57:39Z",
        "geometry_source": "KCMO parcels",
        "has_parcel_polygon": true,
        "match_method": "parcel_id",
        "match_status": "matched",
        "parcel_address": "10000 NE 112th St",
        "parcel_id": "98887",
        "post_demo_confidence": "unknown",
        "post_demo_evidence": [
          {
            "application_date": "2026-02-25T15:32:53.827",
            "issue_date": "2026-03-02T13:00:11.530",
            "project": "",
            "record_number": "PW-H-2026-00030",
            "record_type": "PW - Hauling",
            "relation": "demolition_prep_or_utility",
            "source": "Open Data KC City Issued Permits",
            "status": "Issued",
            "work_class": "Hauling"
          },
          {
            "application_date": "2026-01-27T08:17:22.000",
            "issue_date": "2026-01-27T08:22:14.000",
            "project": "104478",
            "record_number": "WS-E-162545",
            "record_type": "WS - Existing Service",
            "relation": "demolition_prep_or_utility",
            "source": "Open Data KC City Issued Permits",
            "status": "Issued",
            "work_class": "Disconnect Service Line at Curb"
          },
          {
            "application_date": "2026-01-26T12:01:07.753",
            "issue_date": "2026-01-28T11:10:48.000",
            "project": "104478",
            "record_number": "WS-PW-PR-2026-00168",
            "record_type": "WS-PW-PR New Connection - Kills - Repairs - Coord",
            "relation": "demolition_prep_or_utility",
            "source": "Open Data KC City Issued Permits",
            "status": "Issued",
            "work_class": "Water Service Lines - Kills"
          }
        ],
        "post_demo_last_checked": "2026-05-29T17:52:47Z",
        "post_demo_status": "utility_prep_only",
        "post_demo_summary": "Recent same-parcel public records show utility, excavation, hauling or other prep work, but no replacement or reuse permit was found.",
        "record_id": "case:65269d8c-85b4-4b4c-9914-47f5fb7b75e3",
        "record_type": "Complete Building or Structure Demolition - Residential",
        "replacement_use": "infrastructure_only",
        "status": "Voided-City",
        "timing_note": "CompassKC lists a final/completion date; an actual demolition date was not posted.",
        "year": "2026"
      },
      "type": "Feature"
    },
    {
      "geometry": {
        "coordinates": [
          [
            [
              -94.45474630371191,
              39.29549451182444
            ],
            [
              -94.45379263670081,
              39.29549615011092
            ],
            [
              -94.4537845630173,
              39.29639912586015
            ],
            [
              -94.45244846518851,
              39.29639785511351
            ],
            [
              -94.4524011820314,
              39.2989966513736
            ],
            [
              -94.45469619706797,
              39.29899630862843
            ],
            [
              -94.45474630371191,
              39.29549451182444
            ]
          ]
        ],
        "type": "Polygon"
      },
      "properties": {
        "activity_date": "2026-03-13T18:51:10.84Z",
        "activity_date_basis": "issue_date",
        "activity_date_label": "Permit issued",
        "activity_stage": "issued",
        "address": "10000 NE 112th St Kansas City, MO 64157",
        "apply_date": "2026-03-13T18:18:50.803Z",
        "case_number": "CPDR-2026-00059",
        "category": "Pre-Demolition Inspection - Residential",
        "date": "2026-03-13T18:51:10.84Z",
        "detail_url": "https://compasskc.kcmo.org/EnerGov_Prod/SelfService#/permit/1c31754e-0194-4470-8642-c18f9465d448",
        "external_id": "1c31754e-0194-4470-8642-c18f9465d448",
        "final_date": "2026-03-20T12:43:17Z",
        "geometry_source": "KCMO parcels",
        "has_parcel_polygon": true,
        "issue_date": "2026-03-13T18:51:10.84Z",
        "match_method": "parcel_id",
        "match_status": "matched",
        "parcel_address": "10000 NE 112th St",
        "parcel_id": "98887",
        "post_demo_confidence": "unknown",
        "post_demo_evidence": [
          {
            "application_date": "2026-02-25T15:32:53.827",
            "issue_date": "2026-03-02T13:00:11.530",
            "project": "",
            "record_number": "PW-H-2026-00030",
            "record_type": "PW - Hauling",
            "relation": "demolition_prep_or_utility",
            "source": "Open Data KC City Issued Permits",
            "status": "Issued",
            "work_class": "Hauling"
          },
          {
            "application_date": "2026-01-27T08:17:22.000",
            "issue_date": "2026-01-27T08:22:14.000",
            "project": "104478",
            "record_number": "WS-E-162545",
            "record_type": "WS - Existing Service",
            "relation": "demolition_prep_or_utility",
            "source": "Open Data KC City Issued Permits",
            "status": "Issued",
            "work_class": "Disconnect Service Line at Curb"
          },
          {
            "application_date": "2026-01-26T12:01:07.753",
            "issue_date": "2026-01-28T11:10:48.000",
            "project": "104478",
            "record_number": "WS-PW-PR-2026-00168",
            "record_type": "WS-PW-PR New Connection - Kills - Repairs - Coord",
            "relation": "demolition_prep_or_utility",
            "source": "Open Data KC City Issued Permits",
            "status": "Issued",
            "work_class": "Water Service Lines - Kills"
          }
        ],
        "post_demo_last_checked": "2026-05-29T17:52:47Z",
        "post_demo_status": "utility_prep_only",
        "post_demo_summary": "Recent same-parcel public records show utility, excavation, hauling or other prep work, but no replacement or reuse permit was found.",
        "record_id": "case:1c31754e-0194-4470-8642-c18f9465d448",
        "record_type": "Pre-Demolition Inspection - Residential",
        "replacement_use": "infrastructure_only",
        "status": "Closed",
        "timing_note": "CompassKC lists the permit issue date; an actual demolition date was not posted.",
        "year": "2026"
      },
      "type": "Feature"
    },
    {
      "geometry": {
        "coordinates": [
          [
            [
              -94.58945759226133,
              38.99222239270011
            ],
            [
              -94.58848901840801,
              38.99218276896881
            ],
            [
              -94.58846434073938,
              38.99263743536808
            ],
            [
              -94.58943450285255,
              38.992677264011235
            ],
            [
              -94.58945759226133,
              38.99222239270011
            ]
          ]
        ],
        "type": "Polygon"
      },
      "properties": {
        "activity_date": "2026-03-16",
        "activity_date_basis": "apply_date",
        "activity_date_label": "Review filed",
        "activity_stage": "review",
        "address": "2 E 75th St Kansas City, MO 64114",
        "apply_date": "2026-03-16T21:52:32.493Z",
        "case_number": "CH-DM-2026-00012",
        "category": "Demolition Review, Administrative",
        "date": "2026-03-16",
        "detail_url": "https://compasskc.kcmo.org/EnerGov_Prod/SelfService#/plan/1f27be65-8af9-4b61-a1d2-f68d2a69db25",
        "external_id": "1f27be65-8af9-4b61-a1d2-f68d2a69db25",
        "geometry_source": "KCMO parcels",
        "has_parcel_polygon": true,
        "match_method": "parcel_id",
        "match_status": "matched",
        "parcel_address": "2 E 75th St",
        "parcel_id": "112909",
        "post_demo_confidence": "unknown",
        "post_demo_evidence": [
          {
            "application_date": "2026-05-19T12:57:10.850",
            "issue_date": "2026-05-22T11:19:30.000",
            "project": "",
            "record_number": "PW-EXC-2026-01886",
            "record_type": "PW - Excavation",
            "relation": "demolition_prep_or_utility",
            "source": "Open Data KC City Issued Permits",
            "status": "Issued With Unpaid Fees",
            "work_class": "Spire Excavation"
          }
        ],
        "post_demo_last_checked": "2026-05-29T17:52:47Z",
        "post_demo_status": "utility_prep_only",
        "post_demo_summary": "Recent same-parcel public records show utility, excavation, hauling or other prep work, but no replacement or reuse permit was found.",
        "record_id": "case:1f27be65-8af9-4b61-a1d2-f68d2a69db25",
        "record_type": "Demolition Review, Administrative",
        "replacement_use": "infrastructure_only",
        "status": "Submitted",
        "timing_note": "CompassKC lists a demolition-review filing date; an actual demolition date was not posted.",
        "year": "2026"
      },
      "type": "Feature"
    },
    {
      "geometry": {
        "coordinates": [
          [
            [
              -94.57052987230489,
              39.068810520493734
            ],
            [
              -94.57021218504808,
              39.068800115517234
            ],
            [
              -94.57018852123791,
              39.06923738208672
            ],
            [
              -94.570506623286,
              39.06924823190729
            ],
            [
              -94.57052987230489,
              39.068810520493734
            ]
          ]
        ],
        "type": "Polygon"
      },
      "properties": {
        "activity_date": "2026-03-17",
        "activity_date_basis": "issue_date",
        "activity_date_label": "Permit issued",
        "activity_stage": "issued",
        "address": "1120 E Linwood Blvd Kansas City, MO 64109",
        "apply_date": "2026-03-16T20:57:42.94Z",
        "case_number": "CPDC-2026-00059",
        "category": "Complete Building Demolition - Commercial",
        "date": "2026-03-17",
        "detail_url": "https://compasskc.kcmo.org/EnerGov_Prod/SelfService#/permit/edaf4f91-b607-4990-8bfa-8e62971ed4fa",
        "external_id": "edaf4f91-b607-4990-8bfa-8e62971ed4fa",
        "geometry_source": "KCMO parcels",
        "has_parcel_polygon": true,
        "issue_date": "2026-03-17T15:36:04.573Z",
        "match_method": "parcel_id",
        "match_status": "matched",
        "parcel_address": "1120 E Linwood Blvd",
        "parcel_id": "280573",
        "post_demo_confidence": "unknown",
        "post_demo_evidence": [
          {
            "application_date": "2026-02-26T13:11:51.570",
            "issue_date": "2026-03-02T11:13:02.393",
            "project": "",
            "record_number": "PW-H-2026-00031",
            "record_type": "PW - Hauling",
            "relation": "demolition_prep_or_utility",
            "source": "Open Data KC City Issued Permits",
            "status": "Issued",
            "work_class": "Hauling"
          },
          {
            "application_date": "2026-02-24T09:08:20.120",
            "issue_date": "2026-03-04T09:12:03.733",
            "project": "",
            "record_number": "PW-TC-2026-00527",
            "record_type": "PW - Traffic Control",
            "relation": "demolition_prep_or_utility",
            "source": "Open Data KC City Issued Permits",
            "status": "Issued",
            "work_class": "Traffic Control for Construction"
          },
          {
            "application_date": "2026-01-27T12:48:51.000",
            "issue_date": "2026-01-27T12:58:07.670",
            "project": "90313",
            "record_number": "WS-E-162549",
            "record_type": "WS - Existing Service",
            "relation": "demolition_prep_or_utility",
            "source": "Open Data KC City Issued Permits",
            "status": "Issued",
            "work_class": "Kill Water Service at Main"
          }
        ],
        "post_demo_last_checked": "2026-05-29T17:52:47Z",
        "post_demo_status": "utility_prep_only",
        "post_demo_summary": "Recent same-parcel public records show utility, excavation, hauling or other prep work, but no replacement or reuse permit was found.",
        "record_id": "case:edaf4f91-b607-4990-8bfa-8e62971ed4fa",
        "record_type": "Complete Building Demolition - Commercial",
        "replacement_use": "infrastructure_only",
        "status": "Issued",
        "timing_note": "CompassKC lists the permit issue date; an actual demolition date was not posted.",
        "year": "2026"
      },
      "type": "Feature"
    },
    {
      "geometry": {
        "coordinates": [
          [
            [
              -94.60249860013657,
              39.03226536997014
            ],
            [
              -94.60250697057697,
              39.03192674681098
            ],
            [
              -94.60249514277196,
              39.03190277796403
            ],
            [
              -94.60247463710276,
              39.0318827293826
            ],
            [
              -94.60245217701822,
              39.03187037051477
            ],
            [
              -94.60242652622871,
              39.03186281887269
            ],
            [
              -94.60239369533018,
              39.031860811862806
            ],
            [
              -94.60236677158967,
              39.0318651148034
            ],
            [
              -94.60233765791556,
              39.031877060753814
            ],
            [
              -94.60231137469496,
              39.031898843024834
            ],
            [
              -94.60219948577979,
              39.03204167307022
            ],
            [
              -94.60210984671279,
              39.03213208557539
            ],
            [
              -94.60199460375141,
              39.0322268677814
            ],
            [
              -94.60186505981343,
              39.03231253343329
            ],
            [
              -94.60204225639004,
              39.03245844941774
            ],
            [
              -94.60248352622601,
              39.03251208507138
            ],
            [
              -94.60249860013657,
              39.03226536997014
            ]
          ]
        ],
        "type": "Polygon"
      },
      "properties": {
        "activity_date": "2026-03-17T18:32:02.46Z",
        "activity_date_basis": "issue_date",
        "activity_date_label": "Permit issued",
        "activity_stage": "issued",
        "address": "5245 Mercier St Kansas City, MO 64112",
        "apply_date": "2026-03-16T21:16:27.177Z",
        "case_number": "CPDR-2026-00061",
        "category": "Complete Building or Structure Demolition - Residential",
        "date": "2026-03-17T18:32:02.46Z",
        "detail_url": "https://compasskc.kcmo.org/EnerGov_Prod/SelfService#/permit/0be20017-f4db-4856-9428-405d0f34216e",
        "external_id": "0be20017-f4db-4856-9428-405d0f34216e",
        "final_date": "2026-03-28T05:00:00Z",
        "geometry_source": "KCMO parcels",
        "has_parcel_polygon": true,
        "issue_date": "2026-03-17T18:32:02.46Z",
        "match_method": "parcel_id",
        "match_status": "matched",
        "parcel_address": "5245 Mercier St",
        "parcel_id": "142810",
        "post_demo_confidence": "confirmed",
        "post_demo_evidence": [
          {
            "application_date": "2026-03-06T13:27:01.437",
            "issue_date": "2026-03-24T09:53:03.363",
            "project": "",
            "record_number": "CPBR-2026-00524",
            "record_type": "CPPU - Building (Residential)",
            "relation": "known_replacement",
            "source": "Open Data KC City Issued Permits",
            "status": "Issued",
            "work_class": "Single Family - New"
          }
        ],
        "post_demo_last_checked": "2026-05-29T17:52:47Z",
        "post_demo_status": "known_replacement",
        "post_demo_summary": "A same-parcel public permit filed near or after this demolition record shows a new housing permit.",
        "record_id": "case:0be20017-f4db-4856-9428-405d0f34216e",
        "record_type": "Complete Building or Structure Demolition - Residential",
        "replacement_use": "housing",
        "status": "Closed",
        "timing_note": "CompassKC lists the permit issue date; an actual demolition date was not posted.",
        "year": "2026"
      },
      "type": "Feature"
    },
    {
      "geometry": {
        "coordinates": [
          [
            [
              -94.55000121948616,
              39.12498385217743
            ],
            [
              -94.54967741466453,
              39.12497341978173
            ],
            [
              -94.54966461327899,
              39.12531773240413
            ],
            [
              -94.54998648263097,
              39.12532953849991
            ],
            [
              -94.55000121948616,
              39.12498385217743
            ]
          ]
        ],
        "type": "Polygon"
      },
      "properties": {
        "activity_date": "2026-03-18",
        "activity_date_basis": "issue_date",
        "activity_date_label": "Permit issued",
        "activity_stage": "issued",
        "address": "927 N Prospect Ave Kansas City, MO 64120",
        "apply_date": "2026-03-18T15:07:44.91Z",
        "case_number": "CPDR-2026-00064",
        "category": "Complete Building or Structure Demolition - Residential",
        "date": "2026-03-18",
        "detail_url": "https://compasskc.kcmo.org/EnerGov_Prod/SelfService#/permit/20aeea12-4bfe-4b97-823a-8ea234f5eef5",
        "external_id": "20aeea12-4bfe-4b97-823a-8ea234f5eef5",
        "final_date": "2026-04-14T05:00:00Z",
        "geometry_source": "KCMO parcels",
        "has_parcel_polygon": true,
        "issue_date": "2026-03-18T18:29:02.617Z",
        "match_method": "parcel_id",
        "match_status": "matched",
        "parcel_address": "921 N Prospect Ave",
        "parcel_id": "38733",
        "post_demo_confidence": "unknown",
        "post_demo_evidence": [
          {
            "application_date": "2026-03-13T07:41:03.810",
            "issue_date": "2026-03-16T11:25:04.437",
            "project": "",
            "record_number": "PW-H-2026-00041",
            "record_type": "PW - Hauling",
            "relation": "demolition_prep_or_utility",
            "source": "Open Data KC City Issued Permits",
            "status": "Issued",
            "work_class": "Hauling"
          },
          {
            "application_date": "2026-02-24T14:33:49.000",
            "issue_date": "2026-03-03T13:39:02.623",
            "project": "87648",
            "record_number": "WS-E-162654",
            "record_type": "WS - Existing Service",
            "relation": "demolition_prep_or_utility",
            "source": "Open Data KC City Issued Permits",
            "status": "Issued",
            "work_class": "Kill Water Service at Main"
          },
          {
            "application_date": "2026-02-24T14:32:39.000",
            "issue_date": "2026-02-27T09:53:04.920",
            "project": "",
            "record_number": "PW-EXC-2026-00602",
            "record_type": "PW - Excavation",
            "relation": "demolition_prep_or_utility",
            "source": "Open Data KC City Issued Permits",
            "status": "Closed",
            "work_class": "Water Main/Pipeline"
          }
        ],
        "post_demo_last_checked": "2026-05-29T17:52:47Z",
        "post_demo_status": "utility_prep_only",
        "post_demo_summary": "Recent same-parcel public records show utility, excavation, hauling or other prep work, but no replacement or reuse permit was found.",
        "record_id": "case:20aeea12-4bfe-4b97-823a-8ea234f5eef5",
        "record_type": "Complete Building or Structure Demolition - Residential",
        "replacement_use": "infrastructure_only",
        "status": "Closed",
        "timing_note": "CompassKC lists the permit issue date; an actual demolition date was not posted.",
        "year": "2026"
      },
      "type": "Feature"
    },
    {
      "geometry": {
        "coordinates": [
          [
            [
              -94.60072802439761,
              39.00205734024015
            ],
            [
              -94.60071566934866,
              39.001677707575524
            ],
            [
              -94.60053854735187,
              39.001694471421544
            ],
            [
              -94.60055557110573,
              39.0020786305329
            ],
            [
              -94.60072802439761,
              39.00205734024015
            ]
          ]
        ],
        "type": "Polygon"
      },
      "properties": {
        "activity_date": "2026-03-18T00:37:02.42Z",
        "activity_date_basis": "issue_date",
        "activity_date_label": "Permit issued",
        "activity_stage": "issued",
        "address": "804 W 70th St Kansas City, MO 64113",
        "apply_date": "2026-03-11T21:58:06.557Z",
        "case_number": "CPDR-2026-00057",
        "category": "Pre-Demolition Inspection - Residential",
        "date": "2026-03-18T00:37:02.42Z",
        "detail_url": "https://compasskc.kcmo.org/EnerGov_Prod/SelfService#/permit/9a9c89ca-88f1-4ec9-98cc-a52d9f66493b",
        "external_id": "9a9c89ca-88f1-4ec9-98cc-a52d9f66493b",
        "geometry_source": "KCMO parcels",
        "has_parcel_polygon": true,
        "issue_date": "2026-03-18T00:37:02.42Z",
        "match_method": "parcel_id",
        "match_status": "matched",
        "parcel_address": "804 W 70th St",
        "parcel_id": "109766",
        "post_demo_confidence": "likely",
        "post_demo_evidence": [
          {
            "application_date": "2026-02-24T16:16:22.003",
            "issue_date": "2026-03-02T13:54:08.413",
            "project": "",
            "record_number": "CPBR-2026-00423",
            "record_type": "CPPU - Building (Residential)",
            "relation": "likely_redevelopment",
            "source": "Open Data KC City Issued Permits",
            "status": "Issued",
            "work_class": "Detached Accessory Structure"
          }
        ],
        "post_demo_last_checked": "2026-05-29T17:52:47Z",
        "post_demo_status": "likely_redevelopment",
        "post_demo_summary": "A same-parcel public permit filed near or after this demolition record shows site or redevelopment activity.",
        "record_id": "case:9a9c89ca-88f1-4ec9-98cc-a52d9f66493b",
        "record_type": "Pre-Demolition Inspection - Residential",
        "replacement_use": "housing",
        "status": "Issued",
        "story_angle_clues": [
          {
            "angle": "Dangerous building",
            "context": "The Garage was falling over. It was a small, detached building. It was dangerous. We demoed it ourselves.",
            "field": "project description",
            "matched_text": "dangerous"
          }
        ],
        "story_angles": [
          "Dangerous building"
        ],
        "timing_note": "CompassKC lists the permit issue date; an actual demolition date was not posted.",
        "year": "2026"
      },
      "type": "Feature"
    },
    {
      "geometry": {
        "coordinates": [
          [
            [
              -94.55000121948616,
              39.12498385217743
            ],
            [
              -94.54967741466453,
              39.12497341978173
            ],
            [
              -94.54966461327899,
              39.12531773240413
            ],
            [
              -94.54998648263097,
              39.12532953849991
            ],
            [
              -94.55000121948616,
              39.12498385217743
            ]
          ]
        ],
        "type": "Polygon"
      },
      "properties": {
        "activity_date": "2026-03-18T18:27:48.6Z",
        "activity_date_basis": "issue_date",
        "activity_date_label": "Permit issued",
        "activity_stage": "issued",
        "address": "921 N Prospect Ave Kansas City, MO 64120",
        "apply_date": "2026-03-18T15:00:23.36Z",
        "case_number": "CPDR-2026-00063",
        "category": "Complete Building or Structure Demolition - Residential",
        "date": "2026-03-18T18:27:48.6Z",
        "detail_url": "https://compasskc.kcmo.org/EnerGov_Prod/SelfService#/permit/cf47a6de-1274-457d-9aa0-db3509919e8b",
        "external_id": "cf47a6de-1274-457d-9aa0-db3509919e8b",
        "final_date": "2026-04-14T05:00:00Z",
        "geometry_source": "KCMO parcels",
        "has_parcel_polygon": true,
        "issue_date": "2026-03-18T18:27:48.6Z",
        "match_method": "parcel_id",
        "match_status": "matched",
        "parcel_address": "921 N Prospect Ave",
        "parcel_id": "38733",
        "post_demo_confidence": "unknown",
        "post_demo_evidence": [
          {
            "application_date": "2026-03-13T07:41:03.810",
            "issue_date": "2026-03-16T11:25:04.437",
            "project": "",
            "record_number": "PW-H-2026-00041",
            "record_type": "PW - Hauling",
            "relation": "demolition_prep_or_utility",
            "source": "Open Data KC City Issued Permits",
            "status": "Issued",
            "work_class": "Hauling"
          },
          {
            "application_date": "2026-02-24T14:33:49.000",
            "issue_date": "2026-03-03T13:39:02.623",
            "project": "87648",
            "record_number": "WS-E-162654",
            "record_type": "WS - Existing Service",
            "relation": "demolition_prep_or_utility",
            "source": "Open Data KC City Issued Permits",
            "status": "Issued",
            "work_class": "Kill Water Service at Main"
          },
          {
            "application_date": "2026-02-24T14:32:39.000",
            "issue_date": "2026-02-27T09:53:04.920",
            "project": "",
            "record_number": "PW-EXC-2026-00602",
            "record_type": "PW - Excavation",
            "relation": "demolition_prep_or_utility",
            "source": "Open Data KC City Issued Permits",
            "status": "Closed",
            "work_class": "Water Main/Pipeline"
          }
        ],
        "post_demo_last_checked": "2026-05-29T17:52:47Z",
        "post_demo_status": "utility_prep_only",
        "post_demo_summary": "Recent same-parcel public records show utility, excavation, hauling or other prep work, but no replacement or reuse permit was found.",
        "record_id": "case:cf47a6de-1274-457d-9aa0-db3509919e8b",
        "record_type": "Complete Building or Structure Demolition - Residential",
        "replacement_use": "infrastructure_only",
        "status": "Closed",
        "timing_note": "CompassKC lists the permit issue date; an actual demolition date was not posted.",
        "year": "2026"
      },
      "type": "Feature"
    },
    {
      "geometry": {
        "coordinates": [
          [
            [
              -94.55863652694468,
              39.09267341638786
            ],
            [
              -94.56029958753143,
              39.0927415535666
            ],
            [
              -94.56033895670912,
              39.09190926983216
            ],
            [
              -94.56037950024945,
              39.0912157112007
            ],
            [
              -94.5599794756034,
              39.091201663539145
            ],
            [
              -94.55994714966593,
              39.09189482826535
            ],
            [
              -94.55992293165384,
              39.09228141109399
            ],
            [
              -94.55990618046994,
              39.0923336558172
            ],
            [
              -94.55986863621297,
              39.0923788422168
            ],
            [
              -94.55983403932306,
              39.09240263247307
            ],
            [
              -94.55979356398272,
              39.092419997395034
            ],
            [
              -94.5597492375966,
              39.092430064182224
            ],
            [
              -94.55970185106085,
              39.09243235364628
            ],
            [
              -94.55878272237321,
              39.09239628012672
            ],
            [
              -94.55870845452482,
              39.09238052984662
            ],
            [
              -94.55865170280174,
              39.09234955502972
            ],
            [
              -94.55863652694468,
              39.09267341638786
            ]
          ]
        ],
        "type": "Polygon"
      },
      "properties": {
        "activity_date": "2026-03-19",
        "activity_date_basis": "issue_date",
        "activity_date_label": "Permit issued",
        "activity_stage": "issued",
        "address": "1900 E 17th St Kansas City, MO 64127",
        "apply_date": "2026-03-19T17:57:24.123Z",
        "case_number": "CPDC-2026-00062",
        "category": "Complete Building Demolition - Commercial",
        "date": "2026-03-19",
        "detail_url": "https://compasskc.kcmo.org/EnerGov_Prod/SelfService#/permit/0fc7cf11-18bf-4d2b-9743-d0ea071e8415",
        "external_id": "0fc7cf11-18bf-4d2b-9743-d0ea071e8415",
        "geometry_source": "KCMO parcels",
        "has_parcel_polygon": true,
        "issue_date": "2026-03-19T19:33:02.613Z",
        "match_method": "parcel_id",
        "match_status": "matched",
        "parcel_address": "1756 Michigan Ave",
        "parcel_id": "12500",
        "post_demo_confidence": "unknown",
        "post_demo_evidence": [
          {
            "application_date": "2026-02-02T09:27:44.000",
            "issue_date": "2026-02-03T09:27:10.920",
            "project": "137245",
            "record_number": "WS-E-162576",
            "record_type": "WS - Existing Service",
            "relation": "demolition_prep_or_utility",
            "source": "Open Data KC City Issued Permits",
            "status": "Issued",
            "work_class": "Kill Water Service at Main"
          },
          {
            "application_date": "2026-02-02T09:26:17.000",
            "issue_date": "2026-02-03T09:27:37.383",
            "project": "137578",
            "record_number": "WS-E-162575",
            "record_type": "WS - Existing Service",
            "relation": "demolition_prep_or_utility",
            "source": "Open Data KC City Issued Permits",
            "status": "Issued",
            "work_class": "Kill Water Service at Main"
          },
          {
            "application_date": "2026-02-02T09:25:11.000",
            "issue_date": "2026-02-03T09:27:35.097",
            "project": "137393",
            "record_number": "WS-E-162574",
            "record_type": "WS - Existing Service",
            "relation": "demolition_prep_or_utility",
            "source": "Open Data KC City Issued Permits",
            "status": "Issued",
            "work_class": "Kill Water Service at Main"
          }
        ],
        "post_demo_last_checked": "2026-05-29T17:52:47Z",
        "post_demo_status": "utility_prep_only",
        "post_demo_summary": "Recent same-parcel public records show utility, excavation, hauling or other prep work, but no replacement or reuse permit was found.",
        "record_id": "case:0fc7cf11-18bf-4d2b-9743-d0ea071e8415",
        "record_type": "Complete Building Demolition - Commercial",
        "replacement_use": "infrastructure_only",
        "status": "Issued",
        "timing_note": "CompassKC lists the permit issue date; an actual demolition date was not posted.",
        "year": "2026"
      },
      "type": "Feature"
    },
    {
      "geometry": {
        "coordinates": [
          [
            [
              -94.55878226243597,
              39.09223217982189
            ],
            [
              -94.55878967751497,
              39.09225061794544
            ],
            [
              -94.5588131157449,
              39.09226106261551
            ],
            [
              -94.55970837120769,
              39.09229623289532
            ],
            [
              -94.55973596238523,
              39.09228624219647
            ],
            [
              -94.55974387674208,
              39.09227061118054
            ],
            [
              -94.55980762229972,
              39.09119561863514
            ],
            [
              -94.55887380334603,
              39.09116287220511
            ],
            [
              -94.55880897934236,
              39.09208767401593
            ],
            [
              -94.55879127388336,
              39.09208688211929
            ],
            [
              -94.55878226243597,
              39.09223217982189
            ]
          ]
        ],
        "type": "Polygon"
      },
      "properties": {
        "activity_date": "2026-03-19T19:35:03.46Z",
        "activity_date_basis": "issue_date",
        "activity_date_label": "Permit issued",
        "activity_stage": "issued",
        "address": "1905 E 17th St Unit/Suite: BLD 31 Kansas City, MO 64127",
        "apply_date": "2026-03-19T18:01:48.587Z",
        "case_number": "CPDC-2026-00063",
        "category": "Complete Building Demolition - Commercial",
        "date": "2026-03-19T19:35:03.46Z",
        "detail_url": "https://compasskc.kcmo.org/EnerGov_Prod/SelfService#/permit/2666891a-1d48-460a-a555-23bb055d55c6",
        "external_id": "2666891a-1d48-460a-a555-23bb055d55c6",
        "geometry_source": "KCMO parcels",
        "has_parcel_polygon": true,
        "issue_date": "2026-03-19T19:35:03.46Z",
        "match_method": "parcel_id",
        "match_status": "matched",
        "parcel_address": "1727 Michigan Ave",
        "parcel_id": "12501",
        "post_demo_confidence": "likely",
        "post_demo_evidence": [
          {
            "application_date": "2026-05-07T08:30:20.000",
            "issue_date": "2026-05-07T00:00:00.000",
            "project": "Parade Park Phase Site Improvements Michigan Ave",
            "record_number": "CISI-2026-00261",
            "record_type": "CPPU - Special Inspections",
            "relation": "likely_redevelopment",
            "source": "Open Data KC City Issued Permits",
            "status": "Issued",
            "work_class": "City Special Inspections"
          }
        ],
        "post_demo_last_checked": "2026-05-29T17:52:47Z",
        "post_demo_status": "likely_redevelopment",
        "post_demo_summary": "A same-parcel public permit filed near or after this demolition record shows site or redevelopment activity.",
        "record_id": "case:2666891a-1d48-460a-a555-23bb055d55c6",
        "record_type": "Complete Building Demolition - Commercial",
        "replacement_use": "unknown",
        "status": "Issued",
        "timing_note": "CompassKC lists the permit issue date; an actual demolition date was not posted.",
        "year": "2026"
      },
      "type": "Feature"
    },
    {
      "geometry": {
        "coordinates": [
          [
            [
              -94.55878226243597,
              39.09223217982189
            ],
            [
              -94.55878967751497,
              39.09225061794544
            ],
            [
              -94.5588131157449,
              39.09226106261551
            ],
            [
              -94.55970837120769,
              39.09229623289532
            ],
            [
              -94.55973596238523,
              39.09228624219647
            ],
            [
              -94.55974387674208,
              39.09227061118054
            ],
            [
              -94.55980762229972,
              39.09119561863514
            ],
            [
              -94.55887380334603,
              39.09116287220511
            ],
            [
              -94.55880897934236,
              39.09208767401593
            ],
            [
              -94.55879127388336,
              39.09208688211929
            ],
            [
              -94.55878226243597,
              39.09223217982189
            ]
          ]
        ],
        "type": "Polygon"
      },
      "properties": {
        "activity_date": "2026-03-19T19:36:02.69Z",
        "activity_date_basis": "issue_date",
        "activity_date_label": "Permit issued",
        "activity_stage": "issued",
        "address": "1727 Michigan Ave Kansas City, MO 64127",
        "apply_date": "2026-03-19T18:08:34.02Z",
        "case_number": "CPDC-2026-00064",
        "category": "Complete Building Demolition - Commercial",
        "date": "2026-03-19T19:36:02.69Z",
        "detail_url": "https://compasskc.kcmo.org/EnerGov_Prod/SelfService#/permit/f3396fb8-5bc8-479c-9559-09d6bf6c5559",
        "external_id": "f3396fb8-5bc8-479c-9559-09d6bf6c5559",
        "geometry_source": "KCMO parcels",
        "has_parcel_polygon": true,
        "issue_date": "2026-03-19T19:36:02.69Z",
        "match_method": "parcel_id",
        "match_status": "matched",
        "parcel_address": "1727 Michigan Ave",
        "parcel_id": "12501",
        "post_demo_confidence": "likely",
        "post_demo_evidence": [
          {
            "application_date": "2026-05-07T08:30:20.000",
            "issue_date": "2026-05-07T00:00:00.000",
            "project": "Parade Park Phase Site Improvements Michigan Ave",
            "record_number": "CISI-2026-00261",
            "record_type": "CPPU - Special Inspections",
            "relation": "likely_redevelopment",
            "source": "Open Data KC City Issued Permits",
            "status": "Issued",
            "work_class": "City Special Inspections"
          }
        ],
        "post_demo_last_checked": "2026-05-29T17:52:47Z",
        "post_demo_status": "likely_redevelopment",
        "post_demo_summary": "A same-parcel public permit filed near or after this demolition record shows site or redevelopment activity.",
        "record_id": "case:f3396fb8-5bc8-479c-9559-09d6bf6c5559",
        "record_type": "Complete Building Demolition - Commercial",
        "replacement_use": "unknown",
        "status": "Issued",
        "timing_note": "CompassKC lists the permit issue date; an actual demolition date was not posted.",
        "year": "2026"
      },
      "type": "Feature"
    },
    {
      "geometry": {
        "coordinates": [
          [
            [
              -94.51924995951605,
              39.187134566315166
            ],
            [
              -94.51861143818691,
              39.18714382219073
            ],
            [
              -94.51858812602391,
              39.187159270148555
            ],
            [
              -94.51870795855854,
              39.187914805860565
            ],
            [
              -94.5192374091245,
              39.18790584207898
            ],
            [
              -94.51924995951605,
              39.187134566315166
            ]
          ]
        ],
        "type": "Polygon"
      },
      "properties": {
        "activity_date": "2026-03-20",
        "activity_date_basis": "issue_date",
        "activity_date_label": "Permit issued",
        "activity_stage": "issued",
        "address": "5105 NE Vivion Rd Kansas City, MO 64119",
        "apply_date": "2026-03-20T14:36:21.587Z",
        "case_number": "CPDC-2026-00066",
        "category": "Complete Building Demolition - Commercial",
        "date": "2026-03-20",
        "detail_url": "https://compasskc.kcmo.org/EnerGov_Prod/SelfService#/permit/db8e79e8-9d98-4dfd-9c09-02a730f521d8",
        "external_id": "db8e79e8-9d98-4dfd-9c09-02a730f521d8",
        "final_date": "2026-03-28T05:00:00Z",
        "geometry_source": "KCMO parcels",
        "has_parcel_polygon": true,
        "issue_date": "2026-03-20T17:40:03.217Z",
        "match_method": "parcel_id",
        "match_status": "matched",
        "parcel_address": "5105 NE Vivion Rd",
        "parcel_id": "81394",
        "post_demo_confidence": "confirmed",
        "post_demo_evidence": [
          {
            "application_date": "2026-02-18T17:31:26.483",
            "issue_date": "2026-02-20T11:42:27.710",
            "project": "Sonic Drive in Building # 2322",
            "record_number": "CPBC-2026-00149",
            "record_type": "CPPU - Building (Commercial)",
            "relation": "known_replacement",
            "source": "Open Data KC City Issued Permits",
            "status": "Issued",
            "work_class": "New"
          },
          {
            "application_date": "2026-02-18T16:13:30.030",
            "issue_date": "2026-02-20T11:42:25.520",
            "project": "Sonic Drive in Building # 2322",
            "record_number": "CPBC-2026-00148",
            "record_type": "CPPU - Building (Commercial)",
            "relation": "known_replacement",
            "source": "Open Data KC City Issued Permits",
            "status": "Issued",
            "work_class": "New"
          },
          {
            "application_date": "2026-02-18T16:04:55.300",
            "issue_date": "2026-02-20T11:42:22.980",
            "project": "Sonic Drive in Building # 2322",
            "record_number": "CPBC-2026-00147",
            "record_type": "CPPU - Building (Commercial)",
            "relation": "known_replacement",
            "source": "Open Data KC City Issued Permits",
            "status": "Issued",
            "work_class": "New"
          }
        ],
        "post_demo_last_checked": "2026-05-29T17:52:47Z",
        "post_demo_status": "known_replacement",
        "post_demo_summary": "A same-parcel public permit filed near or after this demolition record shows a new building permit.",
        "record_id": "case:db8e79e8-9d98-4dfd-9c09-02a730f521d8",
        "record_type": "Complete Building Demolition - Commercial",
        "replacement_use": "commercial_or_mixed",
        "status": "Closed",
        "timing_note": "CompassKC lists the permit issue date; an actual demolition date was not posted.",
        "year": "2026"
      },
      "type": "Feature"
    },
    {
      "geometry": {
        "coordinates": [
          [
            [
              -94.54231768312594,
              39.11336850615104
            ],
            [
              -94.54204618147503,
              39.11335988743363
            ],
            [
              -94.54203837811154,
              39.11352220550688
            ],
            [
              -94.54230970299179,
              39.11353009212581
            ],
            [
              -94.54231768312594,
              39.11336850615104
            ]
          ]
        ],
        "type": "Polygon"
      },
      "properties": {
        "activity_date": "2026-03-20T14:26:02.37Z",
        "activity_date_basis": "issue_date",
        "activity_date_label": "Permit issued",
        "activity_stage": "issued",
        "address": "100 N Indiana Ave Kansas City, MO 64123",
        "apply_date": "2026-03-17T17:12:34.66Z",
        "case_number": "CPDC-2026-00061",
        "category": "Complete Building Demolition - Commercial",
        "date": "2026-03-20T14:26:02.37Z",
        "detail_url": "https://compasskc.kcmo.org/EnerGov_Prod/SelfService#/permit/e3b0cce5-6343-4dde-bc28-ad220135de87",
        "external_id": "e3b0cce5-6343-4dde-bc28-ad220135de87",
        "final_date": "2026-03-27T05:00:00Z",
        "geometry_source": "KCMO parcels",
        "has_parcel_polygon": true,
        "issue_date": "2026-03-20T14:26:02.37Z",
        "match_method": "parcel_id",
        "match_status": "matched",
        "parcel_address": "100 N Indiana Ave",
        "parcel_id": "40777",
        "post_demo_confidence": "unknown",
        "post_demo_evidence": [
          {
            "application_date": "2026-03-16T14:03:12.887",
            "issue_date": "2026-03-16T14:33:02.460",
            "project": "",
            "record_number": "PW-H-2026-00043",
            "record_type": "PW - Hauling",
            "relation": "demolition_prep_or_utility",
            "source": "Open Data KC City Issued Permits",
            "status": "Issued",
            "work_class": "Hauling"
          },
          {
            "application_date": "2026-01-21T12:57:44.550",
            "issue_date": "2026-01-21T13:21:15.000",
            "project": "",
            "record_number": "PW-EXC-2026-00225",
            "record_type": "PW - Excavation",
            "relation": "demolition_prep_or_utility",
            "source": "Open Data KC City Issued Permits",
            "status": "Closed",
            "work_class": "Spire Excavation"
          },
          {
            "application_date": "2025-12-16T10:06:34.000",
            "issue_date": "2025-12-16T14:03:06.983",
            "project": "59378",
            "record_number": "WS-E-162448",
            "record_type": "WS - Existing Service",
            "relation": "demolition_prep_or_utility",
            "source": "Open Data KC City Issued Permits",
            "status": "Issued",
            "work_class": "Kill Water Service at Main"
          }
        ],
        "post_demo_last_checked": "2026-05-29T17:52:47Z",
        "post_demo_status": "utility_prep_only",
        "post_demo_summary": "Recent same-parcel public records show utility, excavation, hauling or other prep work, but no replacement or reuse permit was found.",
        "record_id": "case:e3b0cce5-6343-4dde-bc28-ad220135de87",
        "record_type": "Complete Building Demolition - Commercial",
        "replacement_use": "infrastructure_only",
        "status": "Closed",
        "timing_note": "CompassKC lists the permit issue date; an actual demolition date was not posted.",
        "year": "2026"
      },
      "type": "Feature"
    },
    {
      "geometry": {
        "coordinates": [
          [
            [
              -94.5124878996264,
              39.091574412708944
            ],
            [
              -94.51210221055791,
              39.09156459121103
            ],
            [
              -94.51209791144508,
              39.091655222788646
            ],
            [
              -94.51248336464232,
              39.09166499856439
            ],
            [
              -94.5124878996264,
              39.091574412708944
            ]
          ]
        ],
        "type": "Polygon"
      },
      "properties": {
        "activity_date": "2026-03-23",
        "activity_date_basis": "issue_date",
        "activity_date_label": "Permit issued",
        "activity_stage": "issued",
        "address": "1609 White Ave Kansas City, MO 64126",
        "apply_date": "2026-03-04T18:08:56.283Z",
        "case_number": "CPDR-2026-00044",
        "category": "Complete Building or Structure Demolition - Residential",
        "date": "2026-03-23",
        "detail_url": "https://compasskc.kcmo.org/EnerGov_Prod/SelfService#/permit/4c47c8a8-1ab5-47b3-8b8c-4f6951b19258",
        "external_id": "4c47c8a8-1ab5-47b3-8b8c-4f6951b19258",
        "final_date": "2026-05-19T05:00:00Z",
        "geometry_source": "KCMO parcels",
        "has_parcel_polygon": true,
        "issue_date": "2026-03-23T15:24:04.163Z",
        "match_method": "parcel_id",
        "match_status": "matched",
        "parcel_address": "1609 White Ave",
        "parcel_id": "6546",
        "post_demo_confidence": "unknown",
        "post_demo_evidence": [
          {
            "application_date": "2026-03-23T09:51:53.000",
            "issue_date": "2026-03-23T10:05:08.443",
            "project": "",
            "record_number": "PW-H-2026-00048",
            "record_type": "PW - Hauling",
            "relation": "demolition_prep_or_utility",
            "source": "Open Data KC City Issued Permits",
            "status": "Issued",
            "work_class": "Hauling"
          },
          {
            "application_date": "2026-03-02T10:18:06.000",
            "issue_date": "2026-03-02T10:23:05.147",
            "project": "64296",
            "record_number": "WS-E-162669",
            "record_type": "WS - Existing Service",
            "relation": "demolition_prep_or_utility",
            "source": "Open Data KC City Issued Permits",
            "status": "Issued",
            "work_class": "Kill Water Service at Main"
          },
          {
            "application_date": "2026-03-02T10:17:29.000",
            "issue_date": "",
            "project": "64296",
            "record_number": "PW-EXC-2026-00675",
            "record_type": "PW - Excavation",
            "relation": "demolition_prep_or_utility",
            "source": "Open Data KC City Issued Permits",
            "status": "Ready For Issuance",
            "work_class": "Water Main/Pipeline"
          }
        ],
        "post_demo_last_checked": "2026-05-29T17:52:47Z",
        "post_demo_status": "utility_prep_only",
        "post_demo_summary": "Recent same-parcel public records show utility, excavation, hauling or other prep work, but no replacement or reuse permit was found.",
        "record_id": "case:4c47c8a8-1ab5-47b3-8b8c-4f6951b19258",
        "record_type": "Complete Building or Structure Demolition - Residential",
        "replacement_use": "infrastructure_only",
        "status": "Closed",
        "timing_note": "CompassKC lists the permit issue date; an actual demolition date was not posted.",
        "year": "2026"
      },
      "type": "Feature"
    },
    {
      "geometry": {
        "coordinates": [
          [
            [
              -94.51965461404984,
              39.18432696522313
            ],
            [
              -94.51929023329382,
              39.18399359059221
            ],
            [
              -94.51910313837081,
              39.18411811289663
            ],
            [
              -94.5194670204437,
              39.184451054033914
            ],
            [
              -94.51965461404984,
              39.18432696522313
            ]
          ]
        ],
        "type": "Polygon"
      },
      "properties": {
        "activity_date": "2026-03-24",
        "activity_date_basis": "final_date",
        "activity_date_label": "Permit finalized",
        "activity_stage": "complete",
        "address": "5114 NE Barnes Ave Kansas City, MO 64119",
        "apply_date": "2026-03-17T22:42:39.43Z",
        "case_number": "CPDR-2026-00062",
        "category": "Partial Building Demolition - Residential",
        "date": "2026-03-24",
        "detail_url": "https://compasskc.kcmo.org/EnerGov_Prod/SelfService#/permit/5d6e45e6-517e-49b2-9c08-2a85a683f89d",
        "external_id": "5d6e45e6-517e-49b2-9c08-2a85a683f89d",
        "final_date": "2026-03-24T14:01:48Z",
        "geometry_source": "KCMO parcels",
        "has_parcel_polygon": true,
        "match_method": "parcel_id",
        "match_status": "matched",
        "parcel_address": "5114 NE Barnes Ave",
        "parcel_id": "81469",
        "post_demo_confidence": "unknown",
        "post_demo_evidence": [
          {
            "application_date": "2026-05-21T16:26:41.133",
            "issue_date": "2026-05-27T13:14:03.813",
            "project": "",
            "record_number": "PW-H-2026-00084",
            "record_type": "PW - Hauling",
            "relation": "demolition_prep_or_utility",
            "source": "Open Data KC City Issued Permits",
            "status": "Issued",
            "work_class": "Hauling"
          }
        ],
        "post_demo_last_checked": "2026-05-29T17:52:47Z",
        "post_demo_status": "utility_prep_only",
        "post_demo_summary": "Recent same-parcel public records show utility, excavation, hauling or other prep work, but no replacement or reuse permit was found.",
        "record_id": "case:5d6e45e6-517e-49b2-9c08-2a85a683f89d",
        "record_type": "Partial Building Demolition - Residential",
        "replacement_use": "infrastructure_only",
        "status": "Voided-City",
        "timing_note": "CompassKC lists a final/completion date; an actual demolition date was not posted.",
        "year": "2026"
      },
      "type": "Feature"
    },
    {
      "geometry": {
        "coordinates": [
          [
            [
              -94.59534311258624,
              39.003382948631106
            ],
            [
              -94.59516219276686,
              39.00341455722904
            ],
            [
              -94.59489283826738,
              39.00369269004788
            ],
            [
              -94.59495480238058,
              39.00371497212791
            ],
            [
              -94.59512838725973,
              39.00374668174375
            ],
            [
              -94.59534311258624,
              39.003382948631106
            ]
          ]
        ],
        "type": "Polygon"
      },
      "properties": {
        "activity_date": "2026-03-24T20:07:27.17Z",
        "activity_date_basis": "complete_date",
        "activity_date_label": "Review completed",
        "activity_stage": "review",
        "address": "425 W 69th St Kansas City, MO 64113",
        "apply_date": "2026-03-05T02:15:55.743Z",
        "case_number": "CH-DM-2026-00011",
        "category": "Demolition Review, Administrative",
        "complete_date": "2026-03-24T20:07:27.17Z",
        "date": "2026-03-24T20:07:27.17Z",
        "detail_url": "https://compasskc.kcmo.org/EnerGov_Prod/SelfService#/plan/4c6cabc7-a7e7-4ece-a6c6-9443e7ede141",
        "external_id": "4c6cabc7-a7e7-4ece-a6c6-9443e7ede141",
        "geometry_source": "KCMO parcels",
        "has_parcel_polygon": true,
        "match_method": "parcel_id",
        "match_status": "matched",
        "parcel_address": "425 W 69th St",
        "parcel_id": "109454",
        "post_demo_confidence": "likely",
        "post_demo_evidence": [
          {
            "application_date": "2026-03-04T15:24:41.043",
            "issue_date": "2026-03-09T16:39:02.253",
            "project": "",
            "record_number": "CPBR-2026-00500",
            "record_type": "CPPU - Building (Residential)",
            "relation": "likely_redevelopment",
            "source": "Open Data KC City Issued Permits",
            "status": "Issued",
            "work_class": "Detached Accessory Structure"
          }
        ],
        "post_demo_last_checked": "2026-05-29T17:52:47Z",
        "post_demo_status": "likely_redevelopment",
        "post_demo_summary": "A same-parcel public permit filed near or after this demolition record shows site or redevelopment activity.",
        "record_id": "case:4c6cabc7-a7e7-4ece-a6c6-9443e7ede141",
        "record_type": "Demolition Review, Administrative",
        "replacement_use": "housing",
        "status": "Voided",
        "timing_note": "CompassKC lists a demolition-review milestone; an actual demolition date was not posted.",
        "year": "2026"
      },
      "type": "Feature"
    },
    {
      "geometry": {
        "coordinates": [
          [
            [
              -94.45474630371191,
              39.29549451182444
            ],
            [
              -94.45379263670081,
              39.29549615011092
            ],
            [
              -94.4537845630173,
              39.29639912586015
            ],
            [
              -94.45244846518851,
              39.29639785511351
            ],
            [
              -94.4524011820314,
              39.2989966513736
            ],
            [
              -94.45469619706797,
              39.29899630862843
            ],
            [
              -94.45474630371191,
              39.29549451182444
            ]
          ]
        ],
        "type": "Polygon"
      },
      "properties": {
        "activity_date": "2026-03-24T20:12:21.08Z",
        "activity_date_basis": "issue_date",
        "activity_date_label": "Permit issued",
        "activity_stage": "issued",
        "address": "10000 NE 112th St Kansas City, MO 64157",
        "apply_date": "2026-03-23T20:48:49.097Z",
        "case_number": "CPDR-2026-00066",
        "category": "Complete Building or Structure Demolition - Residential",
        "date": "2026-03-24T20:12:21.08Z",
        "detail_url": "https://compasskc.kcmo.org/EnerGov_Prod/SelfService#/permit/381c42be-2fba-463d-a6dc-1fa6f86f4d5a",
        "external_id": "381c42be-2fba-463d-a6dc-1fa6f86f4d5a",
        "geometry_source": "KCMO parcels",
        "has_parcel_polygon": true,
        "issue_date": "2026-03-24T20:12:21.08Z",
        "match_method": "parcel_id",
        "match_status": "matched",
        "parcel_address": "10000 NE 112th St",
        "parcel_id": "98887",
        "post_demo_confidence": "unknown",
        "post_demo_evidence": [
          {
            "application_date": "2026-02-25T15:32:53.827",
            "issue_date": "2026-03-02T13:00:11.530",
            "project": "",
            "record_number": "PW-H-2026-00030",
            "record_type": "PW - Hauling",
            "relation": "demolition_prep_or_utility",
            "source": "Open Data KC City Issued Permits",
            "status": "Issued",
            "work_class": "Hauling"
          },
          {
            "application_date": "2026-01-27T08:17:22.000",
            "issue_date": "2026-01-27T08:22:14.000",
            "project": "104478",
            "record_number": "WS-E-162545",
            "record_type": "WS - Existing Service",
            "relation": "demolition_prep_or_utility",
            "source": "Open Data KC City Issued Permits",
            "status": "Issued",
            "work_class": "Disconnect Service Line at Curb"
          },
          {
            "application_date": "2026-01-26T12:01:07.753",
            "issue_date": "2026-01-28T11:10:48.000",
            "project": "104478",
            "record_number": "WS-PW-PR-2026-00168",
            "record_type": "WS-PW-PR New Connection - Kills - Repairs - Coord",
            "relation": "demolition_prep_or_utility",
            "source": "Open Data KC City Issued Permits",
            "status": "Issued",
            "work_class": "Water Service Lines - Kills"
          }
        ],
        "post_demo_last_checked": "2026-05-29T17:52:47Z",
        "post_demo_status": "utility_prep_only",
        "post_demo_summary": "Recent same-parcel public records show utility, excavation, hauling or other prep work, but no replacement or reuse permit was found.",
        "record_id": "case:381c42be-2fba-463d-a6dc-1fa6f86f4d5a",
        "record_type": "Complete Building or Structure Demolition - Residential",
        "replacement_use": "infrastructure_only",
        "status": "Issued",
        "timing_note": "CompassKC lists the permit issue date; an actual demolition date was not posted.",
        "year": "2026"
      },
      "type": "Feature"
    },
    {
      "geometry": {
        "coordinates": [
          [
            [
              -94.55155883714147,
              39.093321287848006
            ],
            [
              -94.55069675293944,
              39.09328819137304
            ],
            [
              -94.55063176718988,
              39.09459049844454
            ],
            [
              -94.55149327058554,
              39.09461270442592
            ],
            [
              -94.55155883714147,
              39.093321287848006
            ]
          ]
        ],
        "type": "Polygon"
      },
      "properties": {
        "activity_date": "2026-03-25",
        "activity_date_basis": "issue_date",
        "activity_date_label": "Permit issued",
        "activity_stage": "issued",
        "address": "2601 E Truman Rd Kansas City, MO 64127",
        "apply_date": "2026-03-25T19:52:35.627Z",
        "case_number": "CPDC-2026-00069",
        "category": "Complete Building Demolition - Commercial",
        "date": "2026-03-25",
        "detail_url": "https://compasskc.kcmo.org/EnerGov_Prod/SelfService#/permit/0dd9679f-805e-40a1-ae96-5ee49f2f7adf",
        "external_id": "0dd9679f-805e-40a1-ae96-5ee49f2f7adf",
        "geometry_source": "KCMO parcels",
        "has_parcel_polygon": true,
        "issue_date": "2026-03-25T20:21:06.667Z",
        "match_method": "parcel_id",
        "match_status": "matched",
        "parcel_address": "2601 E Truman Rd",
        "parcel_id": "11226",
        "post_demo_confidence": "unknown",
        "post_demo_evidence": [
          {
            "application_date": "2026-04-13T07:37:45.460",
            "issue_date": "2026-04-13T10:30:08.260",
            "project": "",
            "record_number": "PW-TC-2026-01062",
            "record_type": "PW - Traffic Control",
            "relation": "demolition_prep_or_utility",
            "source": "Open Data KC City Issued Permits",
            "status": "Issued",
            "work_class": "Traffic Control for Construction"
          },
          {
            "application_date": "2026-03-24T12:01:36.003",
            "issue_date": "2026-03-24T15:01:03.120",
            "project": "",
            "record_number": "PW-H-2026-00050",
            "record_type": "PW - Hauling",
            "relation": "demolition_prep_or_utility",
            "source": "Open Data KC City Issued Permits",
            "status": "Issued",
            "work_class": "Hauling"
          },
          {
            "application_date": "2026-03-18T07:51:46.363",
            "issue_date": "2026-03-24T08:31:04.300",
            "project": "",
            "record_number": "PW-TC-2026-00783",
            "record_type": "PW - Traffic Control",
            "relation": "demolition_prep_or_utility",
            "source": "Open Data KC City Issued Permits",
            "status": "Closed",
            "work_class": "Traffic Control for Construction"
          }
        ],
        "post_demo_last_checked": "2026-05-29T17:52:47Z",
        "post_demo_status": "utility_prep_only",
        "post_demo_summary": "Recent same-parcel public records show utility, excavation, hauling or other prep work, but no replacement or reuse permit was found.",
        "record_id": "case:0dd9679f-805e-40a1-ae96-5ee49f2f7adf",
        "record_type": "Complete Building Demolition - Commercial",
        "replacement_use": "infrastructure_only",
        "status": "Issued",
        "timing_note": "CompassKC lists the permit issue date; an actual demolition date was not posted.",
        "year": "2026"
      },
      "type": "Feature"
    },
    {
      "geometry": {
        "coordinates": [
          [
            [
              -94.51944083410619,
              39.094743813437695
            ],
            [
              -94.51982154889623,
              39.09475523603024
            ],
            [
              -94.51982549174836,
              39.09468002587919
            ],
            [
              -94.51944486447638,
              39.09466773496159
            ],
            [
              -94.51944083410619,
              39.094743813437695
            ]
          ]
        ],
        "type": "Polygon"
      },
      "properties": {
        "activity_date": "2026-03-26",
        "activity_date_basis": "issue_date",
        "activity_date_label": "Permit issued",
        "activity_stage": "issued",
        "address": "1424 Hardesty Ave Kansas City, MO 64127",
        "apply_date": "2026-03-26T19:38:35.093Z",
        "case_number": "CPDR-2026-00069",
        "category": "Complete Building or Structure Demolition - Residential",
        "date": "2026-03-26",
        "detail_url": "https://compasskc.kcmo.org/EnerGov_Prod/SelfService#/permit/20f527f7-f61e-4508-8426-2ef5365194c1",
        "external_id": "20f527f7-f61e-4508-8426-2ef5365194c1",
        "final_date": "2026-04-03T05:00:00Z",
        "geometry_source": "KCMO parcels",
        "has_parcel_polygon": true,
        "issue_date": "2026-03-26T20:20:44Z",
        "match_method": "parcel_id",
        "match_status": "matched",
        "parcel_address": "1424 Hardesty Ave",
        "parcel_id": "255880",
        "post_demo_confidence": "unknown",
        "post_demo_evidence": [
          {
            "application_date": "2026-03-23T00:13:30.010",
            "issue_date": "2026-03-26T14:30:12.200",
            "project": "",
            "record_number": "PW-H-2026-00047",
            "record_type": "PW - Hauling",
            "relation": "demolition_prep_or_utility",
            "source": "Open Data KC City Issued Permits",
            "status": "Issued",
            "work_class": "Hauling"
          },
          {
            "application_date": "2026-03-06T13:37:30.637",
            "issue_date": "2026-03-11T09:22:18.000",
            "project": "",
            "record_number": "PW-EXC-2026-00766",
            "record_type": "PW - Excavation",
            "relation": "demolition_prep_or_utility",
            "source": "Open Data KC City Issued Permits",
            "status": "Issued With Unpaid Fees",
            "work_class": "Spire Excavation"
          },
          {
            "application_date": "2026-03-05T09:39:19.000",
            "issue_date": "2026-03-10T21:23:26.517",
            "project": "41216",
            "record_number": "WS-E-162689",
            "record_type": "WS - Existing Service",
            "relation": "demolition_prep_or_utility",
            "source": "Open Data KC City Issued Permits",
            "status": "Issued",
            "work_class": "Kill Water Service at Main"
          }
        ],
        "post_demo_last_checked": "2026-05-29T17:52:47Z",
        "post_demo_status": "utility_prep_only",
        "post_demo_summary": "Recent same-parcel public records show utility, excavation, hauling or other prep work, but no replacement or reuse permit was found.",
        "record_id": "case:20f527f7-f61e-4508-8426-2ef5365194c1",
        "record_type": "Complete Building or Structure Demolition - Residential",
        "replacement_use": "infrastructure_only",
        "status": "Closed",
        "timing_note": "CompassKC lists the permit issue date; an actual demolition date was not posted.",
        "year": "2026"
      },
      "type": "Feature"
    },
    {
      "geometry": {
        "coordinates": [
          [
            [
              -94.55000121948616,
              39.12498385217743
            ],
            [
              -94.54967741466453,
              39.12497341978173
            ],
            [
              -94.54966461327899,
              39.12531773240413
            ],
            [
              -94.54998648263097,
              39.12532953849991
            ],
            [
              -94.55000121948616,
              39.12498385217743
            ]
          ]
        ],
        "type": "Polygon"
      },
      "properties": {
        "activity_date": "2026-03-27",
        "activity_date_basis": "complete_date",
        "activity_date_label": "Review approved",
        "activity_stage": "review",
        "address": "921 N Prospect Ave Kansas City, MO 64120",
        "apply_date": "2026-03-18T15:40:09.65Z",
        "case_number": "CH-DM-2026-00013",
        "category": "Demolition Review, Administrative",
        "complete_date": "2026-03-27T13:12:16Z",
        "date": "2026-03-27",
        "detail_url": "https://compasskc.kcmo.org/EnerGov_Prod/SelfService#/plan/170f6588-dda5-4066-960d-4e1c0a0438aa",
        "expiration_date": "2030-03-27T13:12:23Z",
        "external_id": "170f6588-dda5-4066-960d-4e1c0a0438aa",
        "geometry_source": "KCMO parcels",
        "has_parcel_polygon": true,
        "match_method": "parcel_id",
        "match_status": "matched",
        "parcel_address": "921 N Prospect Ave",
        "parcel_id": "38733",
        "post_demo_confidence": "unknown",
        "post_demo_evidence": [
          {
            "application_date": "2026-03-13T07:41:03.810",
            "issue_date": "2026-03-16T11:25:04.437",
            "project": "",
            "record_number": "PW-H-2026-00041",
            "record_type": "PW - Hauling",
            "relation": "demolition_prep_or_utility",
            "source": "Open Data KC City Issued Permits",
            "status": "Issued",
            "work_class": "Hauling"
          },
          {
            "application_date": "2026-02-24T14:33:49.000",
            "issue_date": "2026-03-03T13:39:02.623",
            "project": "87648",
            "record_number": "WS-E-162654",
            "record_type": "WS - Existing Service",
            "relation": "demolition_prep_or_utility",
            "source": "Open Data KC City Issued Permits",
            "status": "Issued",
            "work_class": "Kill Water Service at Main"
          },
          {
            "application_date": "2026-02-24T14:32:39.000",
            "issue_date": "2026-02-27T09:53:04.920",
            "project": "",
            "record_number": "PW-EXC-2026-00602",
            "record_type": "PW - Excavation",
            "relation": "demolition_prep_or_utility",
            "source": "Open Data KC City Issued Permits",
            "status": "Closed",
            "work_class": "Water Main/Pipeline"
          }
        ],
        "post_demo_last_checked": "2026-05-29T17:52:47Z",
        "post_demo_status": "utility_prep_only",
        "post_demo_summary": "Recent same-parcel public records show utility, excavation, hauling or other prep work, but no replacement or reuse permit was found.",
        "record_id": "case:170f6588-dda5-4066-960d-4e1c0a0438aa",
        "record_type": "Demolition Review, Administrative",
        "replacement_use": "infrastructure_only",
        "status": "Approved",
        "timing_note": "CompassKC lists a demolition-review milestone; an actual demolition date was not posted.",
        "year": "2026"
      },
      "type": "Feature"
    },
    {
      "geometry": {
        "coordinates": [
          [
            [
              -94.55460573164143,
              39.10268803658424
            ],
            [
              -94.55368230980801,
              39.10266068883776
            ],
            [
              -94.5536429252351,
              39.10362235961987
            ],
            [
              -94.55456068956718,
              39.10364659854624
            ],
            [
              -94.55460573164143,
              39.10268803658424
            ]
          ]
        ],
        "type": "Polygon"
      },
      "properties": {
        "activity_date": "2026-03-27",
        "activity_date_basis": "complete_date",
        "activity_date_label": "Review approved",
        "activity_stage": "review",
        "address": "2300 E 9th St Unit/Suite: UNIT A Kansas City, MO 64124",
        "apply_date": "2026-03-20T16:23:01Z",
        "case_number": "CH-DM-2026-00014",
        "category": "Demolition Review, Administrative",
        "complete_date": "2026-03-27T13:12:58Z",
        "date": "2026-03-27",
        "detail_url": "https://compasskc.kcmo.org/EnerGov_Prod/SelfService#/plan/1fa4398c-adf9-4032-835b-28f909cf6467",
        "expiration_date": "2030-03-27T13:13:06Z",
        "external_id": "1fa4398c-adf9-4032-835b-28f909cf6467",
        "geometry_source": "KCMO parcels",
        "has_parcel_polygon": true,
        "match_method": "parcel_id",
        "match_status": "matched",
        "parcel_address": "2300 E 9th St UNIT A",
        "parcel_id": "11651",
        "post_demo_confidence": "unknown",
        "post_demo_evidence": [
          {
            "application_date": "2026-05-11T15:49:07.190",
            "issue_date": "2026-05-13T09:16:52.000",
            "project": "",
            "record_number": "PW-EXC-2026-01731",
            "record_type": "PW - Excavation",
            "relation": "demolition_prep_or_utility",
            "source": "Open Data KC City Issued Permits",
            "status": "Issued With Unpaid Fees",
            "work_class": "Spire Excavation"
          },
          {
            "application_date": "2026-04-01T16:06:41.000",
            "issue_date": "2026-04-06T00:23:02.470",
            "project": "146024",
            "record_number": "WS-E-162764",
            "record_type": "WS - Existing Service",
            "relation": "demolition_prep_or_utility",
            "source": "Open Data KC City Issued Permits",
            "status": "Issued",
            "work_class": "Kill Water Service at Main"
          },
          {
            "application_date": "2026-04-01T15:47:52.750",
            "issue_date": "2026-04-06T12:50:24.000",
            "project": "",
            "record_number": "PW-EXC-2026-01115",
            "record_type": "PW - Excavation",
            "relation": "demolition_prep_or_utility",
            "source": "Open Data KC City Issued Permits",
            "status": "Closed",
            "work_class": "Spire Excavation"
          }
        ],
        "post_demo_last_checked": "2026-05-29T17:52:47Z",
        "post_demo_status": "utility_prep_only",
        "post_demo_summary": "Recent same-parcel public records show utility, excavation, hauling or other prep work, but no replacement or reuse permit was found.",
        "record_id": "case:1fa4398c-adf9-4032-835b-28f909cf6467",
        "record_type": "Demolition Review, Administrative",
        "replacement_use": "infrastructure_only",
        "status": "Approved",
        "story_angle_clues": [
          {
            "angle": "Housing / multifamily",
            "context": "Demolish Olive Park Apartment Complex",
            "field": "project description",
            "matched_text": "Apartment"
          }
        ],
        "story_angles": [
          "Housing / multifamily"
        ],
        "timing_note": "CompassKC lists a demolition-review milestone; an actual demolition date was not posted.",
        "year": "2026"
      },
      "type": "Feature"
    },
    {
      "geometry": {
        "coordinates": [
          [
            [
              -94.55000121948616,
              39.12498385217743
            ],
            [
              -94.54967741466453,
              39.12497341978173
            ],
            [
              -94.54966461327899,
              39.12531773240413
            ],
            [
              -94.54998648263097,
              39.12532953849991
            ],
            [
              -94.55000121948616,
              39.12498385217743
            ]
          ]
        ],
        "type": "Polygon"
      },
      "properties": {
        "activity_date": "2026-03-27",
        "activity_date_basis": "complete_date",
        "activity_date_label": "Review approved",
        "activity_stage": "review",
        "address": "927 N Prospect Ave Kansas City, MO 64120",
        "apply_date": "2026-03-20T16:34:57Z",
        "case_number": "CH-DM-2026-00015",
        "category": "Demolition Review, Administrative",
        "complete_date": "2026-03-27T13:13:34Z",
        "date": "2026-03-27",
        "detail_url": "https://compasskc.kcmo.org/EnerGov_Prod/SelfService#/plan/c898e1d8-f3bf-4c18-bf78-654ad50373f2",
        "expiration_date": "2030-03-27T13:13:43Z",
        "external_id": "c898e1d8-f3bf-4c18-bf78-654ad50373f2",
        "geometry_source": "KCMO parcels",
        "has_parcel_polygon": true,
        "match_method": "parcel_id",
        "match_status": "matched",
        "parcel_address": "921 N Prospect Ave",
        "parcel_id": "38733",
        "post_demo_confidence": "unknown",
        "post_demo_evidence": [
          {
            "application_date": "2026-03-13T07:41:03.810",
            "issue_date": "2026-03-16T11:25:04.437",
            "project": "",
            "record_number": "PW-H-2026-00041",
            "record_type": "PW - Hauling",
            "relation": "demolition_prep_or_utility",
            "source": "Open Data KC City Issued Permits",
            "status": "Issued",
            "work_class": "Hauling"
          },
          {
            "application_date": "2026-02-24T14:33:49.000",
            "issue_date": "2026-03-03T13:39:02.623",
            "project": "87648",
            "record_number": "WS-E-162654",
            "record_type": "WS - Existing Service",
            "relation": "demolition_prep_or_utility",
            "source": "Open Data KC City Issued Permits",
            "status": "Issued",
            "work_class": "Kill Water Service at Main"
          },
          {
            "application_date": "2026-02-24T14:32:39.000",
            "issue_date": "2026-02-27T09:53:04.920",
            "project": "",
            "record_number": "PW-EXC-2026-00602",
            "record_type": "PW - Excavation",
            "relation": "demolition_prep_or_utility",
            "source": "Open Data KC City Issued Permits",
            "status": "Closed",
            "work_class": "Water Main/Pipeline"
          }
        ],
        "post_demo_last_checked": "2026-05-29T17:52:47Z",
        "post_demo_status": "utility_prep_only",
        "post_demo_summary": "Recent same-parcel public records show utility, excavation, hauling or other prep work, but no replacement or reuse permit was found.",
        "record_id": "case:c898e1d8-f3bf-4c18-bf78-654ad50373f2",
        "record_type": "Demolition Review, Administrative",
        "replacement_use": "infrastructure_only",
        "status": "Approved",
        "timing_note": "CompassKC lists a demolition-review milestone; an actual demolition date was not posted.",
        "year": "2026"
      },
      "type": "Feature"
    },
    {
      "geometry": {
        "coordinates": [
          [
            [
              -94.55812355807736,
              39.078549272942794
            ],
            [
              -94.5576645140411,
              39.0785351545973
            ],
            [
              -94.55766003936851,
              39.0786278462612
            ],
            [
              -94.55811934882678,
              39.078641827778995
            ],
            [
              -94.55812355807736,
              39.078549272942794
            ]
          ]
        ],
        "type": "Polygon"
      },
      "properties": {
        "activity_date": "2026-03-27",
        "activity_date_basis": "apply_date",
        "activity_date_label": "Application filed",
        "activity_stage": "applied",
        "address": "2611 Garfield Ave Kansas City, MO 64127",
        "apply_date": "2026-03-27T16:48:54.013Z",
        "case_number": "CPDR-2026-00072",
        "category": "Partial Building Demolition - Residential",
        "date": "2026-03-27",
        "detail_url": "https://compasskc.kcmo.org/EnerGov_Prod/SelfService#/permit/0eba4c4b-e228-4163-944f-a2a3bede493c",
        "external_id": "0eba4c4b-e228-4163-944f-a2a3bede493c",
        "geometry_source": "KCMO parcels",
        "has_parcel_polygon": true,
        "match_method": "parcel_id",
        "match_status": "matched",
        "parcel_address": "2611 Garfield Ave",
        "parcel_id": "14504",
        "post_demo_confidence": "unknown",
        "post_demo_last_checked": "2026-05-29T17:52:47Z",
        "post_demo_status": "no_public_followup_found",
        "post_demo_summary": "No same-parcel replacement or redevelopment permit was found in public permit history yet.",
        "record_id": "case:0eba4c4b-e228-4163-944f-a2a3bede493c",
        "record_type": "Partial Building Demolition - Residential",
        "replacement_use": "unknown",
        "status": "Awaiting Customer Response",
        "timing_note": "CompassKC lists the application date; an actual demolition date was not posted.",
        "year": "2026"
      },
      "type": "Feature"
    },
    {
      "geometry": {
        "coordinates": [
          [
            [
              -94.5953311861503,
              39.04700490940763
            ],
            [
              -94.59519060024603,
              39.04699996812174
            ],
            [
              -94.59517773886462,
              39.0472553746011
            ],
            [
              -94.59531832530585,
              39.047260339354544
            ],
            [
              -94.5953311861503,
              39.04700490940763
            ]
          ]
        ],
        "type": "Polygon"
      },
      "properties": {
        "activity_date": "2026-03-30",
        "activity_date_basis": "complete_date",
        "activity_date_label": "Review completed",
        "activity_stage": "review",
        "address": "721 Corbin Ter Kansas City, MO 64111",
        "apply_date": "2026-03-26T19:40:43.24Z",
        "case_number": "CH-DM-2026-00017",
        "category": "Demolition Review, Regular",
        "complete_date": "2026-03-30T13:10:51.317Z",
        "date": "2026-03-30",
        "detail_url": "https://compasskc.kcmo.org/EnerGov_Prod/SelfService#/plan/ffe3457c-69b6-4b9c-9f6a-343ae21121cd",
        "external_id": "ffe3457c-69b6-4b9c-9f6a-343ae21121cd",
        "geometry_source": "KCMO parcels",
        "has_parcel_polygon": true,
        "match_method": "parcel_id",
        "match_status": "matched",
        "parcel_address": "721 Corbin Ter",
        "parcel_id": "140410",
        "post_demo_confidence": "confirmed",
        "post_demo_evidence": [
          {
            "application_date": "2026-03-16T17:59:42.213",
            "issue_date": "2026-03-23T15:29:10.157",
            "project": "",
            "record_number": "CPBR-2026-00593",
            "record_type": "CPPU - Building (Residential)",
            "relation": "known_replacement",
            "source": "Open Data KC City Issued Permits",
            "status": "Issued",
            "work_class": "Single Family - New"
          }
        ],
        "post_demo_last_checked": "2026-05-29T17:52:47Z",
        "post_demo_status": "known_replacement",
        "post_demo_summary": "A same-parcel public permit filed near or after this demolition record shows a new housing permit.",
        "record_id": "case:ffe3457c-69b6-4b9c-9f6a-343ae21121cd",
        "record_type": "Demolition Review, Regular",
        "replacement_use": "housing",
        "status": "Voided",
        "timing_note": "CompassKC lists a demolition-review milestone; an actual demolition date was not posted.",
        "year": "2026"
      },
      "type": "Feature"
    },
    {
      "geometry": {
        "coordinates": [
          [
            [
              -94.60739609551251,
              39.03068554081783
            ],
            [
              -94.60677855941826,
              39.03073193828334
            ],
            [
              -94.60649618346017,
              39.030777913145506
            ],
            [
              -94.606488789431,
              39.03083562452771
            ],
            [
              -94.60586788703633,
              39.031163502353394
            ],
            [
              -94.60608934301605,
              39.03141778372495
            ],
            [
              -94.60619226387587,
              39.03156115309522
            ],
            [
              -94.60624067486577,
              39.031644281285665
            ],
            [
              -94.60629017186622,
              39.03174681094252
            ],
            [
              -94.60633007980945,
              39.03185184505767
            ],
            [
              -94.60636016317325,
              39.031958854161466
            ],
            [
              -94.60637760694713,
              39.03204914937798
            ],
            [
              -94.60638932911311,
              39.03215830428604
            ],
            [
              -94.60639093011207,
              39.03226785625448
            ],
            [
              -94.60638241120813,
              39.0323772120939
            ],
            [
              -94.60636758538134,
              39.03246778842066
            ],
            [
              -94.60634063957941,
              39.032575307697435
            ],
            [
              -94.60630377450082,
              39.03268102898292
            ],
            [
              -94.606257284811,
              39.03278437825957
            ],
            [
              -94.6063647081173,
              39.032779407286675
            ],
            [
              -94.607187548042,
              39.03350198838161
            ],
            [
              -94.607339307716,
              39.033501323142616
            ],
            [
              -94.60733650712612,
              39.03261960834851
            ],
            [
              -94.60738203528437,
              39.03234723736402
            ],
            [
              -94.60739609551251,
              39.03068554081783
            ]
          ]
        ],
        "type": "Polygon"
      },
      "properties": {
        "activity_date": "2026-03-30",
        "activity_date_basis": "final_date",
        "activity_date_label": "Permit finalized",
        "activity_stage": "complete",
        "address": "5301 State Line Rd Kansas City, MO 64112",
        "apply_date": "2026-03-24T17:27:08.22Z",
        "case_number": "CPDC-2026-00067",
        "category": "Complete Building Demolition - Commercial",
        "date": "2026-03-30",
        "detail_url": "https://compasskc.kcmo.org/EnerGov_Prod/SelfService#/permit/97c76c82-c7d9-4601-8efd-04e08ef17933",
        "external_id": "97c76c82-c7d9-4601-8efd-04e08ef17933",
        "final_date": "2026-03-30T16:56:09Z",
        "geometry_source": "KCMO parcels",
        "has_parcel_polygon": true,
        "match_method": "parcel_id",
        "match_status": "matched",
        "parcel_address": "5301 State Line Rd",
        "parcel_id": "142821",
        "post_demo_confidence": "likely",
        "post_demo_evidence": [
          {
            "application_date": "2026-04-06T12:48:04.920",
            "issue_date": "2026-04-07T15:41:04.230",
            "project": "CARRIAGE CLUB ICE RINK REPLACEMENT",
            "record_number": "CPBC-2026-00301",
            "record_type": "CPPU - Building (Commercial)",
            "relation": "likely_redevelopment",
            "source": "Open Data KC City Issued Permits",
            "status": "Issued",
            "work_class": "Site Improvement"
          }
        ],
        "post_demo_last_checked": "2026-05-29T17:52:47Z",
        "post_demo_status": "likely_redevelopment",
        "post_demo_summary": "A same-parcel public permit filed near or after this demolition record shows site or redevelopment activity.",
        "record_id": "case:97c76c82-c7d9-4601-8efd-04e08ef17933",
        "record_type": "Complete Building Demolition - Commercial",
        "replacement_use": "commercial_or_mixed",
        "status": "Voided-City",
        "timing_note": "CompassKC lists a final/completion date; an actual demolition date was not posted.",
        "year": "2026"
      },
      "type": "Feature"
    },
    {
      "geometry": {
        "coordinates": [
          [
            [
              -94.52196150727012,
              39.0817008407177
            ],
            [
              -94.52160809303345,
              39.0816509465888
            ],
            [
              -94.5215958733828,
              39.08191623988684
            ],
            [
              -94.52171427043368,
              39.08191974210992
            ],
            [
              -94.52170986769453,
              39.082015773498966
            ],
            [
              -94.52194669297621,
              39.082022775871366
            ],
            [
              -94.52196150727012,
              39.0817008407177
            ]
          ]
        ],
        "type": "Polygon"
      },
      "properties": {
        "activity_date": "2026-03-30",
        "activity_date_basis": "issue_date",
        "activity_date_label": "Permit issued",
        "activity_stage": "issued",
        "address": "5208 E 24th St Kansas City, MO 64127",
        "apply_date": "2026-03-27T16:50:30.913Z",
        "case_number": "CPDC-2026-00071",
        "category": "Complete Building Demolition - Commercial",
        "date": "2026-03-30",
        "detail_url": "https://compasskc.kcmo.org/EnerGov_Prod/SelfService#/permit/bf43901f-243e-43ab-bbea-dac883cc1981",
        "external_id": "bf43901f-243e-43ab-bbea-dac883cc1981",
        "geometry_source": "KCMO parcels",
        "has_parcel_polygon": true,
        "issue_date": "2026-03-30T16:14:03.607Z",
        "match_method": "parcel_id",
        "match_status": "matched",
        "parcel_address": "5208 E 24th St",
        "parcel_id": "20347",
        "post_demo_confidence": "unknown",
        "post_demo_evidence": [
          {
            "application_date": "2026-03-26T13:38:40.897",
            "issue_date": "2026-03-26T14:38:03.980",
            "project": "",
            "record_number": "PW-H-2026-00052",
            "record_type": "PW - Hauling",
            "relation": "demolition_prep_or_utility",
            "source": "Open Data KC City Issued Permits",
            "status": "Issued",
            "work_class": "Hauling"
          },
          {
            "application_date": "2026-02-26T08:47:51.000",
            "issue_date": "2026-03-05T14:06:05.553",
            "project": "50474",
            "record_number": "WS-E-162657",
            "record_type": "WS - Existing Service",
            "relation": "demolition_prep_or_utility",
            "source": "Open Data KC City Issued Permits",
            "status": "Issued",
            "work_class": "Kill Water Service at Main"
          },
          {
            "application_date": "2026-02-26T08:45:43.000",
            "issue_date": "2026-03-02T09:04:02.523",
            "project": "",
            "record_number": "PW-EXC-2026-00628",
            "record_type": "PW - Excavation",
            "relation": "demolition_prep_or_utility",
            "source": "Open Data KC City Issued Permits",
            "status": "Closed",
            "work_class": "Water Main/Pipeline"
          }
        ],
        "post_demo_last_checked": "2026-05-29T17:52:47Z",
        "post_demo_status": "utility_prep_only",
        "post_demo_summary": "Recent same-parcel public records show utility, excavation, hauling or other prep work, but no replacement or reuse permit was found.",
        "record_id": "case:bf43901f-243e-43ab-bbea-dac883cc1981",
        "record_type": "Complete Building Demolition - Commercial",
        "replacement_use": "infrastructure_only",
        "status": "Issued",
        "timing_note": "CompassKC lists the permit issue date; an actual demolition date was not posted.",
        "year": "2026"
      },
      "type": "Feature"
    },
    {
      "geometry": {
        "coordinates": [
          [
            [
              -94.51366959947697,
              38.93820045627693
            ],
            [
              -94.51323446794851,
              38.93817998129384
            ],
            [
              -94.51322273999568,
              38.93845151593681
            ],
            [
              -94.51365629055735,
              38.93846533210868
            ],
            [
              -94.51366959947697,
              38.93820045627693
            ]
          ]
        ],
        "type": "Polygon"
      },
      "properties": {
        "activity_date": "2026-03-30T16:12:03.56Z",
        "activity_date_basis": "issue_date",
        "activity_date_label": "Permit issued",
        "activity_stage": "issued",
        "address": "6400 E 103rd St Kansas City, MO 64134",
        "apply_date": "2026-03-26T16:45:04.567Z",
        "case_number": "CPDR-2026-00068",
        "category": "Complete Building or Structure Demolition - Residential",
        "date": "2026-03-30T16:12:03.56Z",
        "detail_url": "https://compasskc.kcmo.org/EnerGov_Prod/SelfService#/permit/a16d1d98-94e8-4295-9924-3ab91498cee7",
        "external_id": "a16d1d98-94e8-4295-9924-3ab91498cee7",
        "final_date": "2026-04-10T05:00:00Z",
        "geometry_source": "KCMO parcels",
        "has_parcel_polygon": true,
        "issue_date": "2026-03-30T16:12:03.56Z",
        "match_method": "parcel_id",
        "match_status": "matched",
        "parcel_address": "6400 E 103rd St",
        "parcel_id": "58894",
        "post_demo_confidence": "unknown",
        "post_demo_evidence": [
          {
            "application_date": "2026-03-25T12:34:55.483",
            "issue_date": "2026-03-26T11:11:02.550",
            "project": "",
            "record_number": "PW-H-2026-00051",
            "record_type": "PW - Hauling",
            "relation": "demolition_prep_or_utility",
            "source": "Open Data KC City Issued Permits",
            "status": "Issued",
            "work_class": "Hauling"
          },
          {
            "application_date": "2026-03-24T07:52:31.000",
            "issue_date": "2026-03-24T15:03:03.503",
            "project": "128290",
            "record_number": "PW-EXC-2026-00980",
            "record_type": "PW - Excavation",
            "relation": "demolition_prep_or_utility",
            "source": "Open Data KC City Issued Permits",
            "status": "Closed",
            "work_class": "Water Main/Pipeline"
          },
          {
            "application_date": "2026-03-24T07:52:21.000",
            "issue_date": "2026-03-25T07:43:40.000",
            "project": "128290",
            "record_number": "WS-E-162733",
            "record_type": "WS - Existing Service",
            "relation": "demolition_prep_or_utility",
            "source": "Open Data KC City Issued Permits",
            "status": "Issued",
            "work_class": "Kill Water Service at Main"
          }
        ],
        "post_demo_last_checked": "2026-05-29T17:52:47Z",
        "post_demo_status": "utility_prep_only",
        "post_demo_summary": "Recent same-parcel public records show utility, excavation, hauling or other prep work, but no replacement or reuse permit was found.",
        "record_id": "case:a16d1d98-94e8-4295-9924-3ab91498cee7",
        "record_type": "Complete Building or Structure Demolition - Residential",
        "replacement_use": "infrastructure_only",
        "status": "Closed",
        "timing_note": "CompassKC lists the permit issue date; an actual demolition date was not posted.",
        "year": "2026"
      },
      "type": "Feature"
    },
    {
      "geometry": {
        "coordinates": [
          [
            [
              -94.58830041259573,
              39.02818362198398
            ],
            [
              -94.58811125426443,
              39.028176627294286
            ],
            [
              -94.58811159951937,
              39.02817118079038
            ],
            [
              -94.587814783765,
              39.02816556995807
            ],
            [
              -94.58780673876896,
              39.028301947171904
            ],
            [
              -94.58829172463358,
              39.0283200002892
            ],
            [
              -94.58830041259573,
              39.02818362198398
            ]
          ]
        ],
        "type": "Polygon"
      },
      "properties": {
        "activity_date": "2026-03-31",
        "activity_date_basis": "issue_date",
        "activity_date_label": "Permit issued",
        "activity_stage": "issued",
        "address": "5424 Main St Kansas City, MO 64112",
        "apply_date": "2026-03-31T15:48:15Z",
        "case_number": "CPDR-2026-00075",
        "category": "Complete Building or Structure Demolition - Residential",
        "date": "2026-03-31",
        "detail_url": "https://compasskc.kcmo.org/EnerGov_Prod/SelfService#/permit/2af24398-5e3e-4639-b1bb-d201cb19b076",
        "external_id": "2af24398-5e3e-4639-b1bb-d201cb19b076",
        "geometry_source": "KCMO parcels",
        "has_parcel_polygon": true,
        "issue_date": "2026-03-31T19:03:03.367Z",
        "match_method": "parcel_id",
        "match_status": "matched",
        "parcel_address": "5424 Main St",
        "parcel_id": "143915",
        "post_demo_confidence": "unknown",
        "post_demo_evidence": [
          {
            "application_date": "2026-03-04T10:23:38.060",
            "issue_date": "",
            "project": "",
            "record_number": "PW-EXC-2026-00723",
            "record_type": "PW - Excavation",
            "relation": "demolition_prep_or_utility",
            "source": "Open Data KC City Issued Permits",
            "status": "Closed",
            "work_class": "Electrical"
          },
          {
            "application_date": "2026-03-04T10:11:22.447",
            "issue_date": "2026-03-04T13:03:14.597",
            "project": "",
            "record_number": "PW-TC-2026-00631",
            "record_type": "PW - Traffic Control",
            "relation": "demolition_prep_or_utility",
            "source": "Open Data KC City Issued Permits",
            "status": "Issued",
            "work_class": "Traffic Control for Construction"
          }
        ],
        "post_demo_last_checked": "2026-05-29T17:52:47Z",
        "post_demo_status": "utility_prep_only",
        "post_demo_summary": "Recent same-parcel public records show utility, excavation, hauling or other prep work, but no replacement or reuse permit was found.",
        "record_id": "case:2af24398-5e3e-4639-b1bb-d201cb19b076",
        "record_type": "Complete Building or Structure Demolition - Residential",
        "replacement_use": "infrastructure_only",
        "status": "Issued",
        "timing_note": "CompassKC lists the permit issue date; an actual demolition date was not posted.",
        "year": "2026"
      },
      "type": "Feature"
    },
    {
      "geometry": {
        "coordinates": [
          [
            [
              -94.52041228315316,
              39.09738508801728
            ],
            [
              -94.52030616426268,
              39.09738144563404
            ],
            [
              -94.52029069489451,
              39.09770674328743
            ],
            [
              -94.52039684440241,
              39.09771050008266
            ],
            [
              -94.52041228315316,
              39.09738508801728
            ]
          ]
        ],
        "type": "Polygon"
      },
      "properties": {
        "activity_date": "2026-03-31",
        "activity_date_basis": "issue_date",
        "activity_date_label": "Permit issued",
        "activity_stage": "issued",
        "address": "5233 E 12th St Kansas City, MO 64127",
        "apply_date": "2026-03-31T18:53:46Z",
        "case_number": "CPDR-2026-00076",
        "category": "Complete Building or Structure Demolition - Residential",
        "date": "2026-03-31",
        "detail_url": "https://compasskc.kcmo.org/EnerGov_Prod/SelfService#/permit/33834446-6fb1-44a9-81dd-4c36f8a937bf",
        "external_id": "33834446-6fb1-44a9-81dd-4c36f8a937bf",
        "geometry_source": "KCMO parcels",
        "has_parcel_polygon": true,
        "issue_date": "2026-03-31T19:01:16Z",
        "match_method": "parcel_id",
        "match_status": "matched",
        "parcel_address": "5233 E 12th St",
        "parcel_id": "9129",
        "post_demo_confidence": "likely",
        "post_demo_evidence": [
          {
            "application_date": "2026-01-20T15:58:02.000",
            "issue_date": "2026-01-20T16:29:04.733",
            "project": "",
            "record_number": "CPBR-2026-00143",
            "record_type": "CPPU - Building (Residential)",
            "relation": "likely_redevelopment",
            "source": "Open Data KC City Issued Permits",
            "status": "Cancelled",
            "work_class": "Detached Accessory Structure"
          }
        ],
        "post_demo_last_checked": "2026-05-29T17:52:47Z",
        "post_demo_status": "likely_redevelopment",
        "post_demo_summary": "A same-parcel public permit filed near or after this demolition record shows site or redevelopment activity.",
        "record_id": "case:33834446-6fb1-44a9-81dd-4c36f8a937bf",
        "record_type": "Complete Building or Structure Demolition - Residential",
        "replacement_use": "housing",
        "status": "Issued",
        "timing_note": "CompassKC lists the permit issue date; an actual demolition date was not posted.",
        "year": "2026"
      },
      "type": "Feature"
    },
    {
      "geometry": {
        "coordinates": [
          [
            [
              -94.60072802439761,
              39.00205734024015
            ],
            [
              -94.60071566934866,
              39.001677707575524
            ],
            [
              -94.60053854735187,
              39.001694471421544
            ],
            [
              -94.60055557110573,
              39.0020786305329
            ],
            [
              -94.60072802439761,
              39.00205734024015
            ]
          ]
        ],
        "type": "Polygon"
      },
      "properties": {
        "activity_date": "2026-04-01",
        "activity_date_basis": "issue_date",
        "activity_date_label": "Permit issued",
        "activity_stage": "issued",
        "address": "804 W 70th St Kansas City, MO 64113",
        "apply_date": "2026-03-11T17:17:38.583Z",
        "case_number": "CPDR-2026-00056",
        "category": "Complete Building or Structure Demolition - Residential",
        "date": "2026-04-01",
        "detail_url": "https://compasskc.kcmo.org/EnerGov_Prod/SelfService#/permit/ffba0d28-e716-4d77-811a-0c8f433ecf86",
        "external_id": "ffba0d28-e716-4d77-811a-0c8f433ecf86",
        "final_date": "2026-04-07T19:13:44Z",
        "geometry_source": "KCMO parcels",
        "has_parcel_polygon": true,
        "issue_date": "2026-04-01T14:29:31Z",
        "match_method": "parcel_id",
        "match_status": "matched",
        "parcel_address": "804 W 70th St",
        "parcel_id": "109766",
        "post_demo_confidence": "likely",
        "post_demo_evidence": [
          {
            "application_date": "2026-02-24T16:16:22.003",
            "issue_date": "2026-03-02T13:54:08.413",
            "project": "",
            "record_number": "CPBR-2026-00423",
            "record_type": "CPPU - Building (Residential)",
            "relation": "likely_redevelopment",
            "source": "Open Data KC City Issued Permits",
            "status": "Issued",
            "work_class": "Detached Accessory Structure"
          }
        ],
        "post_demo_last_checked": "2026-05-29T17:52:47Z",
        "post_demo_status": "likely_redevelopment",
        "post_demo_summary": "A same-parcel public permit filed near or after this demolition record shows site or redevelopment activity.",
        "record_id": "case:ffba0d28-e716-4d77-811a-0c8f433ecf86",
        "record_type": "Complete Building or Structure Demolition - Residential",
        "replacement_use": "housing",
        "status": "Closed",
        "timing_note": "CompassKC lists the permit issue date; an actual demolition date was not posted.",
        "year": "2026"
      },
      "type": "Feature"
    },
    {
      "geometry": {
        "coordinates": [
          [
            [
              -94.514022122025,
              39.07315851925661
            ],
            [
              -94.51352202770167,
              39.07314823619286
            ],
            [
              -94.5135220130277,
              39.07322516144225
            ],
            [
              -94.51353209562144,
              39.07329663874518
            ],
            [
              -94.51355227337282,
              39.07336683526505
            ],
            [
              -94.51358522280898,
              39.07344059969801
            ],
            [
              -94.51399256285343,
              39.07330171027665
            ],
            [
              -94.51396836773591,
              39.07326533270671
            ],
            [
              -94.514022122025,
              39.07315851925661
            ]
          ]
        ],
        "type": "Polygon"
      },
      "properties": {
        "activity_date": "2026-04-01",
        "activity_date_basis": "issue_date",
        "activity_date_label": "Permit issued",
        "activity_stage": "issued",
        "address": "2836 White Ave Kansas City, MO 64129",
        "apply_date": "2026-03-30T16:48:42.737Z",
        "case_number": "CPDR-2026-00073",
        "category": "Complete Building or Structure Demolition - Residential",
        "date": "2026-04-01",
        "detail_url": "https://compasskc.kcmo.org/EnerGov_Prod/SelfService#/permit/24dd6b9b-a2d6-4164-8a08-6d63aa64daac",
        "external_id": "24dd6b9b-a2d6-4164-8a08-6d63aa64daac",
        "geometry_source": "KCMO parcels",
        "has_parcel_polygon": true,
        "issue_date": "2026-04-01T19:33:02.347Z",
        "match_method": "parcel_id",
        "match_status": "matched",
        "parcel_address": "2836 White Ave",
        "parcel_id": "21270",
        "post_demo_confidence": "unknown",
        "post_demo_evidence": [
          {
            "application_date": "2026-03-26T15:02:36.630",
            "issue_date": "2026-03-30T11:10:03.940",
            "project": "",
            "record_number": "PW-H-2026-00053",
            "record_type": "PW - Hauling",
            "relation": "demolition_prep_or_utility",
            "source": "Open Data KC City Issued Permits",
            "status": "Issued",
            "work_class": "Hauling"
          },
          {
            "application_date": "2026-03-11T14:56:47.637",
            "issue_date": "2026-03-12T09:25:22.000",
            "project": "",
            "record_number": "PW-EXC-2026-00813",
            "record_type": "PW - Excavation",
            "relation": "demolition_prep_or_utility",
            "source": "Open Data KC City Issued Permits",
            "status": "Closed",
            "work_class": "Spire Excavation"
          },
          {
            "application_date": "2026-01-23T11:42:16.000",
            "issue_date": "2026-01-26T13:45:04.013",
            "project": "117024",
            "record_number": "WS-E-162539",
            "record_type": "WS - Existing Service",
            "relation": "demolition_prep_or_utility",
            "source": "Open Data KC City Issued Permits",
            "status": "Issued",
            "work_class": "Kill Water Service at Main"
          }
        ],
        "post_demo_last_checked": "2026-05-29T17:52:47Z",
        "post_demo_status": "utility_prep_only",
        "post_demo_summary": "Recent same-parcel public records show utility, excavation, hauling or other prep work, but no replacement or reuse permit was found.",
        "record_id": "case:24dd6b9b-a2d6-4164-8a08-6d63aa64daac",
        "record_type": "Complete Building or Structure Demolition - Residential",
        "replacement_use": "infrastructure_only",
        "status": "Issued",
        "timing_note": "CompassKC lists the permit issue date; an actual demolition date was not posted.",
        "year": "2026"
      },
      "type": "Feature"
    },
    {
      "geometry": {
        "coordinates": [
          [
            [
              -94.52645536694882,
              39.10133543832954
            ],
            [
              -94.52636738893027,
              39.101332460888514
            ],
            [
              -94.52635009216846,
              39.10164794372048
            ],
            [
              -94.52643821813838,
              39.101650921140795
            ],
            [
              -94.52645536694882,
              39.10133543832954
            ]
          ]
        ],
        "type": "Polygon"
      },
      "properties": {
        "activity_date": "2026-04-01",
        "activity_date_basis": "issue_date",
        "activity_date_label": "Permit issued",
        "activity_stage": "issued",
        "address": "4643 E 9th St Kansas City, MO 64127",
        "apply_date": "2026-04-01T13:09:46.323Z",
        "case_number": "CPDR-2026-00077",
        "category": "Complete Building or Structure Demolition - Residential",
        "date": "2026-04-01",
        "detail_url": "https://compasskc.kcmo.org/EnerGov_Prod/SelfService#/permit/75504627-a6c1-4717-9f36-1d2807bf2f48",
        "external_id": "75504627-a6c1-4717-9f36-1d2807bf2f48",
        "final_date": "2026-04-07T05:00:00Z",
        "geometry_source": "KCMO parcels",
        "has_parcel_polygon": true,
        "issue_date": "2026-04-01T19:52:08.703Z",
        "match_method": "parcel_id",
        "match_status": "matched",
        "parcel_address": "4643 E 9th St",
        "parcel_id": "8405",
        "post_demo_confidence": "unknown",
        "post_demo_evidence": [
          {
            "application_date": "2026-03-06T13:17:20.040",
            "issue_date": "2026-03-11T09:19:14.000",
            "project": "",
            "record_number": "PW-EXC-2026-00764",
            "record_type": "PW - Excavation",
            "relation": "demolition_prep_or_utility",
            "source": "Open Data KC City Issued Permits",
            "status": "Issued With Unpaid Fees",
            "work_class": "Spire Excavation"
          },
          {
            "application_date": "2026-03-05T10:24:01.000",
            "issue_date": "2026-03-10T21:23:31.983",
            "project": "37809",
            "record_number": "WS-E-162691",
            "record_type": "WS - Existing Service",
            "relation": "demolition_prep_or_utility",
            "source": "Open Data KC City Issued Permits",
            "status": "Issued",
            "work_class": "Kill Water Service at Main"
          },
          {
            "application_date": "2026-03-05T10:23:33.000",
            "issue_date": "2026-03-10T21:23:17.150",
            "project": "37809",
            "record_number": "PW-EXC-2026-00750",
            "record_type": "PW - Excavation",
            "relation": "demolition_prep_or_utility",
            "source": "Open Data KC City Issued Permits",
            "status": "Issued",
            "work_class": "Water Main/Pipeline"
          }
        ],
        "post_demo_last_checked": "2026-05-29T17:52:47Z",
        "post_demo_status": "utility_prep_only",
        "post_demo_summary": "Recent same-parcel public records show utility, excavation, hauling or other prep work, but no replacement or reuse permit was found.",
        "record_id": "case:75504627-a6c1-4717-9f36-1d2807bf2f48",
        "record_type": "Complete Building or Structure Demolition - Residential",
        "replacement_use": "infrastructure_only",
        "status": "Closed",
        "timing_note": "CompassKC lists the permit issue date; an actual demolition date was not posted.",
        "year": "2026"
      },
      "type": "Feature"
    },
    {
      "geometry": {
        "coordinates": [
          [
            [
              -94.60052113860803,
              39.047228308471254
            ],
            [
              -94.60007143983013,
              39.04721180906655
            ],
            [
              -94.60006379829221,
              39.04734907810688
            ],
            [
              -94.6005134246139,
              39.04736559991157
            ],
            [
              -94.60052113860803,
              39.047228308471254
            ]
          ]
        ],
        "type": "Polygon"
      },
      "properties": {
        "activity_date": "2026-04-02",
        "activity_date_basis": "complete_date",
        "activity_date_label": "Review approved",
        "activity_stage": "review",
        "address": "4423 Holly St Unit/Suite: A, B, C, D Kansas City, MO 64111",
        "apply_date": "2026-03-23T13:00:23Z",
        "case_number": "CH-DM-2026-00016",
        "category": "Demolition Review, Administrative",
        "complete_date": "2026-04-02T16:46:22Z",
        "date": "2026-04-02",
        "detail_url": "https://compasskc.kcmo.org/EnerGov_Prod/SelfService#/plan/aba1347b-3fe9-491d-8a14-07e6362e369d",
        "expiration_date": "2030-04-02T16:46:51Z",
        "external_id": "aba1347b-3fe9-491d-8a14-07e6362e369d",
        "geometry_source": "KCMO parcels",
        "has_parcel_polygon": true,
        "match_method": "parcel_id",
        "match_status": "matched",
        "parcel_address": "4423 Holly St A, B, C, D",
        "parcel_id": "140633",
        "post_demo_confidence": "likely",
        "post_demo_evidence": [
          {
            "application_date": "2026-03-23T08:25:10.000",
            "issue_date": "2026-03-23T00:00:00.000",
            "project": "Hollyhaus Site Improvement",
            "record_number": "CISI-2026-00147",
            "record_type": "CPPU - Special Inspections",
            "relation": "likely_redevelopment",
            "source": "Open Data KC City Issued Permits",
            "status": "Approved",
            "work_class": "City Special Inspections"
          }
        ],
        "post_demo_last_checked": "2026-05-29T17:52:47Z",
        "post_demo_status": "likely_redevelopment",
        "post_demo_summary": "A same-parcel public permit filed near or after this demolition record shows site or redevelopment activity.",
        "record_id": "case:aba1347b-3fe9-491d-8a14-07e6362e369d",
        "record_type": "Demolition Review, Administrative",
        "replacement_use": "unknown",
        "status": "Approved",
        "timing_note": "CompassKC lists a demolition-review milestone; an actual demolition date was not posted.",
        "year": "2026"
      },
      "type": "Feature"
    },
    {
      "geometry": {
        "coordinates": [
          [
            [
              -94.55665983348584,
              39.0003807056005
            ],
            [
              -94.55619304892366,
              39.00035926295545
            ],
            [
              -94.55618158241266,
              39.00057846868345
            ],
            [
              -94.55664830899559,
              39.00059986563919
            ],
            [
              -94.55665983348584,
              39.0003807056005
            ]
          ]
        ],
        "type": "Polygon"
      },
      "properties": {
        "activity_date": "2026-04-02T18:45:03.74Z",
        "activity_date_basis": "issue_date",
        "activity_date_label": "Permit issued",
        "activity_stage": "issued",
        "address": "6931 Prospect Ave Kansas City, MO 64132",
        "apply_date": "2026-03-27T15:22:55.193Z",
        "case_number": "CPDR-2026-00071",
        "category": "Complete Building or Structure Demolition - Residential",
        "date": "2026-04-02T18:45:03.74Z",
        "detail_url": "https://compasskc.kcmo.org/EnerGov_Prod/SelfService#/permit/9f23f6f6-7077-460d-bb07-5f40dfe2e32a",
        "external_id": "9f23f6f6-7077-460d-bb07-5f40dfe2e32a",
        "final_date": "2026-05-16T05:00:00Z",
        "geometry_source": "KCMO parcels",
        "has_parcel_polygon": true,
        "issue_date": "2026-04-02T18:45:03.74Z",
        "match_method": "parcel_id",
        "match_status": "matched",
        "parcel_address": "6931 Prospect Ave",
        "parcel_id": "3097",
        "post_demo_confidence": "unknown",
        "post_demo_evidence": [
          {
            "application_date": "2026-03-18T14:46:49.063",
            "issue_date": "2026-03-19T14:38:06.480",
            "project": "",
            "record_number": "PW-H-2026-00044",
            "record_type": "PW - Hauling",
            "relation": "demolition_prep_or_utility",
            "source": "Open Data KC City Issued Permits",
            "status": "Issued",
            "work_class": "Hauling"
          },
          {
            "application_date": "2026-02-20T09:07:40.000",
            "issue_date": "2026-02-24T10:29:05.877",
            "project": "63700",
            "record_number": "WS-E-162643",
            "record_type": "WS - Existing Service",
            "relation": "demolition_prep_or_utility",
            "source": "Open Data KC City Issued Permits",
            "status": "Issued",
            "work_class": "Kill Water Service at Main"
          },
          {
            "application_date": "2026-02-20T09:07:17.000",
            "issue_date": "2026-02-20T11:49:05.193",
            "project": "63700",
            "record_number": "PW-EXC-2026-00566",
            "record_type": "PW - Excavation",
            "relation": "demolition_prep_or_utility",
            "source": "Open Data KC City Issued Permits",
            "status": "Issued",
            "work_class": "Water Main/Pipeline"
          }
        ],
        "post_demo_last_checked": "2026-05-29T17:52:47Z",
        "post_demo_status": "utility_prep_only",
        "post_demo_summary": "Recent same-parcel public records show utility, excavation, hauling or other prep work, but no replacement or reuse permit was found.",
        "record_id": "case:9f23f6f6-7077-460d-bb07-5f40dfe2e32a",
        "record_type": "Complete Building or Structure Demolition - Residential",
        "replacement_use": "infrastructure_only",
        "status": "Closed",
        "timing_note": "CompassKC lists the permit issue date; an actual demolition date was not posted.",
        "year": "2026"
      },
      "type": "Feature"
    },
    {
      "geometry": {
        "coordinates": [
          [
            [
              -94.5940833007277,
              39.01679626570478
            ],
            [
              -94.59385541959081,
              39.01680569375955
            ],
            [
              -94.59383322291549,
              39.01709886259868
            ],
            [
              -94.59406326889102,
              39.01710663936423
            ],
            [
              -94.5940833007277,
              39.01679626570478
            ]
          ]
        ],
        "type": "Polygon"
      },
      "properties": {
        "activity_date": "2026-04-03",
        "activity_date_basis": "complete_date",
        "activity_date_label": "Review approved",
        "activity_stage": "review",
        "address": "419 W 61st St Kansas City, MO 64113",
        "apply_date": "2026-02-24T17:44:11.687Z",
        "case_number": "CH-DM-2026-00007",
        "category": "Demolition Review, Regular",
        "complete_date": "2026-04-03T18:51:07Z",
        "date": "2026-04-03",
        "detail_url": "https://compasskc.kcmo.org/EnerGov_Prod/SelfService#/plan/437562a9-b272-48f2-8ee2-00cc7080c8f5",
        "expiration_date": "2030-04-03T18:51:13Z",
        "external_id": "437562a9-b272-48f2-8ee2-00cc7080c8f5",
        "geometry_source": "KCMO parcels",
        "has_parcel_polygon": true,
        "match_method": "parcel_id",
        "match_status": "matched",
        "parcel_address": "419 W 61st St",
        "parcel_id": "108498",
        "post_demo_confidence": "unknown",
        "post_demo_evidence": [
          {
            "application_date": "2025-12-18T15:46:56.483",
            "issue_date": "2025-12-19T11:55:31.000",
            "project": "",
            "record_number": "PW-EXC-2025-06032",
            "record_type": "PW - Excavation",
            "relation": "demolition_prep_or_utility",
            "source": "Open Data KC City Issued Permits",
            "status": "Issued With Unpaid Fees",
            "work_class": "Spire Excavation"
          }
        ],
        "post_demo_last_checked": "2026-05-29T17:52:47Z",
        "post_demo_status": "utility_prep_only",
        "post_demo_summary": "Recent same-parcel public records show utility, excavation, hauling or other prep work, but no replacement or reuse permit was found.",
        "record_id": "case:437562a9-b272-48f2-8ee2-00cc7080c8f5",
        "record_type": "Demolition Review, Regular",
        "replacement_use": "infrastructure_only",
        "status": "Approved",
        "timing_note": "CompassKC lists a demolition-review milestone; an actual demolition date was not posted.",
        "year": "2026"
      },
      "type": "Feature"
    },
    {
      "geometry": {
        "coordinates": [
          [
            [
              -94.62053969340451,
              39.25997174126671
            ],
            [
              -94.6218434163897,
              39.260052428453164
            ],
            [
              -94.62184844221704,
              39.25455221879669
            ],
            [
              -94.62046183296988,
              39.25452890557356
            ],
            [
              -94.61957386490641,
              39.254573613663965
            ],
            [
              -94.61739280725209,
              39.254574643323
            ],
            [
              -94.61737330554419,
              39.25555737930377
            ],
            [
              -94.61736598436234,
              39.25569411606506
            ],
            [
              -94.61735160058346,
              39.255830291130685
            ],
            [
              -94.61733019271338,
              39.25596553995579
            ],
            [
              -94.61730181806163,
              39.25609950047508
            ],
            [
              -94.61726655258802,
              39.25623181407213
            ],
            [
              -94.61722449069933,
              39.256362126539344
            ],
            [
              -94.6171757449965,
              39.25649008902622
            ],
            [
              -94.61712044597331,
              39.25661535897325
            ],
            [
              -94.61705874166694,
              39.25673760102889
            ],
            [
              -94.61699079726174,
              39.2568564879474
            ],
            [
              -94.61691679464695,
              39.25697170146483
            ],
            [
              -94.61683693192988,
              39.25708293315103
            ],
            [
              -94.61675142290548,
              39.25718988523534
            ],
            [
              -94.61612640473098,
              39.257951614881755
            ],
            [
              -94.62053969340451,
              39.25997174126671
            ]
          ]
        ],
        "type": "Polygon"
      },
      "properties": {
        "activity_date": "2026-04-03",
        "activity_date_basis": "complete_date",
        "activity_date_label": "Review approved",
        "activity_stage": "review",
        "address": "9600 NW Old Stagecoach Rd Kansas City, MO 64154",
        "apply_date": "2026-02-27T15:33:40Z",
        "case_number": "CH-DM-2026-00009",
        "category": "Demolition Review, Administrative",
        "complete_date": "2026-04-03T20:40:46Z",
        "date": "2026-04-03",
        "detail_url": "https://compasskc.kcmo.org/EnerGov_Prod/SelfService#/plan/d4650bd5-45ca-406a-9499-a447dbdba991",
        "expiration_date": "2026-04-03T20:40:53Z",
        "external_id": "d4650bd5-45ca-406a-9499-a447dbdba991",
        "geometry_source": "KCMO parcels",
        "has_parcel_polygon": true,
        "match_method": "parcel_id",
        "match_status": "matched",
        "parcel_address": "9600 NW Old Stagecoach Rd",
        "parcel_id": "289219",
        "post_demo_confidence": "likely",
        "post_demo_evidence": [
          {
            "application_date": "2026-01-06T16:38:37.467",
            "issue_date": "2026-01-08T12:09:02.423",
            "project": "Hill Creek Commons Private Grading",
            "record_number": "CPBC-2026-00019",
            "record_type": "CPPU - Building (Commercial)",
            "relation": "likely_redevelopment",
            "source": "Open Data KC City Issued Permits",
            "status": "Issued",
            "work_class": "Site Improvement"
          },
          {
            "application_date": "2025-12-31T10:42:57.157",
            "issue_date": "2026-01-28T11:57:15.000",
            "project": "Line Creek Homes",
            "record_number": "CLDPMT-2025-00383",
            "record_type": "CPLD - Infrastructure",
            "relation": "likely_redevelopment",
            "source": "Open Data KC City Issued Permits",
            "status": "Issued",
            "work_class": "Not Development Related"
          }
        ],
        "post_demo_last_checked": "2026-05-29T17:52:47Z",
        "post_demo_status": "likely_redevelopment",
        "post_demo_summary": "A same-parcel public permit filed near or after this demolition record shows site or redevelopment activity.",
        "record_id": "case:d4650bd5-45ca-406a-9499-a447dbdba991",
        "record_type": "Demolition Review, Administrative",
        "replacement_use": "commercial_or_mixed",
        "status": "Approved",
        "story_angle_clues": [
          {
            "angle": "Historic / preservation",
            "context": "Demolish House (The commission found that the Barn and House were not eligible for historic listing and the demolition can proceed)",
            "field": "project description",
            "matched_text": "historic"
          }
        ],
        "story_angles": [
          "Historic / preservation"
        ],
        "timing_note": "CompassKC lists a demolition-review milestone; an actual demolition date was not posted.",
        "year": "2026"
      },
      "type": "Feature"
    },
    {
      "geometry": {
        "coordinates": [
          [
            [
              -94.54508441997713,
              39.07582088116123
            ],
            [
              -94.54496761595584,
              39.0758167167676
            ],
            [
              -94.54494046778086,
              39.07628690394946
            ],
            [
              -94.5450572727653,
              39.07629136639168
            ],
            [
              -94.54508441997713,
              39.07582088116123
            ]
          ]
        ],
        "type": "Polygon"
      },
      "properties": {
        "activity_date": "2026-04-03",
        "activity_date_basis": "issue_date",
        "activity_date_label": "Permit issued",
        "activity_stage": "issued",
        "address": "3220 Lockridge St Kansas City, MO 64128",
        "apply_date": "2026-04-03T04:48:28.52Z",
        "case_number": "CPDR-2026-00080",
        "category": "Complete Building or Structure Demolition - Residential",
        "date": "2026-04-03",
        "detail_url": "https://compasskc.kcmo.org/EnerGov_Prod/SelfService#/permit/6929f165-a6e0-4d28-9830-07aa969e8d33",
        "external_id": "6929f165-a6e0-4d28-9830-07aa969e8d33",
        "geometry_source": "KCMO parcels",
        "has_parcel_polygon": true,
        "issue_date": "2026-04-03T14:06:10.503Z",
        "match_method": "parcel_id",
        "match_status": "matched",
        "parcel_address": "3220 Lockridge St",
        "parcel_id": "24384",
        "post_demo_confidence": "unknown",
        "post_demo_evidence": [
          {
            "application_date": "2026-03-04T10:50:46.870",
            "issue_date": "2026-03-05T08:42:59.000",
            "project": "",
            "record_number": "PW-EXC-2026-00725",
            "record_type": "PW - Excavation",
            "relation": "demolition_prep_or_utility",
            "source": "Open Data KC City Issued Permits",
            "status": "Closed",
            "work_class": "Spire Excavation"
          },
          {
            "application_date": "2026-03-03T10:45:53.000",
            "issue_date": "2026-03-10T21:23:02.273",
            "project": "32995",
            "record_number": "WS-E-162679",
            "record_type": "WS - Existing Service",
            "relation": "demolition_prep_or_utility",
            "source": "Open Data KC City Issued Permits",
            "status": "Issued",
            "work_class": "Disconnect Service Line at Curb"
          },
          {
            "application_date": "2026-02-27T14:29:46.000",
            "issue_date": "2026-03-10T21:23:14.960",
            "project": "32995",
            "record_number": "PW-EXC-2026-00667",
            "record_type": "PW - Excavation",
            "relation": "demolition_prep_or_utility",
            "source": "Open Data KC City Issued Permits",
            "status": "Closed",
            "work_class": "Water Main/Pipeline"
          }
        ],
        "post_demo_last_checked": "2026-05-29T17:52:47Z",
        "post_demo_status": "utility_prep_only",
        "post_demo_summary": "Recent same-parcel public records show utility, excavation, hauling or other prep work, but no replacement or reuse permit was found.",
        "record_id": "case:6929f165-a6e0-4d28-9830-07aa969e8d33",
        "record_type": "Complete Building or Structure Demolition - Residential",
        "replacement_use": "infrastructure_only",
        "status": "Issued",
        "timing_note": "CompassKC lists the permit issue date; an actual demolition date was not posted.",
        "year": "2026"
      },
      "type": "Feature"
    },
    {
      "geometry": {
        "coordinates": [
          [
            [
              -94.56168010483943,
              39.02504279394612
            ],
            [
              -94.56120128127404,
              39.02502680063244
            ],
            [
              -94.56119289155777,
              39.02516248928083
            ],
            [
              -94.56167168606656,
              39.02517774988016
            ],
            [
              -94.56168010483943,
              39.02504279394612
            ]
          ]
        ],
        "type": "Polygon"
      },
      "properties": {
        "activity_date": "2026-04-03",
        "activity_date_basis": "issue_date",
        "activity_date_label": "Permit issued",
        "activity_stage": "issued",
        "address": "5546 Garfield Ave Kansas City, MO 64130",
        "apply_date": "2026-04-03T04:50:18.013Z",
        "case_number": "CPDR-2026-00081",
        "category": "Complete Building or Structure Demolition - Residential",
        "date": "2026-04-03",
        "detail_url": "https://compasskc.kcmo.org/EnerGov_Prod/SelfService#/permit/d2cab3f7-8702-45dc-be78-32633f350c3d",
        "external_id": "d2cab3f7-8702-45dc-be78-32633f350c3d",
        "final_date": "2026-04-16T05:00:00Z",
        "geometry_source": "KCMO parcels",
        "has_parcel_polygon": true,
        "issue_date": "2026-04-03T14:06:07.377Z",
        "match_method": "parcel_id",
        "match_status": "matched",
        "parcel_address": "5546 Garfield Ave",
        "parcel_id": "147796",
        "post_demo_confidence": "unknown",
        "post_demo_evidence": [
          {
            "application_date": "2026-03-03T10:41:35.000",
            "issue_date": "2026-03-10T21:23:30.177",
            "project": "WS85672",
            "record_number": "WS-E-162678",
            "record_type": "WS - Existing Service",
            "relation": "demolition_prep_or_utility",
            "source": "Open Data KC City Issued Permits",
            "status": "Issued",
            "work_class": "Kill Water Service at Main"
          },
          {
            "application_date": "2026-02-27T14:22:23.000",
            "issue_date": "2026-03-10T21:23:22.803",
            "project": "WS85672",
            "record_number": "PW-EXC-2026-00665",
            "record_type": "PW - Excavation",
            "relation": "demolition_prep_or_utility",
            "source": "Open Data KC City Issued Permits",
            "status": "Issued",
            "work_class": "Water Main/Pipeline"
          },
          {
            "application_date": "2026-02-27T11:24:59.373",
            "issue_date": "2026-03-02T20:35:04.397",
            "project": "",
            "record_number": "PW-H-2026-00035",
            "record_type": "PW - Hauling",
            "relation": "demolition_prep_or_utility",
            "source": "Open Data KC City Issued Permits",
            "status": "Issued",
            "work_class": "Hauling"
          }
        ],
        "post_demo_last_checked": "2026-05-29T17:52:47Z",
        "post_demo_status": "utility_prep_only",
        "post_demo_summary": "Recent same-parcel public records show utility, excavation, hauling or other prep work, but no replacement or reuse permit was found.",
        "record_id": "case:d2cab3f7-8702-45dc-be78-32633f350c3d",
        "record_type": "Complete Building or Structure Demolition - Residential",
        "replacement_use": "infrastructure_only",
        "status": "Closed",
        "timing_note": "CompassKC lists the permit issue date; an actual demolition date was not posted.",
        "year": "2026"
      },
      "type": "Feature"
    },
    {
      "geometry": {
        "coordinates": [
          [
            [
              -94.49509425901222,
              38.937282764860804
            ],
            [
              -94.49497146510383,
              38.936996926574686
            ],
            [
              -94.49467848845657,
              38.93707711266367
            ],
            [
              -94.49467056424321,
              38.937263824563765
            ],
            [
              -94.49509425901222,
              38.937282764860804
            ]
          ]
        ],
        "type": "Polygon"
      },
      "properties": {
        "activity_date": "2026-04-03",
        "activity_date_basis": "issue_date",
        "activity_date_label": "Permit issued",
        "activity_stage": "issued",
        "address": "8008 E 103rd Ter Kansas City, MO 64134",
        "apply_date": "2026-04-03T13:02:03.35Z",
        "case_number": "CPDR-2026-00082",
        "category": "Complete Building or Structure Demolition - Residential",
        "date": "2026-04-03",
        "detail_url": "https://compasskc.kcmo.org/EnerGov_Prod/SelfService#/permit/bb55b4c2-bd3b-44a0-b0c6-7dd371742784",
        "external_id": "bb55b4c2-bd3b-44a0-b0c6-7dd371742784",
        "geometry_source": "KCMO parcels",
        "has_parcel_polygon": true,
        "issue_date": "2026-04-03T13:44:02.367Z",
        "match_method": "parcel_id",
        "match_status": "matched",
        "parcel_address": "8008 E 103rd Ter",
        "parcel_id": "70383",
        "post_demo_confidence": "unknown",
        "post_demo_evidence": [
          {
            "application_date": "2026-04-01T10:01:31.770",
            "issue_date": "2026-04-02T12:50:03.070",
            "project": "",
            "record_number": "PW-H-2026-00056",
            "record_type": "PW - Hauling",
            "relation": "demolition_prep_or_utility",
            "source": "Open Data KC City Issued Permits",
            "status": "Issued",
            "work_class": "Hauling"
          },
          {
            "application_date": "2026-03-18T14:43:37.000",
            "issue_date": "2026-03-18T15:23:02.703",
            "project": "",
            "record_number": "PW-EXC-2026-00894",
            "record_type": "PW - Excavation",
            "relation": "demolition_prep_or_utility",
            "source": "Open Data KC City Issued Permits",
            "status": "Issued",
            "work_class": "Water Main/Pipeline"
          },
          {
            "application_date": "2026-03-18T08:48:18.000",
            "issue_date": "2026-03-19T08:53:49.000",
            "project": "144121",
            "record_number": "WS-E-162721",
            "record_type": "WS - Existing Service",
            "relation": "demolition_prep_or_utility",
            "source": "Open Data KC City Issued Permits",
            "status": "Issued",
            "work_class": "Kill Water Service at Main"
          }
        ],
        "post_demo_last_checked": "2026-05-29T17:52:47Z",
        "post_demo_status": "utility_prep_only",
        "post_demo_summary": "Recent same-parcel public records show utility, excavation, hauling or other prep work, but no replacement or reuse permit was found.",
        "record_id": "case:bb55b4c2-bd3b-44a0-b0c6-7dd371742784",
        "record_type": "Complete Building or Structure Demolition - Residential",
        "replacement_use": "infrastructure_only",
        "status": "Issued",
        "timing_note": "CompassKC lists the permit issue date; an actual demolition date was not posted.",
        "year": "2026"
      },
      "type": "Feature"
    },
    {
      "geometry": {
        "coordinates": [
          [
            [
              -94.50864166517688,
              38.91798712249429
            ],
            [
              -94.50841279423064,
              38.917951582070636
            ],
            [
              -94.50833217316516,
              38.91830805675574
            ],
            [
              -94.50855835052496,
              38.918343094713784
            ],
            [
              -94.50864166517688,
              38.91798712249429
            ]
          ]
        ],
        "type": "Polygon"
      },
      "properties": {
        "activity_date": "2026-04-03T14:06:05.03Z",
        "activity_date_basis": "issue_date",
        "activity_date_label": "Permit issued",
        "activity_stage": "issued",
        "address": "7009 E 113th St Kansas City, MO 64134",
        "apply_date": "2026-04-03T04:46:36.59Z",
        "case_number": "CPDR-2026-00079",
        "category": "Complete Building or Structure Demolition - Residential",
        "date": "2026-04-03T14:06:05.03Z",
        "detail_url": "https://compasskc.kcmo.org/EnerGov_Prod/SelfService#/permit/d0003b18-4940-4919-82a9-6fae8e6cd364",
        "external_id": "d0003b18-4940-4919-82a9-6fae8e6cd364",
        "final_date": "2026-04-15T05:00:00Z",
        "geometry_source": "KCMO parcels",
        "has_parcel_polygon": true,
        "issue_date": "2026-04-03T14:06:05.03Z",
        "match_method": "parcel_id",
        "match_status": "matched",
        "parcel_address": "7009 E 113th St",
        "parcel_id": "60497",
        "post_demo_confidence": "unknown",
        "post_demo_evidence": [
          {
            "application_date": "2026-02-19T09:24:14.000",
            "issue_date": "2026-02-25T07:08:08.000",
            "project": "130358",
            "record_number": "WS-E-162638",
            "record_type": "WS - Existing Service",
            "relation": "demolition_prep_or_utility",
            "source": "Open Data KC City Issued Permits",
            "status": "Issued",
            "work_class": "Kill Water Service at Main"
          },
          {
            "application_date": "2026-02-19T09:23:51.000",
            "issue_date": "2026-02-25T07:08:06.073",
            "project": "130358",
            "record_number": "PW-EXC-2026-00557",
            "record_type": "PW - Excavation",
            "relation": "demolition_prep_or_utility",
            "source": "Open Data KC City Issued Permits",
            "status": "Closed",
            "work_class": "Water Main/Pipeline"
          },
          {
            "application_date": "2026-02-12T20:51:37.593",
            "issue_date": "2026-02-18T21:24:03.853",
            "project": "",
            "record_number": "PW-H-2026-00025",
            "record_type": "PW - Hauling",
            "relation": "demolition_prep_or_utility",
            "source": "Open Data KC City Issued Permits",
            "status": "Issued",
            "work_class": "Hauling"
          }
        ],
        "post_demo_last_checked": "2026-05-29T17:52:47Z",
        "post_demo_status": "utility_prep_only",
        "post_demo_summary": "Recent same-parcel public records show utility, excavation, hauling or other prep work, but no replacement or reuse permit was found.",
        "record_id": "case:d0003b18-4940-4919-82a9-6fae8e6cd364",
        "record_type": "Complete Building or Structure Demolition - Residential",
        "replacement_use": "infrastructure_only",
        "status": "Closed",
        "timing_note": "CompassKC lists the permit issue date; an actual demolition date was not posted.",
        "year": "2026"
      },
      "type": "Feature"
    },
    {
      "geometry": {
        "coordinates": [
          [
            [
              -94.57596166973408,
              39.027640191867086
            ],
            [
              -94.57550562099784,
              39.02762598083071
            ],
            [
              -94.57549714230979,
              39.02776221963983
            ],
            [
              -94.57595339951325,
              39.02777784919336
            ],
            [
              -94.57596166973408,
              39.027640191867086
            ]
          ]
        ],
        "type": "Polygon"
      },
      "properties": {
        "activity_date": "2026-04-03T18:17:13.57Z",
        "activity_date_basis": "issue_date",
        "activity_date_label": "Permit issued",
        "activity_stage": "issued",
        "address": "5439 Rockhill Rd Kansas City, MO 64110",
        "apply_date": "2026-04-03T15:40:10.413Z",
        "case_number": "CPDR-2026-00083",
        "category": "Complete Building or Structure Demolition - Residential",
        "date": "2026-04-03T18:17:13.57Z",
        "detail_url": "https://compasskc.kcmo.org/EnerGov_Prod/SelfService#/permit/0685387a-4907-4074-a971-675d86be1bc4",
        "external_id": "0685387a-4907-4074-a971-675d86be1bc4",
        "final_date": "2026-04-07T05:00:00Z",
        "geometry_source": "KCMO parcels",
        "has_parcel_polygon": true,
        "issue_date": "2026-04-03T18:17:13.57Z",
        "match_method": "parcel_id",
        "match_status": "matched",
        "parcel_address": "5439 Rockhill Rd",
        "parcel_id": "143555",
        "post_demo_confidence": "unknown",
        "post_demo_evidence": [
          {
            "application_date": "2026-04-02T15:31:23.497",
            "issue_date": "2026-04-03T10:31:02.693",
            "project": "",
            "record_number": "PW-H-2026-00057",
            "record_type": "PW - Hauling",
            "relation": "demolition_prep_or_utility",
            "source": "Open Data KC City Issued Permits",
            "status": "Issued",
            "work_class": "Hauling"
          }
        ],
        "post_demo_last_checked": "2026-05-29T17:52:47Z",
        "post_demo_status": "utility_prep_only",
        "post_demo_summary": "Recent same-parcel public records show utility, excavation, hauling or other prep work, but no replacement or reuse permit was found.",
        "record_id": "case:0685387a-4907-4074-a971-675d86be1bc4",
        "record_type": "Complete Building or Structure Demolition - Residential",
        "replacement_use": "infrastructure_only",
        "status": "Closed",
        "timing_note": "CompassKC lists the permit issue date; an actual demolition date was not posted.",
        "year": "2026"
      },
      "type": "Feature"
    },
    {
      "geometry": {
        "coordinates": [
          [
            [
              -94.55665983348584,
              39.0003807056005
            ],
            [
              -94.55619304892366,
              39.00035926295545
            ],
            [
              -94.55618158241266,
              39.00057846868345
            ],
            [
              -94.55664830899559,
              39.00059986563919
            ],
            [
              -94.55665983348584,
              39.0003807056005
            ]
          ]
        ],
        "type": "Polygon"
      },
      "properties": {
        "activity_date": "2026-04-06",
        "activity_date_basis": "complete_date",
        "activity_date_label": "Review approved",
        "activity_stage": "review",
        "address": "6931 Prospect Ave Kansas City, MO 64132",
        "apply_date": "2026-03-30T13:17:09Z",
        "case_number": "CH-DM-2026-00018",
        "category": "Demolition Review, Administrative",
        "complete_date": "2026-04-06T18:20:50Z",
        "date": "2026-04-06",
        "detail_url": "https://compasskc.kcmo.org/EnerGov_Prod/SelfService#/plan/35a6d2e3-9f80-4198-90e1-b3be92cc8ab4",
        "expiration_date": "2030-04-06T18:20:56Z",
        "external_id": "35a6d2e3-9f80-4198-90e1-b3be92cc8ab4",
        "geometry_source": "KCMO parcels",
        "has_parcel_polygon": true,
        "match_method": "parcel_id",
        "match_status": "matched",
        "parcel_address": "6931 Prospect Ave",
        "parcel_id": "3097",
        "post_demo_confidence": "unknown",
        "post_demo_evidence": [
          {
            "application_date": "2026-03-18T14:46:49.063",
            "issue_date": "2026-03-19T14:38:06.480",
            "project": "",
            "record_number": "PW-H-2026-00044",
            "record_type": "PW - Hauling",
            "relation": "demolition_prep_or_utility",
            "source": "Open Data KC City Issued Permits",
            "status": "Issued",
            "work_class": "Hauling"
          },
          {
            "application_date": "2026-02-20T09:07:40.000",
            "issue_date": "2026-02-24T10:29:05.877",
            "project": "63700",
            "record_number": "WS-E-162643",
            "record_type": "WS - Existing Service",
            "relation": "demolition_prep_or_utility",
            "source": "Open Data KC City Issued Permits",
            "status": "Issued",
            "work_class": "Kill Water Service at Main"
          },
          {
            "application_date": "2026-02-20T09:07:17.000",
            "issue_date": "2026-02-20T11:49:05.193",
            "project": "63700",
            "record_number": "PW-EXC-2026-00566",
            "record_type": "PW - Excavation",
            "relation": "demolition_prep_or_utility",
            "source": "Open Data KC City Issued Permits",
            "status": "Issued",
            "work_class": "Water Main/Pipeline"
          }
        ],
        "post_demo_last_checked": "2026-05-29T17:52:47Z",
        "post_demo_status": "utility_prep_only",
        "post_demo_summary": "Recent same-parcel public records show utility, excavation, hauling or other prep work, but no replacement or reuse permit was found.",
        "record_id": "case:35a6d2e3-9f80-4198-90e1-b3be92cc8ab4",
        "record_type": "Demolition Review, Administrative",
        "replacement_use": "infrastructure_only",
        "status": "Approved",
        "timing_note": "CompassKC lists a demolition-review milestone; an actual demolition date was not posted.",
        "year": "2026"
      },
      "type": "Feature"
    },
    {
      "geometry": {
        "coordinates": [
          [
            [
              -94.62053969340451,
              39.25997174126671
            ],
            [
              -94.6218434163897,
              39.260052428453164
            ],
            [
              -94.62184844221704,
              39.25455221879669
            ],
            [
              -94.62046183296988,
              39.25452890557356
            ],
            [
              -94.61957386490641,
              39.254573613663965
            ],
            [
              -94.61739280725209,
              39.254574643323
            ],
            [
              -94.61737330554419,
              39.25555737930377
            ],
            [
              -94.61736598436234,
              39.25569411606506
            ],
            [
              -94.61735160058346,
              39.255830291130685
            ],
            [
              -94.61733019271338,
              39.25596553995579
            ],
            [
              -94.61730181806163,
              39.25609950047508
            ],
            [
              -94.61726655258802,
              39.25623181407213
            ],
            [
              -94.61722449069933,
              39.256362126539344
            ],
            [
              -94.6171757449965,
              39.25649008902622
            ],
            [
              -94.61712044597331,
              39.25661535897325
            ],
            [
              -94.61705874166694,
              39.25673760102889
            ],
            [
              -94.61699079726174,
              39.2568564879474
            ],
            [
              -94.61691679464695,
              39.25697170146483
            ],
            [
              -94.61683693192988,
              39.25708293315103
            ],
            [
              -94.61675142290548,
              39.25718988523534
            ],
            [
              -94.61612640473098,
              39.257951614881755
            ],
            [
              -94.62053969340451,
              39.25997174126671
            ]
          ]
        ],
        "type": "Polygon"
      },
      "properties": {
        "activity_date": "2026-04-06",
        "activity_date_basis": "issue_date",
        "activity_date_label": "Permit issued",
        "activity_stage": "issued",
        "address": "9600 NW Old Stagecoach Rd Kansas City, MO 64154",
        "apply_date": "2026-02-24T00:26:53.7Z",
        "case_number": "CPDR-2026-00030",
        "category": "Complete Building or Structure Demolition - Residential",
        "date": "2026-04-06",
        "detail_url": "https://compasskc.kcmo.org/EnerGov_Prod/SelfService#/permit/133643df-2afe-4bf0-810c-855a38c7457b",
        "external_id": "133643df-2afe-4bf0-810c-855a38c7457b",
        "geometry_source": "KCMO parcels",
        "has_parcel_polygon": true,
        "issue_date": "2026-04-06T21:21:02.507Z",
        "match_method": "parcel_id",
        "match_status": "matched",
        "parcel_address": "9600 NW Old Stagecoach Rd",
        "parcel_id": "289219",
        "post_demo_confidence": "likely",
        "post_demo_evidence": [
          {
            "application_date": "2026-01-06T16:38:37.467",
            "issue_date": "2026-01-08T12:09:02.423",
            "project": "Hill Creek Commons Private Grading",
            "record_number": "CPBC-2026-00019",
            "record_type": "CPPU - Building (Commercial)",
            "relation": "likely_redevelopment",
            "source": "Open Data KC City Issued Permits",
            "status": "Issued",
            "work_class": "Site Improvement"
          },
          {
            "application_date": "2025-12-31T10:42:57.157",
            "issue_date": "2026-01-28T11:57:15.000",
            "project": "Line Creek Homes",
            "record_number": "CLDPMT-2025-00383",
            "record_type": "CPLD - Infrastructure",
            "relation": "likely_redevelopment",
            "source": "Open Data KC City Issued Permits",
            "status": "Issued",
            "work_class": "Not Development Related"
          }
        ],
        "post_demo_last_checked": "2026-05-29T17:52:47Z",
        "post_demo_status": "likely_redevelopment",
        "post_demo_summary": "A same-parcel public permit filed near or after this demolition record shows site or redevelopment activity.",
        "record_id": "case:133643df-2afe-4bf0-810c-855a38c7457b",
        "record_type": "Complete Building or Structure Demolition - Residential",
        "replacement_use": "commercial_or_mixed",
        "status": "Issued",
        "timing_note": "CompassKC lists the permit issue date; an actual demolition date was not posted.",
        "year": "2026"
      },
      "type": "Feature"
    },
    {
      "geometry": {
        "coordinates": [
          [
            [
              -94.52008028218023,
              39.07795385776238
            ],
            [
              -94.51960119821243,
              39.077939136552345
            ],
            [
              -94.51959445580835,
              39.07807633027217
            ],
            [
              -94.52007309963169,
              39.07809103042053
            ],
            [
              -94.52008028218023,
              39.07795385776238
            ]
          ]
        ],
        "type": "Polygon"
      },
      "properties": {
        "activity_date": "2026-04-07",
        "activity_date_basis": "issue_date",
        "activity_date_label": "Permit issued",
        "activity_stage": "issued",
        "address": "2549 Hardesty Ave Kansas City, MO 64127",
        "apply_date": "2026-04-02T18:30:18.833Z",
        "case_number": "CPDR-2026-00078",
        "category": "Complete Building or Structure Demolition - Residential",
        "date": "2026-04-07",
        "detail_url": "https://compasskc.kcmo.org/EnerGov_Prod/SelfService#/permit/3ff53c6a-a4a0-4288-add4-8e178a512015",
        "external_id": "3ff53c6a-a4a0-4288-add4-8e178a512015",
        "geometry_source": "KCMO parcels",
        "has_parcel_polygon": true,
        "issue_date": "2026-04-07T17:01:02.793Z",
        "match_method": "parcel_id",
        "match_status": "matched",
        "parcel_address": "2549 Hardesty Ave",
        "parcel_id": "20745",
        "post_demo_confidence": "unknown",
        "post_demo_evidence": [
          {
            "application_date": "2026-03-23T16:48:57.117",
            "issue_date": "2026-04-02T09:27:49.000",
            "project": "",
            "record_number": "PW-H-2026-00049",
            "record_type": "PW - Hauling",
            "relation": "demolition_prep_or_utility",
            "source": "Open Data KC City Issued Permits",
            "status": "Issued",
            "work_class": "Hauling"
          }
        ],
        "post_demo_last_checked": "2026-05-29T17:52:47Z",
        "post_demo_status": "utility_prep_only",
        "post_demo_summary": "Recent same-parcel public records show utility, excavation, hauling or other prep work, but no replacement or reuse permit was found.",
        "record_id": "case:3ff53c6a-a4a0-4288-add4-8e178a512015",
        "record_type": "Complete Building or Structure Demolition - Residential",
        "replacement_use": "infrastructure_only",
        "status": "Issued",
        "story_angle_clues": [
          {
            "angle": "Dangerous building",
            "context": "Demolition of residential home - Dangerous Buildings project",
            "field": "project description",
            "matched_text": "Dangerous"
          }
        ],
        "story_angles": [
          "Dangerous building"
        ],
        "timing_note": "CompassKC lists the permit issue date; an actual demolition date was not posted.",
        "year": "2026"
      },
      "type": "Feature"
    },
    {
      "geometry": {
        "coordinates": [
          [
            [
              -94.54822691779677,
              39.06842635567821
            ],
            [
              -94.54811039116069,
              39.068422903615236
            ],
            [
              -94.54809503591801,
              39.06876232454485
            ],
            [
              -94.5482098615036,
              39.06876584596853
            ],
            [
              -94.54822691779677,
              39.06842635567821
            ]
          ]
        ],
        "type": "Polygon"
      },
      "properties": {
        "activity_date": "2026-04-07",
        "activity_date_basis": "issue_date",
        "activity_date_label": "Permit issued",
        "activity_stage": "issued",
        "address": "3001 E 32nd St Kansas City, MO 64128",
        "apply_date": "2026-04-07T15:43:45Z",
        "case_number": "CPDR-2026-00086",
        "category": "Complete Building or Structure Demolition - Residential",
        "date": "2026-04-07",
        "detail_url": "https://compasskc.kcmo.org/EnerGov_Prod/SelfService#/permit/1af99ce5-e37d-4c35-bcef-88bea28176d0",
        "external_id": "1af99ce5-e37d-4c35-bcef-88bea28176d0",
        "geometry_source": "KCMO parcels",
        "has_parcel_polygon": true,
        "issue_date": "2026-04-07T16:12:16.793Z",
        "match_method": "parcel_id",
        "match_status": "matched",
        "parcel_address": "3001 E 32nd St",
        "parcel_id": "25058",
        "post_demo_confidence": "unknown",
        "post_demo_evidence": [
          {
            "application_date": "2026-04-07T10:29:31.000",
            "issue_date": "2026-04-07T10:32:04.000",
            "project": "",
            "record_number": "PW-H-2026-00058",
            "record_type": "PW - Hauling",
            "relation": "demolition_prep_or_utility",
            "source": "Open Data KC City Issued Permits",
            "status": "Issued",
            "work_class": "Hauling"
          },
          {
            "application_date": "2026-01-30T11:18:28.007",
            "issue_date": "2026-01-30T11:54:17.000",
            "project": "",
            "record_number": "PW-TC-2026-00225",
            "record_type": "PW - Traffic Control",
            "relation": "demolition_prep_or_utility",
            "source": "Open Data KC City Issued Permits",
            "status": "Closed",
            "work_class": "Traffic Control for Construction"
          },
          {
            "application_date": "2026-01-07T09:03:50.780",
            "issue_date": "2026-01-07T10:29:20.000",
            "project": "",
            "record_number": "PW-EXC-2026-00058",
            "record_type": "PW - Excavation",
            "relation": "demolition_prep_or_utility",
            "source": "Open Data KC City Issued Permits",
            "status": "Closed",
            "work_class": "Spire Excavation"
          }
        ],
        "post_demo_last_checked": "2026-05-29T17:52:47Z",
        "post_demo_status": "utility_prep_only",
        "post_demo_summary": "Recent same-parcel public records show utility, excavation, hauling or other prep work, but no replacement or reuse permit was found.",
        "record_id": "case:1af99ce5-e37d-4c35-bcef-88bea28176d0",
        "record_type": "Complete Building or Structure Demolition - Residential",
        "replacement_use": "infrastructure_only",
        "status": "Issued",
        "timing_note": "CompassKC lists the permit issue date; an actual demolition date was not posted.",
        "year": "2026"
      },
      "type": "Feature"
    },
    {
      "geometry": {
        "coordinates": [
          [
            [
              -94.4603243526483,
              38.86985087660235
            ],
            [
              -94.45807972043441,
              38.869768268447366
            ],
            [
              -94.45807147728483,
              38.87019571603502
            ],
            [
              -94.46031384232951,
              38.87027788939621
            ],
            [
              -94.4603243526483,
              38.86985087660235
            ]
          ]
        ],
        "type": "Polygon"
      },
      "properties": {
        "activity_date": "2026-04-08",
        "activity_date_basis": "issue_date",
        "activity_date_label": "Permit issued",
        "activity_stage": "issued",
        "address": "11000 E 139th St Kansas City, MO 64149",
        "apply_date": "2026-02-09T14:18:14.353Z",
        "case_number": "CPDR-2026-00016",
        "category": "Complete Building or Structure Demolition - Residential",
        "date": "2026-04-08",
        "detail_url": "https://compasskc.kcmo.org/EnerGov_Prod/SelfService#/permit/d2eda3a1-6d58-473c-aa61-33a8bc612bbe",
        "external_id": "d2eda3a1-6d58-473c-aa61-33a8bc612bbe",
        "final_date": "2026-05-02T05:00:00Z",
        "geometry_source": "KCMO parcels",
        "has_parcel_polygon": true,
        "issue_date": "2026-04-08T13:27:02.437Z",
        "match_method": "parcel_id",
        "match_status": "matched",
        "parcel_address": "11000 E 139th St",
        "parcel_id": "74101",
        "post_demo_confidence": "unknown",
        "post_demo_evidence": [
          {
            "application_date": "2025-08-14T13:33:32.000",
            "issue_date": "2025-08-15T10:21:29.000",
            "project": "127058",
            "record_number": "PW-EXC-2025-03813",
            "record_type": "PW - Excavation",
            "relation": "demolition_prep_or_utility",
            "source": "Open Data KC City Issued Permits",
            "status": "Closed",
            "work_class": "Water Main/Pipeline"
          }
        ],
        "post_demo_last_checked": "2026-05-29T17:52:47Z",
        "post_demo_status": "utility_prep_only",
        "post_demo_summary": "Recent same-parcel public records show utility, excavation, hauling or other prep work, but no replacement or reuse permit was found.",
        "record_id": "case:d2eda3a1-6d58-473c-aa61-33a8bc612bbe",
        "record_type": "Complete Building or Structure Demolition - Residential",
        "replacement_use": "infrastructure_only",
        "status": "Closed",
        "timing_note": "CompassKC lists the permit issue date; an actual demolition date was not posted.",
        "year": "2026"
      },
      "type": "Feature"
    },
    {
      "geometry": {
        "coordinates": [
          [
            [
              -94.52495729441834,
              39.127021229384425
            ],
            [
              -94.52509800132066,
              39.124428904142725
            ],
            [
              -94.52276672807386,
              39.12435189416664
            ],
            [
              -94.52261690750079,
              39.12694267797079
            ],
            [
              -94.52495729441834,
              39.127021229384425
            ]
          ]
        ],
        "type": "Polygon"
      },
      "properties": {
        "activity_date": "2026-04-09",
        "activity_date_basis": "issue_date",
        "activity_date_label": "Permit issued",
        "activity_stage": "issued",
        "address": "4801 Gardner Ave Kansas City, MO 64120",
        "apply_date": "2026-04-07T14:01:07.233Z",
        "case_number": "CPDC-2026-00075",
        "category": "Pre-Demolition Inspection - Commercial",
        "date": "2026-04-09",
        "detail_url": "https://compasskc.kcmo.org/EnerGov_Prod/SelfService#/permit/1abf06dc-c7ed-433b-a2b3-0a818e53a7a5",
        "external_id": "1abf06dc-c7ed-433b-a2b3-0a818e53a7a5",
        "geometry_source": "KCMO parcels",
        "has_parcel_polygon": true,
        "issue_date": "2026-04-09T17:57:03.907Z",
        "match_method": "parcel_id",
        "match_status": "matched",
        "parcel_address": "4801 Gardner Ave",
        "parcel_id": "38533",
        "post_demo_confidence": "unknown",
        "post_demo_evidence": [
          {
            "application_date": "2025-10-22T15:19:42.740",
            "issue_date": "2025-10-23T09:20:42.000",
            "project": "",
            "record_number": "PW-EXC-2025-05073",
            "record_type": "PW - Excavation",
            "relation": "demolition_prep_or_utility",
            "source": "Open Data KC City Issued Permits",
            "status": "Closed",
            "work_class": "Spire Excavation"
          }
        ],
        "post_demo_last_checked": "2026-05-29T17:52:47Z",
        "post_demo_status": "utility_prep_only",
        "post_demo_summary": "Recent same-parcel public records show utility, excavation, hauling or other prep work, but no replacement or reuse permit was found.",
        "record_id": "case:1abf06dc-c7ed-433b-a2b3-0a818e53a7a5",
        "record_type": "Pre-Demolition Inspection - Commercial",
        "replacement_use": "infrastructure_only",
        "status": "Issued",
        "timing_note": "CompassKC lists the permit issue date; an actual demolition date was not posted.",
        "year": "2026"
      },
      "type": "Feature"
    },
    {
      "geometry": {
        "coordinates": [
          [
            [
              -94.60053573089799,
              38.88214795732812
            ],
            [
              -94.5994887311251,
              38.88208980646406
            ],
            [
              -94.5994154854227,
              38.8830551266802
            ],
            [
              -94.60046094024408,
              38.883121473965204
            ],
            [
              -94.60053573089799,
              38.88214795732812
            ]
          ]
        ],
        "type": "Polygon"
      },
      "properties": {
        "activity_date": "2026-04-09T15:45:02.94Z",
        "activity_date_basis": "issue_date",
        "activity_date_label": "Permit issued",
        "activity_stage": "issued",
        "address": "205 W 135th St Kansas City, MO 64145",
        "apply_date": "2026-04-09T12:02:52.21Z",
        "case_number": "CPDR-2026-00089",
        "category": "Complete Building or Structure Demolition - Residential",
        "date": "2026-04-09T15:45:02.94Z",
        "detail_url": "https://compasskc.kcmo.org/EnerGov_Prod/SelfService#/permit/a92a4d40-26e4-4718-81da-f66dbdc6daf7",
        "external_id": "a92a4d40-26e4-4718-81da-f66dbdc6daf7",
        "final_date": "2026-04-22T05:00:00Z",
        "geometry_source": "KCMO parcels",
        "has_parcel_polygon": true,
        "issue_date": "2026-04-09T15:45:02.94Z",
        "match_method": "parcel_id",
        "match_status": "matched",
        "parcel_address": "205 W 135th St",
        "parcel_id": "159747",
        "post_demo_confidence": "confirmed",
        "post_demo_evidence": [
          {
            "application_date": "2026-03-10T12:05:24.620",
            "issue_date": "2026-03-25T09:04:07.097",
            "project": "Gerber Collision & Glass Building",
            "record_number": "CPBC-2026-00203",
            "record_type": "CPPU - Building (Commercial)",
            "relation": "known_replacement",
            "source": "Open Data KC City Issued Permits",
            "status": "Issued",
            "work_class": "New"
          }
        ],
        "post_demo_last_checked": "2026-05-29T17:52:47Z",
        "post_demo_status": "known_replacement",
        "post_demo_summary": "A same-parcel public permit filed near or after this demolition record shows a new building permit.",
        "record_id": "case:a92a4d40-26e4-4718-81da-f66dbdc6daf7",
        "record_type": "Complete Building or Structure Demolition - Residential",
        "replacement_use": "commercial_or_mixed",
        "status": "Closed",
        "timing_note": "CompassKC lists the permit issue date; an actual demolition date was not posted.",
        "year": "2026"
      },
      "type": "Feature"
    },
    {
      "geometry": {
        "coordinates": [
          [
            [
              -94.52495729441834,
              39.127021229384425
            ],
            [
              -94.52509800132066,
              39.124428904142725
            ],
            [
              -94.52276672807386,
              39.12435189416664
            ],
            [
              -94.52261690750079,
              39.12694267797079
            ],
            [
              -94.52495729441834,
              39.127021229384425
            ]
          ]
        ],
        "type": "Polygon"
      },
      "properties": {
        "activity_date": "2026-04-13",
        "activity_date_basis": "issue_date",
        "activity_date_label": "Permit issued",
        "activity_stage": "issued",
        "address": "4801 Gardner Ave Kansas City, MO 64120",
        "apply_date": "2026-04-07T13:57:16.64Z",
        "case_number": "CPDC-2026-00074",
        "category": "Complete Building Demolition - Commercial",
        "date": "2026-04-13",
        "detail_url": "https://compasskc.kcmo.org/EnerGov_Prod/SelfService#/permit/5f797f1e-195e-416f-8084-581cd34a2702",
        "external_id": "5f797f1e-195e-416f-8084-581cd34a2702",
        "final_date": "2026-04-21T05:00:00Z",
        "geometry_source": "KCMO parcels",
        "has_parcel_polygon": true,
        "issue_date": "2026-04-13T15:48:04.603Z",
        "match_method": "parcel_id",
        "match_status": "matched",
        "parcel_address": "4801 Gardner Ave",
        "parcel_id": "38533",
        "post_demo_confidence": "unknown",
        "post_demo_evidence": [
          {
            "application_date": "2025-10-22T15:19:42.740",
            "issue_date": "2025-10-23T09:20:42.000",
            "project": "",
            "record_number": "PW-EXC-2025-05073",
            "record_type": "PW - Excavation",
            "relation": "demolition_prep_or_utility",
            "source": "Open Data KC City Issued Permits",
            "status": "Closed",
            "work_class": "Spire Excavation"
          }
        ],
        "post_demo_last_checked": "2026-05-29T17:52:47Z",
        "post_demo_status": "utility_prep_only",
        "post_demo_summary": "Recent same-parcel public records show utility, excavation, hauling or other prep work, but no replacement or reuse permit was found.",
        "record_id": "case:5f797f1e-195e-416f-8084-581cd34a2702",
        "record_type": "Complete Building Demolition - Commercial",
        "replacement_use": "infrastructure_only",
        "status": "Closed",
        "timing_note": "CompassKC lists the permit issue date; an actual demolition date was not posted.",
        "year": "2026"
      },
      "type": "Feature"
    },
    {
      "geometry": {
        "coordinates": [
          [
            [
              -94.58762826425955,
              39.162199269259524
            ],
            [
              -94.58764428071783,
              39.162743012078465
            ],
            [
              -94.58839999415422,
              39.16233935597257
            ],
            [
              -94.58879627304657,
              39.1620655647678
            ],
            [
              -94.58860215856043,
              39.16195435338511
            ],
            [
              -94.58877373118112,
              39.1615982488519
            ],
            [
              -94.58865017431405,
              39.16152659039691
            ],
            [
              -94.58762826425955,
              39.162199269259524
            ]
          ]
        ],
        "type": "Polygon"
      },
      "properties": {
        "activity_date": "2026-04-13T16:21:52.19Z",
        "activity_date_basis": "apply_date",
        "activity_date_label": "Review filed",
        "activity_stage": "review",
        "address": "3732 N Briarcliff Rd Kansas City, MO 64116",
        "apply_date": "2026-04-13T16:21:52.19Z",
        "case_number": "CH-DM-2026-00019",
        "category": "Demolition Review, Administrative",
        "date": "2026-04-13T16:21:52.19Z",
        "detail_url": "https://compasskc.kcmo.org/EnerGov_Prod/SelfService#/plan/e7d392e1-05e0-4d99-a9d7-739521af5fa9",
        "external_id": "e7d392e1-05e0-4d99-a9d7-739521af5fa9",
        "geometry_source": "KCMO parcels",
        "has_parcel_polygon": true,
        "match_method": "parcel_id",
        "match_status": "matched",
        "parcel_address": "3732 N Briarcliff Rd",
        "parcel_id": "84972",
        "post_demo_confidence": "unknown",
        "post_demo_evidence": [
          {
            "application_date": "2026-03-31T16:48:56.660",
            "issue_date": "2026-04-02T10:57:45.000",
            "project": "",
            "record_number": "PW-EXC-2026-01095",
            "record_type": "PW - Excavation",
            "relation": "demolition_prep_or_utility",
            "source": "Open Data KC City Issued Permits",
            "status": "Closed",
            "work_class": "Spire Excavation"
          }
        ],
        "post_demo_last_checked": "2026-05-29T17:52:47Z",
        "post_demo_status": "utility_prep_only",
        "post_demo_summary": "Recent same-parcel public records show utility, excavation, hauling or other prep work, but no replacement or reuse permit was found.",
        "record_id": "case:e7d392e1-05e0-4d99-a9d7-739521af5fa9",
        "record_type": "Demolition Review, Administrative",
        "replacement_use": "infrastructure_only",
        "status": "Submitted",
        "story_angle_clues": [
          {
            "angle": "Historic / preservation",
            "context": "Historic - Demolition Review, for complete removal of existing residential building.",
            "field": "project description",
            "matched_text": "Historic"
          }
        ],
        "story_angles": [
          "Historic / preservation"
        ],
        "timing_note": "CompassKC lists a demolition-review filing date; an actual demolition date was not posted.",
        "year": "2026"
      },
      "type": "Feature"
    },
    {
      "geometry": {
        "coordinates": [
          [
            [
              -94.5953311861503,
              39.04700490940763
            ],
            [
              -94.59519060024603,
              39.04699996812174
            ],
            [
              -94.59517773886462,
              39.0472553746011
            ],
            [
              -94.59531832530585,
              39.047260339354544
            ],
            [
              -94.5953311861503,
              39.04700490940763
            ]
          ]
        ],
        "type": "Polygon"
      },
      "properties": {
        "activity_date": "2026-04-14",
        "activity_date_basis": "final_date",
        "activity_date_label": "Permit finalized",
        "activity_stage": "complete",
        "address": "721 Corbin Ter Kansas City, MO 64111",
        "apply_date": "2025-11-14T19:30:07.347Z",
        "case_number": "CPDR-2025-00240",
        "category": "Complete Building or Structure Demolition - Residential",
        "date": "2026-04-14",
        "detail_url": "https://compasskc.kcmo.org/EnerGov_Prod/SelfService#/permit/9cc28c0b-ff5d-4105-9c28-03ed3509af2c",
        "external_id": "9cc28c0b-ff5d-4105-9c28-03ed3509af2c",
        "final_date": "2026-04-14T19:20:35Z",
        "geometry_source": "KCMO parcels",
        "has_parcel_polygon": true,
        "match_method": "parcel_id",
        "match_status": "matched",
        "parcel_address": "721 Corbin Ter",
        "parcel_id": "140410",
        "post_demo_confidence": "confirmed",
        "post_demo_evidence": [
          {
            "application_date": "2026-03-16T17:59:42.213",
            "issue_date": "2026-03-23T15:29:10.157",
            "project": "",
            "record_number": "CPBR-2026-00593",
            "record_type": "CPPU - Building (Residential)",
            "relation": "known_replacement",
            "source": "Open Data KC City Issued Permits",
            "status": "Issued",
            "work_class": "Single Family - New"
          }
        ],
        "post_demo_last_checked": "2026-05-29T17:52:47Z",
        "post_demo_status": "known_replacement",
        "post_demo_summary": "A same-parcel public permit filed near or after this demolition record shows a new housing permit.",
        "record_id": "case:9cc28c0b-ff5d-4105-9c28-03ed3509af2c",
        "record_type": "Complete Building or Structure Demolition - Residential",
        "replacement_use": "housing",
        "status": "Voided-City",
        "timing_note": "CompassKC lists a final/completion date; an actual demolition date was not posted.",
        "year": "2026"
      },
      "type": "Feature"
    },
    {
      "geometry": {
        "coordinates": [
          [
            [
              -94.59170481327135,
              39.05974200521253
            ],
            [
              -94.59077019620476,
              39.05971278590986
            ],
            [
              -94.59074921908345,
              39.06006178089623
            ],
            [
              -94.59128715126526,
              39.06008184916181
            ],
            [
              -94.591289848309,
              39.06002485029334
            ],
            [
              -94.59168643625695,
              39.06003913716786
            ],
            [
              -94.59170481327135,
              39.05974200521253
            ]
          ]
        ],
        "type": "Polygon"
      },
      "properties": {
        "activity_date": "2026-04-15",
        "activity_date_basis": "issue_date",
        "activity_date_label": "Permit issued",
        "activity_stage": "issued",
        "address": "3736 Broadway Blvd Kansas City, MO 64111",
        "apply_date": "2026-04-09T03:34:31.58Z",
        "case_number": "CPDC-2026-00076",
        "category": "Pre-Demolition Inspection - Commercial",
        "date": "2026-04-15",
        "detail_url": "https://compasskc.kcmo.org/EnerGov_Prod/SelfService#/permit/b8032502-7ad7-40a1-a3ad-8342716a7e67",
        "external_id": "b8032502-7ad7-40a1-a3ad-8342716a7e67",
        "geometry_source": "KCMO parcels",
        "has_parcel_polygon": true,
        "issue_date": "2026-04-15T04:13:02.277Z",
        "match_method": "parcel_id",
        "match_status": "matched",
        "parcel_address": "3736 Broadway Blvd",
        "parcel_id": "129911",
        "post_demo_confidence": "unknown",
        "post_demo_evidence": [
          {
            "application_date": "2026-05-18T22:35:17.567",
            "issue_date": "2026-05-20T13:04:09.370",
            "project": "",
            "record_number": "PW-H-2026-00081",
            "record_type": "PW - Hauling",
            "relation": "demolition_prep_or_utility",
            "source": "Open Data KC City Issued Permits",
            "status": "Issued",
            "work_class": "Hauling"
          },
          {
            "application_date": "2026-03-31T11:56:50.000",
            "issue_date": "2026-04-01T14:20:09.503",
            "project": "KILL17131",
            "record_number": "WS-E-162760",
            "record_type": "WS - Existing Service",
            "relation": "demolition_prep_or_utility",
            "source": "Open Data KC City Issued Permits",
            "status": "Issued",
            "work_class": "Kill Water Service at Main"
          },
          {
            "application_date": "2026-03-31T11:54:50.000",
            "issue_date": "2026-04-01T14:20:07.107",
            "project": "KILL17131",
            "record_number": "PW-EXC-2026-01085",
            "record_type": "PW - Excavation",
            "relation": "demolition_prep_or_utility",
            "source": "Open Data KC City Issued Permits",
            "status": "Issued",
            "work_class": "Water Main/Pipeline"
          }
        ],
        "post_demo_last_checked": "2026-05-29T17:52:47Z",
        "post_demo_status": "utility_prep_only",
        "post_demo_summary": "Recent same-parcel public records show utility, excavation, hauling or other prep work, but no replacement or reuse permit was found.",
        "record_id": "case:b8032502-7ad7-40a1-a3ad-8342716a7e67",
        "record_type": "Pre-Demolition Inspection - Commercial",
        "replacement_use": "infrastructure_only",
        "status": "Issued",
        "timing_note": "CompassKC lists the permit issue date; an actual demolition date was not posted.",
        "year": "2026"
      },
      "type": "Feature"
    },
    {
      "geometry": {
        "coordinates": [
          [
            [
              -94.56297947089692,
              39.16132459821505
            ],
            [
              -94.5624787824413,
              39.16132326607981
            ],
            [
              -94.5624761720873,
              39.16156190999409
            ],
            [
              -94.56297712660312,
              39.16156308297714
            ],
            [
              -94.56297947089692,
              39.16132459821505
            ]
          ]
        ],
        "type": "Polygon"
      },
      "properties": {
        "activity_date": "2026-04-15",
        "activity_date_basis": "issue_date",
        "activity_date_label": "Permit issued",
        "activity_stage": "issued",
        "address": "3703 N Lydia Ave Kansas City, MO 64116",
        "apply_date": "2026-04-09T03:39:18.037Z",
        "case_number": "CPDR-2026-00088",
        "category": "Complete Building or Structure Demolition - Residential",
        "date": "2026-04-15",
        "detail_url": "https://compasskc.kcmo.org/EnerGov_Prod/SelfService#/permit/f74accec-1ac7-4f11-86ec-581b7df58230",
        "external_id": "f74accec-1ac7-4f11-86ec-581b7df58230",
        "geometry_source": "KCMO parcels",
        "has_parcel_polygon": true,
        "issue_date": "2026-04-15T04:13:04.207Z",
        "match_method": "parcel_id",
        "match_status": "matched",
        "parcel_address": "3703 N Lydia Ave",
        "parcel_id": "85890",
        "post_demo_confidence": "unknown",
        "post_demo_evidence": [
          {
            "application_date": "2026-01-30T09:43:32.000",
            "issue_date": "2026-02-01T15:28:04.157",
            "project": "DB98966",
            "record_number": "WS-E-162565",
            "record_type": "WS - Existing Service",
            "relation": "demolition_prep_or_utility",
            "source": "Open Data KC City Issued Permits",
            "status": "Issued",
            "work_class": "Kill Water Service at Main"
          },
          {
            "application_date": "2026-01-30T09:41:06.000",
            "issue_date": "2026-02-10T20:32:04.110",
            "project": "DB98966",
            "record_number": "PW-EXC-2026-00340",
            "record_type": "PW - Excavation",
            "relation": "demolition_prep_or_utility",
            "source": "Open Data KC City Issued Permits",
            "status": "Issued",
            "work_class": "Water Main/Pipeline"
          },
          {
            "application_date": "2026-01-29T16:50:59.030",
            "issue_date": "2026-02-11T13:47:31.000",
            "project": "DB98966",
            "record_number": "WS-PW-PR-2026-00195",
            "record_type": "WS-PW-PR New Connection - Kills - Repairs - Coord",
            "relation": "demolition_prep_or_utility",
            "source": "Open Data KC City Issued Permits",
            "status": "Issued",
            "work_class": "Water Service Lines - Kills"
          }
        ],
        "post_demo_last_checked": "2026-05-29T17:52:47Z",
        "post_demo_status": "utility_prep_only",
        "post_demo_summary": "Recent same-parcel public records show utility, excavation, hauling or other prep work, but no replacement or reuse permit was found.",
        "record_id": "case:f74accec-1ac7-4f11-86ec-581b7df58230",
        "record_type": "Complete Building or Structure Demolition - Residential",
        "replacement_use": "infrastructure_only",
        "status": "Issued",
        "timing_note": "CompassKC lists the permit issue date; an actual demolition date was not posted.",
        "year": "2026"
      },
      "type": "Feature"
    },
    {
      "geometry": {
        "coordinates": [
          [
            [
              -94.51986985976303,
              39.08202383466861
            ],
            [
              -94.51939095466426,
              39.08200954673957
            ],
            [
              -94.51938534812815,
              39.08211921460327
            ],
            [
              -94.51986413653275,
              39.08213348026615
            ],
            [
              -94.51986985976303,
              39.08202383466861
            ]
          ]
        ],
        "type": "Polygon"
      },
      "properties": {
        "activity_date": "2026-04-15T04:13:08.12Z",
        "activity_date_basis": "issue_date",
        "activity_date_label": "Permit issued",
        "activity_stage": "issued",
        "address": "2331 Hardesty Ave Kansas City, MO 64127",
        "apply_date": "2026-04-09T03:36:34.66Z",
        "case_number": "CPDR-2026-00087",
        "category": "Complete Building or Structure Demolition - Residential",
        "date": "2026-04-15T04:13:08.12Z",
        "detail_url": "https://compasskc.kcmo.org/EnerGov_Prod/SelfService#/permit/31ea9168-de29-48a0-9e42-9c08fb99a8d2",
        "external_id": "31ea9168-de29-48a0-9e42-9c08fb99a8d2",
        "final_date": "2026-05-05T05:00:00Z",
        "geometry_source": "KCMO parcels",
        "has_parcel_polygon": true,
        "issue_date": "2026-04-15T04:13:08.12Z",
        "match_method": "parcel_id",
        "match_status": "matched",
        "parcel_address": "2331 Hardesty Ave",
        "parcel_id": "20025",
        "post_demo_confidence": "unknown",
        "post_demo_evidence": [
          {
            "application_date": "2026-03-24T08:58:33.000",
            "issue_date": "2026-03-26T14:30:05.657",
            "project": "86264",
            "record_number": "WS-E-162735",
            "record_type": "WS - Existing Service",
            "relation": "demolition_prep_or_utility",
            "source": "Open Data KC City Issued Permits",
            "status": "Issued",
            "work_class": "Disconnect Service Line at Curb"
          },
          {
            "application_date": "2026-03-23T08:41:06.000",
            "issue_date": "2026-03-26T14:30:10.123",
            "project": "",
            "record_number": "PW-EXC-2026-00967",
            "record_type": "PW - Excavation",
            "relation": "demolition_prep_or_utility",
            "source": "Open Data KC City Issued Permits",
            "status": "Closed",
            "work_class": "Water Main/Pipeline"
          },
          {
            "application_date": "2026-03-23T00:09:54.263",
            "issue_date": "2026-03-26T14:30:02.923",
            "project": "",
            "record_number": "PW-H-2026-00046",
            "record_type": "PW - Hauling",
            "relation": "demolition_prep_or_utility",
            "source": "Open Data KC City Issued Permits",
            "status": "Issued",
            "work_class": "Hauling"
          }
        ],
        "post_demo_last_checked": "2026-05-29T17:52:47Z",
        "post_demo_status": "utility_prep_only",
        "post_demo_summary": "Recent same-parcel public records show utility, excavation, hauling or other prep work, but no replacement or reuse permit was found.",
        "record_id": "case:31ea9168-de29-48a0-9e42-9c08fb99a8d2",
        "record_type": "Complete Building or Structure Demolition - Residential",
        "replacement_use": "infrastructure_only",
        "status": "Closed",
        "timing_note": "CompassKC lists the permit issue date; an actual demolition date was not posted.",
        "year": "2026"
      },
      "type": "Feature"
    },
    {
      "geometry": {
        "coordinates": [
          [
            [
              -94.459246775646,
              38.94937136351913
            ],
            [
              -94.45881012950403,
              38.94934551513175
            ],
            [
              -94.45879421104488,
              38.94961253353567
            ],
            [
              -94.45923156525988,
              38.94963282264902
            ],
            [
              -94.459246775646,
              38.94937136351913
            ]
          ]
        ],
        "type": "Polygon"
      },
      "properties": {
        "activity_date": "2026-04-16",
        "activity_date_basis": "issue_date",
        "activity_date_label": "Permit issued",
        "activity_stage": "issued",
        "address": "9511 Olmstead Rd Kansas City, MO 64134",
        "apply_date": "2026-04-16T14:49:33Z",
        "case_number": "CPDR-2026-00094",
        "category": "Complete Building or Structure Demolition - Residential",
        "date": "2026-04-16",
        "detail_url": "https://compasskc.kcmo.org/EnerGov_Prod/SelfService#/permit/30ddad89-5683-4a25-b334-318e530dde1e",
        "external_id": "30ddad89-5683-4a25-b334-318e530dde1e",
        "geometry_source": "KCMO parcels",
        "has_parcel_polygon": true,
        "issue_date": "2026-04-16T20:23:02.747Z",
        "match_method": "parcel_id",
        "match_status": "matched",
        "parcel_address": "9511 Olmstead Rd",
        "parcel_id": "67857",
        "post_demo_confidence": "unknown",
        "post_demo_evidence": [
          {
            "application_date": "2026-04-14T08:57:05.070",
            "issue_date": "2026-04-15T12:11:02.747",
            "project": "",
            "record_number": "PW-H-2026-00064",
            "record_type": "PW - Hauling",
            "relation": "demolition_prep_or_utility",
            "source": "Open Data KC City Issued Permits",
            "status": "Issued",
            "work_class": "Hauling"
          },
          {
            "application_date": "2026-03-17T08:24:23.000",
            "issue_date": "2026-03-19T08:04:04.787",
            "project": "27782",
            "record_number": "WS-E-162717",
            "record_type": "WS - Existing Service",
            "relation": "demolition_prep_or_utility",
            "source": "Open Data KC City Issued Permits",
            "status": "Issued",
            "work_class": "Disconnect Service Line at Curb"
          },
          {
            "application_date": "2026-03-17T08:23:03.000",
            "issue_date": "2026-03-19T08:02:02.903",
            "project": "27782",
            "record_number": "PW-EXC-2026-00856",
            "record_type": "PW - Excavation",
            "relation": "demolition_prep_or_utility",
            "source": "Open Data KC City Issued Permits",
            "status": "Closed",
            "work_class": "Water Main/Pipeline"
          }
        ],
        "post_demo_last_checked": "2026-05-29T17:52:47Z",
        "post_demo_status": "utility_prep_only",
        "post_demo_summary": "Recent same-parcel public records show utility, excavation, hauling or other prep work, but no replacement or reuse permit was found.",
        "record_id": "case:30ddad89-5683-4a25-b334-318e530dde1e",
        "record_type": "Complete Building or Structure Demolition - Residential",
        "replacement_use": "infrastructure_only",
        "status": "Issued",
        "timing_note": "CompassKC lists the permit issue date; an actual demolition date was not posted.",
        "year": "2026"
      },
      "type": "Feature"
    },
    {
      "geometry": {
        "coordinates": [
          [
            [
              -94.5698392886539,
              39.050166747830026
            ],
            [
              -94.56944175356733,
              39.05015298208743
            ],
            [
              -94.56943719827477,
              39.05023498989676
            ],
            [
              -94.56903003776925,
              39.050220885267805
            ],
            [
              -94.56901270448624,
              39.0505308400049
            ],
            [
              -94.56981628791513,
              39.05055912303032
            ],
            [
              -94.5698392886539,
              39.050166747830026
            ]
          ]
        ],
        "type": "Polygon"
      },
      "properties": {
        "activity_date": "2026-04-16T00:08:11.42Z",
        "activity_date_basis": "apply_date",
        "activity_date_label": "Application filed",
        "activity_stage": "applied",
        "address": "4205 Tracy Ave Kansas City, MO 64110",
        "apply_date": "2026-04-16T00:08:11.42Z",
        "case_number": "CPDC-2026-00078",
        "category": "Pre-Demolition Inspection - Commercial",
        "date": "2026-04-16T00:08:11.42Z",
        "detail_url": "https://compasskc.kcmo.org/EnerGov_Prod/SelfService#/permit/e75e574c-59b3-4434-881a-e7fe5812d31f",
        "external_id": "e75e574c-59b3-4434-881a-e7fe5812d31f",
        "geometry_source": "KCMO parcels",
        "has_parcel_polygon": true,
        "match_method": "parcel_id",
        "match_status": "matched",
        "parcel_address": "4205 Tracy Ave",
        "parcel_id": "135797",
        "post_demo_confidence": "unknown",
        "post_demo_last_checked": "2026-05-29T17:52:47Z",
        "post_demo_status": "no_public_followup_found",
        "post_demo_summary": "No same-parcel replacement or redevelopment permit was found in public permit history yet.",
        "record_id": "case:e75e574c-59b3-4434-881a-e7fe5812d31f",
        "record_type": "Pre-Demolition Inspection - Commercial",
        "replacement_use": "unknown",
        "status": "Awaiting Customer Response",
        "story_angle_clues": [
          {
            "angle": "Recognizable place",
            "context": "Need to demo 1 structure, Not the actual church but an outbuilding",
            "field": "project description",
            "matched_text": "church"
          }
        ],
        "story_angles": [
          "Recognizable place"
        ],
        "timing_note": "CompassKC lists the application date; an actual demolition date was not posted.",
        "year": "2026"
      },
      "type": "Feature"
    },
    {
      "geometry": {
        "coordinates": [
          [
            [
              -94.55111687631454,
              39.07651030788001
            ],
            [
              -94.55098862210798,
              39.07650667965068
            ],
            [
              -94.55096555834587,
              39.07696611356106
            ],
            [
              -94.55109378307144,
              39.07697045056048
            ],
            [
              -94.55111687631454,
              39.07651030788001
            ]
          ]
        ],
        "type": "Polygon"
      },
      "properties": {
        "activity_date": "2026-04-21T21:16:08.47Z",
        "activity_date_basis": "issue_date",
        "activity_date_label": "Permit issued",
        "activity_stage": "issued",
        "address": "2703 E 27th St Kansas City, MO 64128",
        "apply_date": "2026-04-17T06:06:22.14Z",
        "case_number": "CPDR-2026-00096",
        "category": "Complete Building or Structure Demolition - Residential",
        "date": "2026-04-21T21:16:08.47Z",
        "detail_url": "https://compasskc.kcmo.org/EnerGov_Prod/SelfService#/permit/e4fb8f85-b9ed-4c5e-b51d-a2c67d9207a5",
        "external_id": "e4fb8f85-b9ed-4c5e-b51d-a2c67d9207a5",
        "final_date": "2026-04-30T05:00:00Z",
        "geometry_source": "KCMO parcels",
        "has_parcel_polygon": true,
        "issue_date": "2026-04-21T21:16:08.47Z",
        "match_method": "parcel_id",
        "match_status": "matched",
        "parcel_address": "2703 E 27th St",
        "parcel_id": "24475",
        "post_demo_confidence": "unknown",
        "post_demo_evidence": [
          {
            "application_date": "2026-04-03T09:22:49.000",
            "issue_date": "2026-04-06T00:23:14.160",
            "project": "38514",
            "record_number": "WS-E-162770",
            "record_type": "WS - Existing Service",
            "relation": "demolition_prep_or_utility",
            "source": "Open Data KC City Issued Permits",
            "status": "Issued",
            "work_class": "Disconnect Service Line at Curb"
          },
          {
            "application_date": "2026-04-03T00:00:35.057",
            "issue_date": "2026-04-15T09:40:56.000",
            "project": "38514",
            "record_number": "WS-PW-PR-2026-00564",
            "record_type": "WS-PW-PR New Connection - Kills - Repairs - Coord",
            "relation": "demolition_prep_or_utility",
            "source": "Open Data KC City Issued Permits",
            "status": "Issued",
            "work_class": "Water Service Lines - Kills"
          }
        ],
        "post_demo_last_checked": "2026-05-29T17:52:47Z",
        "post_demo_status": "utility_prep_only",
        "post_demo_summary": "Recent same-parcel public records show utility, excavation, hauling or other prep work, but no replacement or reuse permit was found.",
        "record_id": "case:e4fb8f85-b9ed-4c5e-b51d-a2c67d9207a5",
        "record_type": "Complete Building or Structure Demolition - Residential",
        "replacement_use": "infrastructure_only",
        "status": "Closed",
        "timing_note": "CompassKC lists the permit issue date; an actual demolition date was not posted.",
        "year": "2026"
      },
      "type": "Feature"
    },
    {
      "geometry": {
        "coordinates": [
          [
            [
              -94.55124865235113,
              39.07651391096781
            ],
            [
              -94.55111687631454,
              39.07651030788001
            ],
            [
              -94.55109378307144,
              39.07697045056048
            ],
            [
              -94.55122567727726,
              39.07697492309171
            ],
            [
              -94.55124865235113,
              39.07651391096781
            ]
          ]
        ],
        "type": "Polygon"
      },
      "properties": {
        "activity_date": "2026-04-21T21:16:10.36Z",
        "activity_date_basis": "issue_date",
        "activity_date_label": "Permit issued",
        "activity_stage": "issued",
        "address": "2701 E 27th St Kansas City, MO 64128",
        "apply_date": "2026-04-17T06:04:47.69Z",
        "case_number": "CPDR-2026-00095",
        "category": "Complete Building or Structure Demolition - Residential",
        "date": "2026-04-21T21:16:10.36Z",
        "detail_url": "https://compasskc.kcmo.org/EnerGov_Prod/SelfService#/permit/be39c94d-9f53-427e-86f8-cb3edd184873",
        "external_id": "be39c94d-9f53-427e-86f8-cb3edd184873",
        "final_date": "2026-04-30T05:00:00Z",
        "geometry_source": "KCMO parcels",
        "has_parcel_polygon": true,
        "issue_date": "2026-04-21T21:16:10.36Z",
        "match_method": "parcel_id",
        "match_status": "matched",
        "parcel_address": "2701 E 27th St",
        "parcel_id": "24474",
        "post_demo_confidence": "unknown",
        "post_demo_evidence": [
          {
            "application_date": "2026-04-08T22:43:32.710",
            "issue_date": "2026-04-11T21:46:14.220",
            "project": "",
            "record_number": "PW-H-2026-00059",
            "record_type": "PW - Hauling",
            "relation": "demolition_prep_or_utility",
            "source": "Open Data KC City Issued Permits",
            "status": "Issued",
            "work_class": "Hauling"
          },
          {
            "application_date": "2026-04-06T13:56:53.883",
            "issue_date": "2026-04-07T11:09:25.000",
            "project": "",
            "record_number": "PW-EXC-2026-01162",
            "record_type": "PW - Excavation",
            "relation": "demolition_prep_or_utility",
            "source": "Open Data KC City Issued Permits",
            "status": "Closed",
            "work_class": "Spire Excavation"
          },
          {
            "application_date": "2026-04-03T09:20:58.000",
            "issue_date": "2026-04-06T00:23:08.063",
            "project": "37727",
            "record_number": "WS-E-162769",
            "record_type": "WS - Existing Service",
            "relation": "demolition_prep_or_utility",
            "source": "Open Data KC City Issued Permits",
            "status": "Issued",
            "work_class": "Disconnect Service Line at Curb"
          }
        ],
        "post_demo_last_checked": "2026-05-29T17:52:47Z",
        "post_demo_status": "utility_prep_only",
        "post_demo_summary": "Recent same-parcel public records show utility, excavation, hauling or other prep work, but no replacement or reuse permit was found.",
        "record_id": "case:be39c94d-9f53-427e-86f8-cb3edd184873",
        "record_type": "Complete Building or Structure Demolition - Residential",
        "replacement_use": "infrastructure_only",
        "status": "Closed",
        "timing_note": "CompassKC lists the permit issue date; an actual demolition date was not posted.",
        "year": "2026"
      },
      "type": "Feature"
    },
    {
      "geometry": {
        "coordinates": [
          [
            [
              -94.55114032019549,
              39.07942366083946
            ],
            [
              -94.55064592355173,
              39.079405298567565
            ],
            [
              -94.55064315373525,
              39.07947396439854
            ],
            [
              -94.55113749289644,
              39.079492350159875
            ],
            [
              -94.55114032019549,
              39.07942366083946
            ]
          ]
        ],
        "type": "Polygon"
      },
      "properties": {
        "activity_date": "2026-04-21T21:16:12.36Z",
        "activity_date_basis": "issue_date",
        "activity_date_label": "Permit issued",
        "activity_stage": "issued",
        "address": "2533 Montgall Ave Kansas City, MO 64127",
        "apply_date": "2026-04-15T04:33:21.19Z",
        "case_number": "CPDR-2026-00092",
        "category": "Complete Building or Structure Demolition - Residential",
        "date": "2026-04-21T21:16:12.36Z",
        "detail_url": "https://compasskc.kcmo.org/EnerGov_Prod/SelfService#/permit/88a9bdb3-b251-4a5f-9638-00552f1dbbfb",
        "external_id": "88a9bdb3-b251-4a5f-9638-00552f1dbbfb",
        "final_date": "2026-05-19T05:00:00Z",
        "geometry_source": "KCMO parcels",
        "has_parcel_polygon": true,
        "issue_date": "2026-04-21T21:16:12.36Z",
        "match_method": "parcel_id",
        "match_status": "matched",
        "parcel_address": "2533 Montgall Ave",
        "parcel_id": "16587",
        "post_demo_confidence": "unknown",
        "post_demo_evidence": [
          {
            "application_date": "2025-11-11T20:24:00.627",
            "issue_date": "2025-11-13T21:22:22.997",
            "project": "",
            "record_number": "PW-H-2025-00179",
            "record_type": "PW - Hauling",
            "relation": "demolition_prep_or_utility",
            "source": "Open Data KC City Issued Permits",
            "status": "Issued",
            "work_class": "Hauling"
          }
        ],
        "post_demo_last_checked": "2026-05-29T17:52:47Z",
        "post_demo_status": "utility_prep_only",
        "post_demo_summary": "Recent same-parcel public records show utility, excavation, hauling or other prep work, but no replacement or reuse permit was found.",
        "record_id": "case:88a9bdb3-b251-4a5f-9638-00552f1dbbfb",
        "record_type": "Complete Building or Structure Demolition - Residential",
        "replacement_use": "infrastructure_only",
        "status": "Closed",
        "timing_note": "CompassKC lists the permit issue date; an actual demolition date was not posted.",
        "year": "2026"
      },
      "type": "Feature"
    },
    {
      "geometry": {
        "coordinates": [
          [
            [
              -94.59976050595124,
              39.09008863214605
            ],
            [
              -94.59942982959365,
              39.089989725502186
            ],
            [
              -94.5993851010225,
              39.09008572597246
            ],
            [
              -94.5997162784566,
              39.090184700382984
            ],
            [
              -94.59976050595124,
              39.09008863214605
            ]
          ]
        ],
        "type": "Polygon"
      },
      "properties": {
        "activity_date": "2026-04-22",
        "activity_date_basis": "complete_date",
        "activity_date_label": "Review approved",
        "activity_stage": "review",
        "address": "1842 Mercier St Kansas City, MO 64102",
        "apply_date": "2026-04-15T13:26:36Z",
        "case_number": "CH-DM-2026-00020",
        "category": "Demolition Review, Administrative",
        "complete_date": "2026-04-22T16:33:52Z",
        "date": "2026-04-22",
        "detail_url": "https://compasskc.kcmo.org/EnerGov_Prod/SelfService#/plan/47309f2a-d9b6-4622-9a55-89a43c872384",
        "expiration_date": "2030-04-22T16:33:58Z",
        "external_id": "47309f2a-d9b6-4622-9a55-89a43c872384",
        "geometry_source": "KCMO parcels",
        "has_parcel_polygon": true,
        "match_method": "parcel_id",
        "match_status": "matched",
        "parcel_address": "1842 Mercier St",
        "parcel_id": "123963",
        "post_demo_confidence": "unknown",
        "post_demo_last_checked": "2026-05-29T17:52:47Z",
        "post_demo_status": "no_public_followup_found",
        "post_demo_summary": "No same-parcel replacement or redevelopment permit was found in public permit history yet.",
        "record_id": "case:47309f2a-d9b6-4622-9a55-89a43c872384",
        "record_type": "Demolition Review, Administrative",
        "replacement_use": "unknown",
        "status": "Approved",
        "timing_note": "CompassKC lists a demolition-review milestone; an actual demolition date was not posted.",
        "year": "2026"
      },
      "type": "Feature"
    },
    {
      "geometry": {
        "coordinates": [
          [
            [
              -94.58762826425955,
              39.162199269259524
            ],
            [
              -94.58764428071783,
              39.162743012078465
            ],
            [
              -94.58839999415422,
              39.16233935597257
            ],
            [
              -94.58879627304657,
              39.1620655647678
            ],
            [
              -94.58860215856043,
              39.16195435338511
            ],
            [
              -94.58877373118112,
              39.1615982488519
            ],
            [
              -94.58865017431405,
              39.16152659039691
            ],
            [
              -94.58762826425955,
              39.162199269259524
            ]
          ]
        ],
        "type": "Polygon"
      },
      "properties": {
        "activity_date": "2026-04-22",
        "activity_date_basis": "issue_date",
        "activity_date_label": "Permit issued",
        "activity_stage": "issued",
        "address": "3732 N Briarcliff Rd Kansas City, MO 64116",
        "apply_date": "2026-04-07T13:38:49.22Z",
        "case_number": "CPDR-2026-00085",
        "category": "Pre-Demolition Inspection - Residential",
        "date": "2026-04-22",
        "detail_url": "https://compasskc.kcmo.org/EnerGov_Prod/SelfService#/permit/a24f066d-1ecb-48a2-b53a-3c50a309149a",
        "external_id": "a24f066d-1ecb-48a2-b53a-3c50a309149a",
        "geometry_source": "KCMO parcels",
        "has_parcel_polygon": true,
        "issue_date": "2026-04-22T15:27:02.403Z",
        "match_method": "parcel_id",
        "match_status": "matched",
        "parcel_address": "3732 N Briarcliff Rd",
        "parcel_id": "84972",
        "post_demo_confidence": "unknown",
        "post_demo_evidence": [
          {
            "application_date": "2026-03-31T16:48:56.660",
            "issue_date": "2026-04-02T10:57:45.000",
            "project": "",
            "record_number": "PW-EXC-2026-01095",
            "record_type": "PW - Excavation",
            "relation": "demolition_prep_or_utility",
            "source": "Open Data KC City Issued Permits",
            "status": "Closed",
            "work_class": "Spire Excavation"
          }
        ],
        "post_demo_last_checked": "2026-05-29T17:52:47Z",
        "post_demo_status": "utility_prep_only",
        "post_demo_summary": "Recent same-parcel public records show utility, excavation, hauling or other prep work, but no replacement or reuse permit was found.",
        "record_id": "case:a24f066d-1ecb-48a2-b53a-3c50a309149a",
        "record_type": "Pre-Demolition Inspection - Residential",
        "replacement_use": "infrastructure_only",
        "status": "Issued",
        "timing_note": "CompassKC lists the permit issue date; an actual demolition date was not posted.",
        "year": "2026"
      },
      "type": "Feature"
    },
    {
      "geometry": {
        "coordinates": [
          [
            [
              -94.58762826425955,
              39.162199269259524
            ],
            [
              -94.58764428071783,
              39.162743012078465
            ],
            [
              -94.58839999415422,
              39.16233935597257
            ],
            [
              -94.58879627304657,
              39.1620655647678
            ],
            [
              -94.58860215856043,
              39.16195435338511
            ],
            [
              -94.58877373118112,
              39.1615982488519
            ],
            [
              -94.58865017431405,
              39.16152659039691
            ],
            [
              -94.58762826425955,
              39.162199269259524
            ]
          ]
        ],
        "type": "Polygon"
      },
      "properties": {
        "activity_date": "2026-04-22",
        "activity_date_basis": "apply_date",
        "activity_date_label": "Application filed",
        "activity_stage": "applied",
        "address": "3732 N Briarcliff Rd Kansas City, MO 64116",
        "apply_date": "2026-04-22T20:26:32.227Z",
        "case_number": "CPDR-2026-00098",
        "category": "Complete Building or Structure Demolition - Residential",
        "date": "2026-04-22",
        "detail_url": "https://compasskc.kcmo.org/EnerGov_Prod/SelfService#/permit/cea532a9-4481-47eb-b03c-6c7be730cc83",
        "external_id": "cea532a9-4481-47eb-b03c-6c7be730cc83",
        "geometry_source": "KCMO parcels",
        "has_parcel_polygon": true,
        "match_method": "parcel_id",
        "match_status": "matched",
        "parcel_address": "3732 N Briarcliff Rd",
        "parcel_id": "84972",
        "post_demo_confidence": "unknown",
        "post_demo_evidence": [
          {
            "application_date": "2026-03-31T16:48:56.660",
            "issue_date": "2026-04-02T10:57:45.000",
            "project": "",
            "record_number": "PW-EXC-2026-01095",
            "record_type": "PW - Excavation",
            "relation": "demolition_prep_or_utility",
            "source": "Open Data KC City Issued Permits",
            "status": "Closed",
            "work_class": "Spire Excavation"
          }
        ],
        "post_demo_last_checked": "2026-05-29T17:52:47Z",
        "post_demo_status": "utility_prep_only",
        "post_demo_summary": "Recent same-parcel public records show utility, excavation, hauling or other prep work, but no replacement or reuse permit was found.",
        "record_id": "case:cea532a9-4481-47eb-b03c-6c7be730cc83",
        "record_type": "Complete Building or Structure Demolition - Residential",
        "replacement_use": "infrastructure_only",
        "status": "Awaiting Customer Response",
        "timing_note": "CompassKC lists the application date; an actual demolition date was not posted.",
        "year": "2026"
      },
      "type": "Feature"
    },
    {
      "geometry": {
        "coordinates": [
          [
            [
              -94.52008028218023,
              39.07795385776238
            ],
            [
              -94.51960119821243,
              39.077939136552345
            ],
            [
              -94.51959445580835,
              39.07807633027217
            ],
            [
              -94.52007309963169,
              39.07809103042053
            ],
            [
              -94.52008028218023,
              39.07795385776238
            ]
          ]
        ],
        "type": "Polygon"
      },
      "properties": {
        "activity_date": "2026-04-27",
        "activity_date_basis": "issue_date",
        "activity_date_label": "Permit issued",
        "activity_stage": "issued",
        "address": "2549 Hardesty Ave Kansas City, MO 64127",
        "apply_date": "2026-04-22T03:50:49.873Z",
        "case_number": "CPDR-2026-00097",
        "category": "Complete Building or Structure Demolition - Residential",
        "date": "2026-04-27",
        "detail_url": "https://compasskc.kcmo.org/EnerGov_Prod/SelfService#/permit/c2353ed6-cf41-425a-b679-9f66490057b2",
        "external_id": "c2353ed6-cf41-425a-b679-9f66490057b2",
        "final_date": "2026-05-02T05:00:00Z",
        "geometry_source": "KCMO parcels",
        "has_parcel_polygon": true,
        "issue_date": "2026-04-27T14:21:22.693Z",
        "match_method": "parcel_id",
        "match_status": "matched",
        "parcel_address": "2549 Hardesty Ave",
        "parcel_id": "20745",
        "post_demo_confidence": "unknown",
        "post_demo_evidence": [
          {
            "application_date": "2026-03-23T16:48:57.117",
            "issue_date": "2026-04-02T09:27:49.000",
            "project": "",
            "record_number": "PW-H-2026-00049",
            "record_type": "PW - Hauling",
            "relation": "demolition_prep_or_utility",
            "source": "Open Data KC City Issued Permits",
            "status": "Issued",
            "work_class": "Hauling"
          }
        ],
        "post_demo_last_checked": "2026-05-29T17:52:47Z",
        "post_demo_status": "utility_prep_only",
        "post_demo_summary": "Recent same-parcel public records show utility, excavation, hauling or other prep work, but no replacement or reuse permit was found.",
        "record_id": "case:c2353ed6-cf41-425a-b679-9f66490057b2",
        "record_type": "Complete Building or Structure Demolition - Residential",
        "replacement_use": "infrastructure_only",
        "status": "Closed",
        "timing_note": "CompassKC lists the permit issue date; an actual demolition date was not posted.",
        "year": "2026"
      },
      "type": "Feature"
    },
    {
      "geometry": {
        "coordinates": [
          [
            [
              -94.60052113860803,
              39.047228308471254
            ],
            [
              -94.60007143983013,
              39.04721180906655
            ],
            [
              -94.60006379829221,
              39.04734907810688
            ],
            [
              -94.6005134246139,
              39.04736559991157
            ],
            [
              -94.60052113860803,
              39.047228308471254
            ]
          ]
        ],
        "type": "Polygon"
      },
      "properties": {
        "activity_date": "2026-04-27T13:06:14.1Z",
        "activity_date_basis": "complete_date",
        "activity_date_label": "Review completed",
        "activity_stage": "review",
        "address": "4423 Holly St Unit/Suite: A, B, C, D Kansas City, MO 64111",
        "apply_date": "2026-04-22T03:49:00.307Z",
        "case_number": "CH-DM-2026-00022",
        "category": "Demolition Review, Regular",
        "complete_date": "2026-04-27T13:06:14.1Z",
        "date": "2026-04-27T13:06:14.1Z",
        "detail_url": "https://compasskc.kcmo.org/EnerGov_Prod/SelfService#/plan/0620ea9d-ca16-41d2-8370-e17cc0af386a",
        "external_id": "0620ea9d-ca16-41d2-8370-e17cc0af386a",
        "geometry_source": "KCMO parcels",
        "has_parcel_polygon": true,
        "match_method": "parcel_id",
        "match_status": "matched",
        "parcel_address": "4423 Holly St A, B, C, D",
        "parcel_id": "140633",
        "post_demo_confidence": "likely",
        "post_demo_evidence": [
          {
            "application_date": "2026-03-23T08:25:10.000",
            "issue_date": "2026-03-23T00:00:00.000",
            "project": "Hollyhaus Site Improvement",
            "record_number": "CISI-2026-00147",
            "record_type": "CPPU - Special Inspections",
            "relation": "likely_redevelopment",
            "source": "Open Data KC City Issued Permits",
            "status": "Approved",
            "work_class": "City Special Inspections"
          }
        ],
        "post_demo_last_checked": "2026-05-29T17:52:47Z",
        "post_demo_status": "likely_redevelopment",
        "post_demo_summary": "A same-parcel public permit filed near or after this demolition record shows site or redevelopment activity.",
        "record_id": "case:0620ea9d-ca16-41d2-8370-e17cc0af386a",
        "record_type": "Demolition Review, Regular",
        "replacement_use": "unknown",
        "status": "Voided",
        "timing_note": "CompassKC lists a demolition-review milestone; an actual demolition date was not posted.",
        "year": "2026"
      },
      "type": "Feature"
    },
    {
      "geometry": {
        "coordinates": [
          [
            [
              -94.51478750118962,
              39.06762328096699
            ],
            [
              -94.51431389013652,
              39.06761176293342
            ],
            [
              -94.51430380804398,
              39.06782988760829
            ],
            [
              -94.5147775078059,
              39.0678410847675
            ],
            [
              -94.51478750118962,
              39.06762328096699
            ]
          ]
        ],
        "type": "Polygon"
      },
      "properties": {
        "activity_date": "2026-04-27T14:21:25.03Z",
        "activity_date_basis": "issue_date",
        "activity_date_label": "Permit issued",
        "activity_stage": "issued",
        "address": "3125 Bellaire Ave Kansas City, MO 64129",
        "apply_date": "2026-04-25T06:43:51.247Z",
        "case_number": "CPDR-2026-00099",
        "category": "Complete Building or Structure Demolition - Residential",
        "date": "2026-04-27T14:21:25.03Z",
        "detail_url": "https://compasskc.kcmo.org/EnerGov_Prod/SelfService#/permit/e2118be6-33b3-4c5c-b9c2-fcd357ab8e30",
        "external_id": "e2118be6-33b3-4c5c-b9c2-fcd357ab8e30",
        "final_date": "2026-04-30T05:00:00Z",
        "geometry_source": "KCMO parcels",
        "has_parcel_polygon": true,
        "issue_date": "2026-04-27T14:21:25.03Z",
        "match_method": "parcel_id",
        "match_status": "matched",
        "parcel_address": "3125 Bellaire Ave",
        "parcel_id": "21404",
        "post_demo_confidence": "unknown",
        "post_demo_evidence": [
          {
            "application_date": "2026-04-21T22:30:04.603",
            "issue_date": "2026-04-25T01:30:05.103",
            "project": "",
            "record_number": "PW-H-2026-00067",
            "record_type": "PW - Hauling",
            "relation": "demolition_prep_or_utility",
            "source": "Open Data KC City Issued Permits",
            "status": "Issued",
            "work_class": "Hauling"
          },
          {
            "application_date": "2026-04-21T12:39:49.000",
            "issue_date": "2026-04-21T22:54:05.997",
            "project": "82003",
            "record_number": "WS-E-162834",
            "record_type": "WS - Existing Service",
            "relation": "demolition_prep_or_utility",
            "source": "Open Data KC City Issued Permits",
            "status": "Issued",
            "work_class": "Kill Water Service at Main"
          },
          {
            "application_date": "2026-04-21T12:38:39.000",
            "issue_date": "2026-04-29T22:28:06.157",
            "project": "82003",
            "record_number": "PW-EXC-2026-01426",
            "record_type": "PW - Excavation",
            "relation": "demolition_prep_or_utility",
            "source": "Open Data KC City Issued Permits",
            "status": "Issued",
            "work_class": "Water Main/Pipeline"
          }
        ],
        "post_demo_last_checked": "2026-05-29T17:52:47Z",
        "post_demo_status": "utility_prep_only",
        "post_demo_summary": "Recent same-parcel public records show utility, excavation, hauling or other prep work, but no replacement or reuse permit was found.",
        "record_id": "case:e2118be6-33b3-4c5c-b9c2-fcd357ab8e30",
        "record_type": "Complete Building or Structure Demolition - Residential",
        "replacement_use": "infrastructure_only",
        "status": "Closed",
        "timing_note": "CompassKC lists the permit issue date; an actual demolition date was not posted.",
        "year": "2026"
      },
      "type": "Feature"
    },
    {
      "geometry": {
        "coordinates": [
          [
            [
              -94.59976050595124,
              39.09008863214605
            ],
            [
              -94.59942982959365,
              39.089989725502186
            ],
            [
              -94.5993851010225,
              39.09008572597246
            ],
            [
              -94.5997162784566,
              39.090184700382984
            ],
            [
              -94.59976050595124,
              39.09008863214605
            ]
          ]
        ],
        "type": "Polygon"
      },
      "properties": {
        "activity_date": "2026-04-29T18:40:04.19Z",
        "activity_date_basis": "issue_date",
        "activity_date_label": "Permit issued",
        "activity_stage": "issued",
        "address": "1842 Mercier St Kansas City, MO 64102",
        "apply_date": "2026-04-14T18:24:48.03Z",
        "case_number": "CPDR-2026-00091",
        "category": "Complete Building or Structure Demolition - Residential",
        "date": "2026-04-29T18:40:04.19Z",
        "detail_url": "https://compasskc.kcmo.org/EnerGov_Prod/SelfService#/permit/c7dc8022-9926-477a-8849-323de928efec",
        "external_id": "c7dc8022-9926-477a-8849-323de928efec",
        "geometry_source": "KCMO parcels",
        "has_parcel_polygon": true,
        "issue_date": "2026-04-29T18:40:04.19Z",
        "match_method": "parcel_id",
        "match_status": "matched",
        "parcel_address": "1842 Mercier St",
        "parcel_id": "123963",
        "post_demo_confidence": "unknown",
        "post_demo_last_checked": "2026-05-29T17:52:47Z",
        "post_demo_status": "no_public_followup_found",
        "post_demo_summary": "No same-parcel replacement or redevelopment permit was found in public permit history yet.",
        "record_id": "case:c7dc8022-9926-477a-8849-323de928efec",
        "record_type": "Complete Building or Structure Demolition - Residential",
        "replacement_use": "unknown",
        "status": "Issued",
        "timing_note": "CompassKC lists the permit issue date; an actual demolition date was not posted.",
        "year": "2026"
      },
      "type": "Feature"
    },
    {
      "geometry": {
        "coordinates": [
          [
            [
              -94.5698392886539,
              39.050166747830026
            ],
            [
              -94.56944175356733,
              39.05015298208743
            ],
            [
              -94.56943719827477,
              39.05023498989676
            ],
            [
              -94.56903003776925,
              39.050220885267805
            ],
            [
              -94.56901270448624,
              39.0505308400049
            ],
            [
              -94.56981628791513,
              39.05055912303032
            ],
            [
              -94.5698392886539,
              39.050166747830026
            ]
          ]
        ],
        "type": "Polygon"
      },
      "properties": {
        "activity_date": "2026-04-30",
        "activity_date_basis": "complete_date",
        "activity_date_label": "Review completed",
        "activity_stage": "review",
        "address": "4205 Tracy Ave Kansas City, MO 64110",
        "apply_date": "2026-04-15T16:29:48Z",
        "case_number": "CH-DM-2026-00021",
        "category": "Demolition Review, Administrative",
        "complete_date": "2026-04-30T16:25:08Z",
        "date": "2026-04-30",
        "detail_url": "https://compasskc.kcmo.org/EnerGov_Prod/SelfService#/plan/acf5882b-c41a-4c4f-aa16-9360e02c99c4",
        "expiration_date": "2030-04-30T16:25:17Z",
        "external_id": "acf5882b-c41a-4c4f-aa16-9360e02c99c4",
        "geometry_source": "KCMO parcels",
        "has_parcel_polygon": true,
        "match_method": "parcel_id",
        "match_status": "matched",
        "parcel_address": "4205 Tracy Ave",
        "parcel_id": "135797",
        "post_demo_confidence": "unknown",
        "post_demo_last_checked": "2026-05-29T17:52:47Z",
        "post_demo_status": "no_public_followup_found",
        "post_demo_summary": "No same-parcel replacement or redevelopment permit was found in public permit history yet.",
        "record_id": "case:acf5882b-c41a-4c4f-aa16-9360e02c99c4",
        "record_type": "Demolition Review, Administrative",
        "replacement_use": "unknown",
        "status": "Under Review",
        "story_angle_clues": [
          {
            "angle": "Recognizable place",
            "context": "Demolish small addition on east side of church",
            "field": "project description",
            "matched_text": "church"
          }
        ],
        "story_angles": [
          "Recognizable place"
        ],
        "timing_note": "CompassKC lists a demolition-review milestone; an actual demolition date was not posted.",
        "year": "2026"
      },
      "type": "Feature"
    },
    {
      "geometry": {
        "coordinates": [
          [
            [
              -94.53393910322714,
              39.07768516327471
            ],
            [
              -94.53350613687667,
              39.07767230306604
            ],
            [
              -94.53350285228929,
              39.077741140839265
            ],
            [
              -94.53393579043279,
              39.077753989055715
            ],
            [
              -94.53393910322714,
              39.07768516327471
            ]
          ]
        ],
        "type": "Polygon"
      },
      "properties": {
        "activity_date": "2026-04-30",
        "activity_date_basis": "issue_date",
        "activity_date_label": "Permit issued",
        "activity_stage": "issued",
        "address": "2615 Jackson Ave Kansas City, MO 64127",
        "apply_date": "2026-04-30T03:25:02.077Z",
        "case_number": "CPDR-2026-00104",
        "category": "Complete Building or Structure Demolition - Residential",
        "date": "2026-04-30",
        "detail_url": "https://compasskc.kcmo.org/EnerGov_Prod/SelfService#/permit/f944b9ea-dadf-40cd-ad26-1987ec18535e",
        "external_id": "f944b9ea-dadf-40cd-ad26-1987ec18535e",
        "final_date": "2026-05-09T05:00:00Z",
        "geometry_source": "KCMO parcels",
        "has_parcel_polygon": true,
        "issue_date": "2026-04-30T19:26:14.633Z",
        "match_method": "parcel_id",
        "match_status": "matched",
        "parcel_address": "2615 Jackson Ave",
        "parcel_id": "19718",
        "post_demo_confidence": "unknown",
        "post_demo_evidence": [
          {
            "application_date": "2026-04-29T22:20:00.457",
            "issue_date": "2026-04-30T14:06:04.333",
            "project": "",
            "record_number": "PW-H-2026-00070",
            "record_type": "PW - Hauling",
            "relation": "demolition_prep_or_utility",
            "source": "Open Data KC City Issued Permits",
            "status": "Issued",
            "work_class": "Hauling"
          },
          {
            "application_date": "2026-04-17T10:04:48.000",
            "issue_date": "2026-04-20T23:00:16.033",
            "project": "28737",
            "record_number": "WS-E-162826",
            "record_type": "WS - Existing Service",
            "relation": "demolition_prep_or_utility",
            "source": "Open Data KC City Issued Permits",
            "status": "Issued",
            "work_class": "Kill Water Service at Main"
          },
          {
            "application_date": "2026-04-17T10:02:58.000",
            "issue_date": "2026-04-20T23:00:19.723",
            "project": "",
            "record_number": "PW-EXC-2026-01366",
            "record_type": "PW - Excavation",
            "relation": "demolition_prep_or_utility",
            "source": "Open Data KC City Issued Permits",
            "status": "Closed",
            "work_class": "Water Main/Pipeline"
          }
        ],
        "post_demo_last_checked": "2026-05-29T17:52:47Z",
        "post_demo_status": "utility_prep_only",
        "post_demo_summary": "Recent same-parcel public records show utility, excavation, hauling or other prep work, but no replacement or reuse permit was found.",
        "record_id": "case:f944b9ea-dadf-40cd-ad26-1987ec18535e",
        "record_type": "Complete Building or Structure Demolition - Residential",
        "replacement_use": "infrastructure_only",
        "status": "Closed",
        "timing_note": "CompassKC lists the permit issue date; an actual demolition date was not posted.",
        "year": "2026"
      },
      "type": "Feature"
    },
    {
      "geometry": {
        "coordinates": [
          [
            [
              -94.60194452916859,
              39.0653798766867
            ],
            [
              -94.60147302210324,
              39.06437668916241
            ],
            [
              -94.6009267915192,
              39.064353847021415
            ],
            [
              -94.60089101137109,
              39.064537405662435
            ],
            [
              -94.6012646265989,
              39.065148000445525
            ],
            [
              -94.60135630170805,
              39.065344215390326
            ],
            [
              -94.60142146085057,
              39.06552962954615
            ],
            [
              -94.60157014648036,
              39.065486988149516
            ],
            [
              -94.60157624051821,
              39.065499933959316
            ],
            [
              -94.60159821481444,
              39.065493667209374
            ],
            [
              -94.60159406308493,
              39.06548486170957
            ],
            [
              -94.60160128099866,
              39.06548279614753
            ],
            [
              -94.6015993372526,
              39.065478679292866
            ],
            [
              -94.60194452916859,
              39.0653798766867
            ]
          ]
        ],
        "type": "Polygon"
      },
      "properties": {
        "activity_date": "2026-05-04",
        "activity_date_basis": "issue_date",
        "activity_date_label": "Permit issued",
        "activity_stage": "issued",
        "address": "3433 Roanoke Rd Kansas City, MO 64111",
        "apply_date": "2026-03-27T15:29:12.003Z",
        "case_number": "CPDC-2026-00070",
        "category": "Partial Building Demolition - Commercial",
        "date": "2026-05-04",
        "detail_url": "https://compasskc.kcmo.org/EnerGov_Prod/SelfService#/permit/cf30f12c-ab5a-483e-9c0b-57411f1302b9",
        "external_id": "cf30f12c-ab5a-483e-9c0b-57411f1302b9",
        "geometry_source": "KCMO parcels",
        "has_parcel_polygon": true,
        "issue_date": "2026-05-04T14:17:04.243Z",
        "match_method": "parcel_id",
        "match_status": "matched",
        "parcel_address": "3433 Roanoke Rd",
        "parcel_id": "129236",
        "post_demo_confidence": "unknown",
        "post_demo_last_checked": "2026-05-29T17:52:47Z",
        "post_demo_status": "no_public_followup_found",
        "post_demo_summary": "No same-parcel replacement or redevelopment permit was found in public permit history yet.",
        "record_id": "case:cf30f12c-ab5a-483e-9c0b-57411f1302b9",
        "record_type": "Partial Building Demolition - Commercial",
        "replacement_use": "unknown",
        "status": "Issued",
        "timing_note": "CompassKC lists the permit issue date; an actual demolition date was not posted.",
        "year": "2026"
      },
      "type": "Feature"
    },
    {
      "geometry": {
        "coordinates": [
          [
            [
              -94.5953311861503,
              39.04700490940763
            ],
            [
              -94.59519060024603,
              39.04699996812174
            ],
            [
              -94.59517773886462,
              39.0472553746011
            ],
            [
              -94.59531832530585,
              39.047260339354544
            ],
            [
              -94.5953311861503,
              39.04700490940763
            ]
          ]
        ],
        "type": "Polygon"
      },
      "properties": {
        "activity_date": "2026-05-04",
        "activity_date_basis": "issue_date",
        "activity_date_label": "Permit issued",
        "activity_stage": "issued",
        "address": "721 Corbin Ter Kansas City, MO 64111",
        "apply_date": "2026-04-15T04:37:48.607Z",
        "case_number": "CPDR-2026-00093",
        "category": "Complete Building or Structure Demolition - Residential",
        "date": "2026-05-04",
        "detail_url": "https://compasskc.kcmo.org/EnerGov_Prod/SelfService#/permit/0ed1f231-5008-4737-a206-c61b44795931",
        "external_id": "0ed1f231-5008-4737-a206-c61b44795931",
        "final_date": "2026-05-08T05:00:00Z",
        "geometry_source": "KCMO parcels",
        "has_parcel_polygon": true,
        "issue_date": "2026-05-04T12:02:02.353Z",
        "match_method": "parcel_id",
        "match_status": "matched",
        "parcel_address": "721 Corbin Ter",
        "parcel_id": "140410",
        "post_demo_confidence": "confirmed",
        "post_demo_evidence": [
          {
            "application_date": "2026-03-16T17:59:42.213",
            "issue_date": "2026-03-23T15:29:10.157",
            "project": "",
            "record_number": "CPBR-2026-00593",
            "record_type": "CPPU - Building (Residential)",
            "relation": "known_replacement",
            "source": "Open Data KC City Issued Permits",
            "status": "Issued",
            "work_class": "Single Family - New"
          }
        ],
        "post_demo_last_checked": "2026-05-29T17:52:47Z",
        "post_demo_status": "known_replacement",
        "post_demo_summary": "A same-parcel public permit filed near or after this demolition record shows a new housing permit.",
        "record_id": "case:0ed1f231-5008-4737-a206-c61b44795931",
        "record_type": "Complete Building or Structure Demolition - Residential",
        "replacement_use": "housing",
        "status": "Closed",
        "timing_note": "CompassKC lists the permit issue date; an actual demolition date was not posted.",
        "year": "2026"
      },
      "type": "Feature"
    },
    {
      "geometry": {
        "coordinates": [
          [
            [
              -94.59990329148143,
              39.049221535495015
            ],
            [
              -94.59944057889813,
              39.04920348948714
            ],
            [
              -94.59943290693786,
              39.049340483895094
            ],
            [
              -94.59989564988639,
              39.049358622002146
            ],
            [
              -94.59990329148143,
              39.049221535495015
            ]
          ]
        ],
        "type": "Polygon"
      },
      "properties": {
        "activity_date": "2026-05-08",
        "activity_date_basis": "apply_date",
        "activity_date_label": "Review filed",
        "activity_stage": "review",
        "address": "4312 Jarboe St Kansas City MO 64111",
        "apply_date": "2026-05-08T14:05:03",
        "case_number": "CH-DM-2026-00024",
        "category": "Demolition Review, Administrative",
        "date": "2026-05-08",
        "detail_url": "https://compasskc.kcmo.org/EnerGov_Prod/SelfService#/plan/bd9d42e0-46a8-4375-8e06-a1cec2d650a9",
        "external_id": "bd9d42e0-46a8-4375-8e06-a1cec2d650a9",
        "geometry_source": "KCMO parcels",
        "match_method": "parcel_id",
        "match_status": "matched",
        "parcel_id": "140620",
        "post_demo_confidence": "unknown",
        "post_demo_last_checked": "2026-05-29T17:52:47Z",
        "post_demo_status": "no_public_followup_found",
        "post_demo_summary": "No same-parcel replacement or redevelopment permit was found in public permit history yet.",
        "record_id": "case:bd9d42e0-46a8-4375-8e06-a1cec2d650a9",
        "record_type": "Demolition Review, Administrative",
        "replacement_use": "unknown",
        "status": "Submitted",
        "timing_note": "CompassKC lists a demolition-review filing date; an actual demolition date was not posted.",
        "year": "2026"
      },
      "type": "Feature"
    },
    {
      "geometry": {
        "coordinates": [
          [
            [
              -94.59757438889794,
              39.104274798322415
            ],
            [
              -94.59755676844536,
              39.10427428681232
            ],
            [
              -94.59715922940444,
              39.104439474005375
            ],
            [
              -94.59714066916382,
              39.10473849405578
            ],
            [
              -94.59714906823825,
              39.10473869298346
            ],
            [
              -94.59713559563855,
              39.10495693944973
            ],
            [
              -94.59754333367137,
              39.10496700973494
            ],
            [
              -94.59757438889794,
              39.104274798322415
            ]
          ]
        ],
        "type": "Polygon"
      },
      "properties": {
        "activity_date": "2026-05-11",
        "activity_date_basis": "apply_date",
        "activity_date_label": "Application filed",
        "activity_stage": "applied",
        "address": "1127 W 8th St Kansas City MO 64101",
        "apply_date": "2026-05-11T11:17:10.663",
        "case_number": "CPDC-2026-00085",
        "category": "Pre-Demolition Inspection - Commercial",
        "date": "2026-05-11",
        "detail_url": "https://compasskc.kcmo.org/EnerGov_Prod/SelfService#/permit/d6efdbdb-c728-428f-8d46-f8e605817ec1",
        "external_id": "d6efdbdb-c728-428f-8d46-f8e605817ec1",
        "geometry_source": "KCMO parcels",
        "match_method": "parcel_id",
        "match_status": "matched",
        "parcel_id": "122908",
        "post_demo_confidence": "unknown",
        "post_demo_evidence": [
          {
            "application_date": "2026-02-06T09:04:44.320",
            "issue_date": "",
            "project": "",
            "record_number": "PW-SP-2026-00072",
            "record_type": "PW - Street Plate",
            "relation": "demolition_prep_or_utility",
            "source": "Open Data KC City Issued Permits",
            "status": "Closed",
            "work_class": "Street Plate"
          }
        ],
        "post_demo_last_checked": "2026-05-29T17:52:47Z",
        "post_demo_status": "utility_prep_only",
        "post_demo_summary": "Recent same-parcel public records show utility, excavation, hauling or other prep work, but no replacement or reuse permit was found.",
        "record_id": "case:d6efdbdb-c728-428f-8d46-f8e605817ec1",
        "record_type": "Pre-Demolition Inspection - Commercial",
        "replacement_use": "infrastructure_only",
        "status": "In Review",
        "timing_note": "CompassKC lists the application date; an actual demolition date was not posted.",
        "year": "2026"
      },
      "type": "Feature"
    },
    {
      "geometry": {
        "coordinates": [
          [
            [
              -94.51058510429492,
              38.91910902494904
            ],
            [
              -94.51049643955652,
              38.919366307466795
            ],
            [
              -94.50976702358501,
              38.92164444294556
            ],
            [
              -94.51019813041128,
              38.92167573071533
            ],
            [
              -94.5099683290198,
              38.92240752042128
            ],
            [
              -94.51005426855318,
              38.9224131876374
            ],
            [
              -94.51069662625737,
              38.922233213588676
            ],
            [
              -94.51099053477625,
              38.92224593179913
            ],
            [
              -94.51121936081596,
              38.9222725439755
            ],
            [
              -94.51165375309095,
              38.920157436596455
            ],
            [
              -94.51172865882423,
              38.91987077089298
            ],
            [
              -94.511844734827,
              38.91950570984075
            ],
            [
              -94.51196637997502,
              38.91918512838728
            ],
            [
              -94.51212366435347,
              38.91882958087711
            ],
            [
              -94.51228593266582,
              38.91851048269173
            ],
            [
              -94.51157611408826,
              38.91841216517361
            ],
            [
              -94.51148323573302,
              38.91858543236561
            ],
            [
              -94.51137612935202,
              38.918803732046285
            ],
            [
              -94.51126438248133,
              38.91878830307991
            ],
            [
              -94.51114649975283,
              38.91918653895007
            ],
            [
              -94.51058510429492,
              38.91910902494904
            ]
          ]
        ],
        "type": "Polygon"
      },
      "properties": {
        "activity_date": "2026-05-13",
        "activity_date_basis": "apply_date",
        "activity_date_label": "Review filed",
        "activity_stage": "review",
        "address": "11104 Blue Ridge Blvd Kansas City MO 64134",
        "apply_date": "2026-05-13T09:08:35",
        "case_number": "CH-DM-2026-00025",
        "category": "Demolition Review, Administrative",
        "date": "2026-05-13",
        "detail_url": "https://compasskc.kcmo.org/EnerGov_Prod/SelfService#/plan/79678dac-0d72-4fa5-a36b-ea372a99b08f",
        "external_id": "79678dac-0d72-4fa5-a36b-ea372a99b08f",
        "geometry_source": "KCMO parcels",
        "match_method": "parcel_id",
        "match_status": "matched",
        "parcel_id": "290495",
        "post_demo_confidence": "weak",
        "post_demo_evidence": [
          {
            "application_date": "2026-03-18T09:37:07.000",
            "issue_date": "2026-03-18T09:37:38.000",
            "project": "",
            "record_number": "CPZ-2026-00735",
            "record_type": "CPPU - Zoning Approval",
            "relation": "weak_followup_signal",
            "source": "Open Data KC City Issued Permits",
            "status": "Issued",
            "work_class": "Zoning Clearance (for Business License)"
          }
        ],
        "post_demo_last_checked": "2026-05-29T17:52:47Z",
        "post_demo_status": "weak_followup_signal",
        "post_demo_summary": "Recent same-parcel public records show limited follow-up activity, but not enough to identify a replacement use.",
        "record_id": "case:79678dac-0d72-4fa5-a36b-ea372a99b08f",
        "record_type": "Demolition Review, Administrative",
        "replacement_use": "commercial_or_mixed",
        "status": "Submitted",
        "timing_note": "CompassKC lists a demolition-review filing date; an actual demolition date was not posted.",
        "year": "2026"
      },
      "type": "Feature"
    },
    {
      "geometry": {
        "coordinates": [
          [
            [
              -94.59757438889794,
              39.104274798322415
            ],
            [
              -94.59755676844536,
              39.10427428681232
            ],
            [
              -94.59715922940444,
              39.104439474005375
            ],
            [
              -94.59714066916382,
              39.10473849405578
            ],
            [
              -94.59714906823825,
              39.10473869298346
            ],
            [
              -94.59713559563855,
              39.10495693944973
            ],
            [
              -94.59754333367137,
              39.10496700973494
            ],
            [
              -94.59757438889794,
              39.104274798322415
            ]
          ]
        ],
        "type": "Polygon"
      },
      "properties": {
        "activity_date": "2026-05-13",
        "activity_date_basis": "apply_date",
        "activity_date_label": "Review filed",
        "activity_stage": "review",
        "address": "1127 W 8th St Kansas City MO 64101",
        "apply_date": "2026-05-13T10:24:04",
        "case_number": "CH-DM-2026-00026",
        "category": "Demolition Review, Regular",
        "date": "2026-05-13",
        "detail_url": "https://compasskc.kcmo.org/EnerGov_Prod/SelfService#/plan/59811900-52be-44d8-961d-9b1fa25ef8d6",
        "external_id": "59811900-52be-44d8-961d-9b1fa25ef8d6",
        "geometry_source": "KCMO parcels",
        "match_method": "parcel_id",
        "match_status": "matched",
        "parcel_id": "122908",
        "post_demo_confidence": "unknown",
        "post_demo_evidence": [
          {
            "application_date": "2026-02-06T09:04:44.320",
            "issue_date": "",
            "project": "",
            "record_number": "PW-SP-2026-00072",
            "record_type": "PW - Street Plate",
            "relation": "demolition_prep_or_utility",
            "source": "Open Data KC City Issued Permits",
            "status": "Closed",
            "work_class": "Street Plate"
          }
        ],
        "post_demo_last_checked": "2026-05-29T17:52:47Z",
        "post_demo_status": "utility_prep_only",
        "post_demo_summary": "Recent same-parcel public records show utility, excavation, hauling or other prep work, but no replacement or reuse permit was found.",
        "record_id": "case:59811900-52be-44d8-961d-9b1fa25ef8d6",
        "record_type": "Demolition Review, Regular",
        "replacement_use": "infrastructure_only",
        "status": "Submitted",
        "timing_note": "CompassKC lists a demolition-review filing date; an actual demolition date was not posted.",
        "year": "2026"
      },
      "type": "Feature"
    },
    {
      "geometry": {
        "coordinates": [
          [
            [
              -94.55156978364374,
              39.081985156735215
            ],
            [
              -94.55147801203589,
              39.081981949360355
            ],
            [
              -94.55147916827309,
              39.08195712207795
            ],
            [
              -94.5512003277206,
              39.081947361498244
            ],
            [
              -94.5511957882942,
              39.08204369093154
            ],
            [
              -94.55156643031765,
              39.082056706935674
            ],
            [
              -94.55156978364374,
              39.081985156735215
            ]
          ]
        ],
        "type": "Polygon"
      },
      "properties": {
        "activity_date": "2026-05-13",
        "activity_date_basis": "issue_date",
        "activity_date_label": "Permit issued",
        "activity_stage": "issued",
        "address": "2424 Montgall Ave Kansas City MO 64127",
        "apply_date": "2026-05-09T19:26:09.48",
        "case_number": "CPDR-2026-00111",
        "category": "Complete Building or Structure Demolition - Residential",
        "date": "2026-05-13",
        "detail_url": "https://compasskc.kcmo.org/EnerGov_Prod/SelfService#/permit/3472417c-a0a2-4035-9cf7-714fd112a714",
        "external_id": "3472417c-a0a2-4035-9cf7-714fd112a714",
        "geometry_source": "KCMO parcels",
        "issue_date": "2026-05-13T21:39:09.393",
        "match_method": "parcel_id",
        "match_status": "matched",
        "parcel_id": "16321",
        "post_demo_confidence": "unknown",
        "post_demo_evidence": [
          {
            "application_date": "2026-05-07T09:02:34.397",
            "issue_date": "2026-05-07T11:10:04.000",
            "project": "",
            "record_number": "PW-SP-2026-00447",
            "record_type": "PW - Street Plate",
            "relation": "demolition_prep_or_utility",
            "source": "Open Data KC City Issued Permits",
            "status": "Issued With Unpaid Fees",
            "work_class": "Street Plate"
          },
          {
            "application_date": "2026-05-05T11:55:15.000",
            "issue_date": "2026-05-06T10:51:11.150",
            "project": "13447",
            "record_number": "WS-E-162878",
            "record_type": "WS - Existing Service",
            "relation": "demolition_prep_or_utility",
            "source": "Open Data KC City Issued Permits",
            "status": "Issued",
            "work_class": "Kill Water Service at Main"
          },
          {
            "application_date": "2026-05-05T11:54:49.000",
            "issue_date": "2026-05-06T10:51:17.683",
            "project": "13447",
            "record_number": "PW-EXC-2026-01658",
            "record_type": "PW - Excavation",
            "relation": "demolition_prep_or_utility",
            "source": "Open Data KC City Issued Permits",
            "status": "Issued",
            "work_class": "Water Main/Pipeline"
          }
        ],
        "post_demo_last_checked": "2026-05-29T17:52:47Z",
        "post_demo_status": "utility_prep_only",
        "post_demo_summary": "Recent same-parcel public records show utility, excavation, hauling or other prep work, but no replacement or reuse permit was found.",
        "record_id": "case:3472417c-a0a2-4035-9cf7-714fd112a714",
        "record_type": "Complete Building or Structure Demolition - Residential",
        "replacement_use": "infrastructure_only",
        "status": "Issued",
        "timing_note": "CompassKC lists the permit issue date; an actual demolition date was not posted.",
        "year": "2026"
      },
      "type": "Feature"
    },
    {
      "geometry": {
        "coordinates": [
          [
            [
              -94.54633602388171,
              39.05910327353358
            ],
            [
              -94.54585926399493,
              39.05908900127471
            ],
            [
              -94.5458545388081,
              39.059179383075275
            ],
            [
              -94.54633129928685,
              39.059193632472024
            ],
            [
              -94.54633602388171,
              39.05910327353358
            ]
          ]
        ],
        "type": "Polygon"
      },
      "properties": {
        "activity_date": "2026-05-13",
        "activity_date_basis": "issue_date",
        "activity_date_label": "Permit issued",
        "activity_stage": "issued",
        "address": "3639 Benton Blvd Kansas City MO 64128",
        "apply_date": "2026-05-09T19:27:50.263",
        "case_number": "CPDR-2026-00112",
        "category": "Complete Building or Structure Demolition - Residential",
        "date": "2026-05-13",
        "detail_url": "https://compasskc.kcmo.org/EnerGov_Prod/SelfService#/permit/4fc72e6f-f3e7-4820-ac58-7f2e97e4f9f5",
        "external_id": "4fc72e6f-f3e7-4820-ac58-7f2e97e4f9f5",
        "geometry_source": "KCMO parcels",
        "issue_date": "2026-05-13T21:39:03.967",
        "match_method": "parcel_id",
        "match_status": "matched",
        "parcel_id": "28493",
        "post_demo_confidence": "unknown",
        "post_demo_evidence": [
          {
            "application_date": "2026-04-08T22:51:56.717",
            "issue_date": "2026-04-11T21:46:08.560",
            "project": "",
            "record_number": "PW-H-2026-00061",
            "record_type": "PW - Hauling",
            "relation": "demolition_prep_or_utility",
            "source": "Open Data KC City Issued Permits",
            "status": "Issued",
            "work_class": "Hauling"
          },
          {
            "application_date": "2026-04-06T14:46:36.807",
            "issue_date": "2026-04-08T11:32:02.920",
            "project": "",
            "record_number": "PR-UC-2026-00026",
            "record_type": "PR - Utility Construction",
            "relation": "demolition_prep_or_utility",
            "source": "Open Data KC City Issued Permits",
            "status": "Issued",
            "work_class": "Utility"
          },
          {
            "application_date": "2026-04-06T13:27:11.000",
            "issue_date": "2026-04-08T11:28:02.647",
            "project": "",
            "record_number": "PR-UC-2026-00025",
            "record_type": "PR - Utility Construction",
            "relation": "demolition_prep_or_utility",
            "source": "Open Data KC City Issued Permits",
            "status": "Issued",
            "work_class": "City"
          }
        ],
        "post_demo_last_checked": "2026-05-29T17:52:47Z",
        "post_demo_status": "utility_prep_only",
        "post_demo_summary": "Recent same-parcel public records show utility, excavation, hauling or other prep work, but no replacement or reuse permit was found.",
        "record_id": "case:4fc72e6f-f3e7-4820-ac58-7f2e97e4f9f5",
        "record_type": "Complete Building or Structure Demolition - Residential",
        "replacement_use": "infrastructure_only",
        "status": "Issued",
        "timing_note": "CompassKC lists the permit issue date; an actual demolition date was not posted.",
        "year": "2026"
      },
      "type": "Feature"
    },
    {
      "geometry": {
        "coordinates": [
          [
            [
              -94.52525574438457,
              39.07869000235822
            ],
            [
              -94.52485362565724,
              39.07867757296921
            ],
            [
              -94.52484902050305,
              39.07876966907936
            ],
            [
              -94.52525113905128,
              39.07878219057915
            ],
            [
              -94.52525574438457,
              39.07869000235822
            ]
          ]
        ],
        "type": "Polygon"
      },
      "properties": {
        "activity_date": "2026-05-13T15:27:30.88",
        "activity_date_basis": "apply_date",
        "activity_date_label": "Application filed",
        "activity_stage": "applied",
        "address": "2530 Brighton Ave Kansas City MO 64127",
        "apply_date": "2026-05-13T15:27:30.88",
        "case_number": "CPDR-2026-00115",
        "category": "Partial Building Demolition - Residential",
        "date": "2026-05-13T15:27:30.88",
        "detail_url": "https://compasskc.kcmo.org/EnerGov_Prod/SelfService#/permit/df1ff747-2892-4268-850b-d7628596331c",
        "external_id": "df1ff747-2892-4268-850b-d7628596331c",
        "geometry_source": "KCMO parcels",
        "match_method": "parcel_id",
        "match_status": "matched",
        "parcel_id": "19969",
        "post_demo_confidence": "possible",
        "post_demo_evidence": [
          {
            "application_date": "2026-05-27T12:56:45.353",
            "issue_date": "",
            "project": "",
            "record_number": "CPBR-2026-01294",
            "record_type": "CPPU - Building (Residential)",
            "relation": "possible_reuse_or_remodel",
            "source": "Open Data KC City Issued Permits",
            "status": "Voided-City",
            "work_class": "Single Family - Interior Remodel"
          }
        ],
        "post_demo_last_checked": "2026-05-29T17:52:47Z",
        "post_demo_status": "possible_reuse_or_remodel",
        "post_demo_summary": "A same-parcel public permit filed after this demolition record shows repair, renovation, remodel or reuse activity.",
        "record_id": "case:df1ff747-2892-4268-850b-d7628596331c",
        "record_type": "Partial Building Demolition - Residential",
        "replacement_use": "housing",
        "status": "Pending",
        "timing_note": "CompassKC lists the application date; an actual demolition date was not posted.",
        "year": "2026"
      },
      "type": "Feature"
    },
    {
      "geometry": {
        "coordinates": [
          [
            [
              -94.61250616841923,
              39.21494232094102
            ],
            [
              -94.61202827689229,
              39.21494188914967
            ],
            [
              -94.61202643951714,
              39.2152844079881
            ],
            [
              -94.61250248042226,
              39.215284864453224
            ],
            [
              -94.61250616841923,
              39.21494232094102
            ]
          ]
        ],
        "type": "Polygon"
      },
      "properties": {
        "activity_date": "2026-05-13T21:39:02.2",
        "activity_date_basis": "issue_date",
        "activity_date_label": "Permit issued",
        "activity_stage": "issued",
        "address": "6628 N Edison Kansas City MO 64152",
        "apply_date": "2026-05-12T23:09:28.203",
        "case_number": "CPDR-2026-00114",
        "category": "Complete Building or Structure Demolition - Residential",
        "date": "2026-05-13T21:39:02.2",
        "detail_url": "https://compasskc.kcmo.org/EnerGov_Prod/SelfService#/permit/2562999b-7698-4cf5-9a2b-6b10d955aed6",
        "external_id": "2562999b-7698-4cf5-9a2b-6b10d955aed6",
        "geometry_source": "KCMO parcels",
        "issue_date": "2026-05-13T21:39:02.2",
        "match_method": "address_geocode_point_in_polygon",
        "match_status": "matched",
        "parcel_id": "164696",
        "post_demo_confidence": "unknown",
        "post_demo_evidence": [
          {
            "application_date": "2026-04-30T08:06:48.000",
            "issue_date": "2026-05-06T10:51:08.380",
            "project": "Kill13248",
            "record_number": "WS-E-162860",
            "record_type": "WS - Existing Service",
            "relation": "demolition_prep_or_utility",
            "source": "Open Data KC City Issued Permits",
            "status": "Issued",
            "work_class": "Kill Water Service at Main"
          },
          {
            "application_date": "2026-04-30T08:06:28.000",
            "issue_date": "2026-05-06T10:51:05.653",
            "project": "",
            "record_number": "PW-EXC-2026-01590",
            "record_type": "PW - Excavation",
            "relation": "demolition_prep_or_utility",
            "source": "Open Data KC City Issued Permits",
            "status": "Closed",
            "work_class": "Water Main/Pipeline"
          },
          {
            "application_date": "2026-04-29T22:30:06.827",
            "issue_date": "2026-05-07T08:06:49.000",
            "project": "",
            "record_number": "WS-PW-PR-2026-00760",
            "record_type": "WS-PW-PR New Connection - Kills - Repairs - Coord",
            "relation": "demolition_prep_or_utility",
            "source": "Open Data KC City Issued Permits",
            "status": "Issued",
            "work_class": "Water Service Lines - Kills"
          }
        ],
        "post_demo_last_checked": "2026-05-29T17:52:47Z",
        "post_demo_status": "utility_prep_only",
        "post_demo_summary": "Recent same-parcel public records show utility, excavation, hauling or other prep work, but no replacement or reuse permit was found.",
        "record_id": "case:2562999b-7698-4cf5-9a2b-6b10d955aed6",
        "record_type": "Complete Building or Structure Demolition - Residential",
        "replacement_use": "infrastructure_only",
        "status": "Issued",
        "timing_note": "CompassKC lists the permit issue date; an actual demolition date was not posted.",
        "year": "2026"
      },
      "type": "Feature"
    },
    {
      "geometry": {
        "coordinates": [
          [
            [
              -94.59091067660427,
              39.0498888224771
            ],
            [
              -94.59063911770126,
              39.049879286569
            ],
            [
              -94.59066846355984,
              39.05008695412426
            ],
            [
              -94.59089961472019,
              39.0500948271327
            ],
            [
              -94.59091067660427,
              39.0498888224771
            ]
          ]
        ],
        "type": "Polygon"
      },
      "properties": {
        "activity_date": "2026-05-14T07:17:34.53",
        "activity_date_basis": "apply_date",
        "activity_date_label": "Application filed",
        "activity_stage": "applied",
        "address": "4222 Wornall Rd Kansas City MO 64111",
        "apply_date": "2026-05-14T07:17:34.53",
        "case_number": "CPDR-2026-00116",
        "category": "Complete Building or Structure Demolition - Residential",
        "date": "2026-05-14T07:17:34.53",
        "detail_url": "https://compasskc.kcmo.org/EnerGov_Prod/SelfService#/permit/d81f2f62-6c71-48b5-8995-e73a6555c1fa",
        "external_id": "d81f2f62-6c71-48b5-8995-e73a6555c1fa",
        "geometry_source": "KCMO parcels",
        "match_method": "parcel_id",
        "match_status": "matched",
        "parcel_id": "132819",
        "post_demo_confidence": "unknown",
        "post_demo_evidence": [
          {
            "application_date": "2026-05-12T09:32:13.687",
            "issue_date": "2026-05-13T10:53:03.230",
            "project": "",
            "record_number": "PW-H-2026-00076",
            "record_type": "PW - Hauling",
            "relation": "demolition_prep_or_utility",
            "source": "Open Data KC City Issued Permits",
            "status": "Issued",
            "work_class": "Hauling"
          },
          {
            "application_date": "2026-02-20T09:12:37.000",
            "issue_date": "2026-02-25T08:45:04.577",
            "project": "46196",
            "record_number": "WS-E-162644",
            "record_type": "WS - Existing Service",
            "relation": "demolition_prep_or_utility",
            "source": "Open Data KC City Issued Permits",
            "status": "Issued",
            "work_class": "Kill Water Service at Main"
          },
          {
            "application_date": "2026-02-19T13:24:14.323",
            "issue_date": "2026-02-26T14:38:12.000",
            "project": "46196",
            "record_number": "WS-PW-PR-2026-00307",
            "record_type": "WS-PW-PR New Connection - Kills - Repairs - Coord",
            "relation": "demolition_prep_or_utility",
            "source": "Open Data KC City Issued Permits",
            "status": "Issued",
            "work_class": "Water Service Lines - Kills"
          }
        ],
        "post_demo_last_checked": "2026-05-29T17:52:47Z",
        "post_demo_status": "utility_prep_only",
        "post_demo_summary": "Recent same-parcel public records show utility, excavation, hauling or other prep work, but no replacement or reuse permit was found.",
        "record_id": "case:d81f2f62-6c71-48b5-8995-e73a6555c1fa",
        "record_type": "Complete Building or Structure Demolition - Residential",
        "replacement_use": "infrastructure_only",
        "status": "In Review",
        "timing_note": "CompassKC lists the application date; an actual demolition date was not posted.",
        "year": "2026"
      },
      "type": "Feature"
    },
    {
      "geometry": {
        "coordinates": [
          [
            [
              -94.60845183077419,
              39.2138901743234
            ],
            [
              -94.60730289863861,
              39.2138784710593
            ],
            [
              -94.60710164366577,
              39.214601580194525
            ],
            [
              -94.6084481128687,
              39.21460845702881
            ],
            [
              -94.60845183077419,
              39.2138901743234
            ]
          ]
        ],
        "type": "Polygon"
      },
      "properties": {
        "activity_date": "2026-05-15",
        "activity_date_basis": "apply_date",
        "activity_date_label": "Review filed",
        "activity_stage": "review",
        "address": "6600 N Evans Ave Kansas City MO 64151",
        "apply_date": "2026-05-15T01:10:41.887",
        "case_number": "CH-DM-2026-00027",
        "category": "Demolition Review, Regular",
        "date": "2026-05-15",
        "detail_url": "https://compasskc.kcmo.org/EnerGov_Prod/SelfService#/plan/f41973e1-4225-41bb-8304-3c291af0a0ac",
        "external_id": "f41973e1-4225-41bb-8304-3c291af0a0ac",
        "geometry_source": "KCMO parcels",
        "match_method": "parcel_id",
        "match_status": "matched",
        "parcel_id": "164672",
        "post_demo_confidence": "unknown",
        "post_demo_evidence": [
          {
            "application_date": "2026-05-18T22:42:04.807",
            "issue_date": "2026-05-20T13:04:14.010",
            "project": "",
            "record_number": "PW-H-2026-00082",
            "record_type": "PW - Hauling",
            "relation": "demolition_prep_or_utility",
            "source": "Open Data KC City Issued Permits",
            "status": "Issued",
            "work_class": "Hauling"
          },
          {
            "application_date": "2026-05-06T10:11:33.580",
            "issue_date": "2026-05-07T08:42:33.000",
            "project": "KILL4223",
            "record_number": "WS-PW-PR-2026-00808",
            "record_type": "WS-PW-PR New Connection - Kills - Repairs - Coord",
            "relation": "demolition_prep_or_utility",
            "source": "Open Data KC City Issued Permits",
            "status": "Issued",
            "work_class": "Water Service Lines - Kills"
          },
          {
            "application_date": "2026-05-05T12:02:15.000",
            "issue_date": "2026-05-07T08:42:19.000",
            "project": "KILL4223",
            "record_number": "WS-E-162879",
            "record_type": "WS - Existing Service",
            "relation": "demolition_prep_or_utility",
            "source": "Open Data KC City Issued Permits",
            "status": "Issued",
            "work_class": "Kill Water Service at Main"
          }
        ],
        "post_demo_last_checked": "2026-05-29T17:52:47Z",
        "post_demo_status": "utility_prep_only",
        "post_demo_summary": "Recent same-parcel public records show utility, excavation, hauling or other prep work, but no replacement or reuse permit was found.",
        "record_id": "case:f41973e1-4225-41bb-8304-3c291af0a0ac",
        "record_type": "Demolition Review, Regular",
        "replacement_use": "infrastructure_only",
        "status": "Submitted",
        "timing_note": "CompassKC lists a demolition-review filing date; an actual demolition date was not posted.",
        "year": "2026"
      },
      "type": "Feature"
    },
    {
      "geometry": {
        "coordinates": [
          [
            [
              -94.59091067660427,
              39.0498888224771
            ],
            [
              -94.59063911770126,
              39.049879286569
            ],
            [
              -94.59066846355984,
              39.05008695412426
            ],
            [
              -94.59089961472019,
              39.0500948271327
            ],
            [
              -94.59091067660427,
              39.0498888224771
            ]
          ]
        ],
        "type": "Polygon"
      },
      "properties": {
        "activity_date": "2026-05-18",
        "activity_date_basis": "apply_date",
        "activity_date_label": "Review filed",
        "activity_stage": "review",
        "address": "4222 Wornall Rd Kansas City MO 64111",
        "apply_date": "2026-05-18T08:06:22",
        "case_number": "CH-DM-2026-00028",
        "category": "Demolition Review, Administrative",
        "date": "2026-05-18",
        "detail_url": "https://compasskc.kcmo.org/EnerGov_Prod/SelfService#/plan/db43ddae-9b25-4ea5-b167-0019dfc14164",
        "external_id": "db43ddae-9b25-4ea5-b167-0019dfc14164",
        "geometry_source": "KCMO parcels",
        "has_parcel_polygon": true,
        "match_method": "parcel_id",
        "match_status": "matched",
        "parcel_address": "4222 Wornall Rd",
        "parcel_id": "132819",
        "post_demo_confidence": "unknown",
        "post_demo_evidence": [
          {
            "application_date": "2026-05-12T09:32:13.687",
            "issue_date": "2026-05-13T10:53:03.230",
            "project": "",
            "record_number": "PW-H-2026-00076",
            "record_type": "PW - Hauling",
            "relation": "demolition_prep_or_utility",
            "source": "Open Data KC City Issued Permits",
            "status": "Issued",
            "work_class": "Hauling"
          },
          {
            "application_date": "2026-02-20T09:12:37.000",
            "issue_date": "2026-02-25T08:45:04.577",
            "project": "46196",
            "record_number": "WS-E-162644",
            "record_type": "WS - Existing Service",
            "relation": "demolition_prep_or_utility",
            "source": "Open Data KC City Issued Permits",
            "status": "Issued",
            "work_class": "Kill Water Service at Main"
          },
          {
            "application_date": "2026-02-19T13:24:14.323",
            "issue_date": "2026-02-26T14:38:12.000",
            "project": "46196",
            "record_number": "WS-PW-PR-2026-00307",
            "record_type": "WS-PW-PR New Connection - Kills - Repairs - Coord",
            "relation": "demolition_prep_or_utility",
            "source": "Open Data KC City Issued Permits",
            "status": "Issued",
            "work_class": "Water Service Lines - Kills"
          }
        ],
        "post_demo_last_checked": "2026-05-29T17:52:47Z",
        "post_demo_status": "utility_prep_only",
        "post_demo_summary": "Recent same-parcel public records show utility, excavation, hauling or other prep work, but no replacement or reuse permit was found.",
        "record_id": "case:db43ddae-9b25-4ea5-b167-0019dfc14164",
        "record_type": "Demolition Review, Administrative",
        "replacement_use": "infrastructure_only",
        "status": "Submitted",
        "timing_note": "CompassKC lists a demolition-review filing date; an actual demolition date was not posted.",
        "year": "2026"
      },
      "type": "Feature"
    },
    {
      "geometry": {
        "coordinates": [
          [
            [
              -94.55536854533773,
              39.06360828060042
            ],
            [
              -94.555377912245,
              39.063425206017044
            ],
            [
              -94.5549061689886,
              39.06341019100082
            ],
            [
              -94.55489680084662,
              39.0635932420948
            ],
            [
              -94.55536854533773,
              39.06360828060042
            ]
          ]
        ],
        "type": "Polygon"
      },
      "properties": {
        "activity_date": "2026-05-19",
        "activity_date_basis": "apply_date",
        "activity_date_label": "Application filed",
        "activity_stage": "applied",
        "address": "3429 Olive St Kansas City MO 64109",
        "apply_date": "2026-05-19T08:22:43.573",
        "case_number": "CPDR-2026-00118",
        "category": "Complete Building or Structure Demolition - Residential",
        "date": "2026-05-19",
        "detail_url": "https://compasskc.kcmo.org/EnerGov_Prod/SelfService#/permit/82d23da3-c968-44b5-ab15-7528e90ec69a",
        "external_id": "82d23da3-c968-44b5-ab15-7528e90ec69a",
        "geometry_source": "KCMO parcels",
        "has_parcel_polygon": true,
        "match_method": "parcel_id",
        "match_status": "matched",
        "parcel_address": "3429 Olive St",
        "parcel_id": "260786",
        "post_demo_confidence": "possible",
        "post_demo_evidence": [
          {
            "application_date": "2026-05-20T11:50:24.293",
            "issue_date": "",
            "project": "",
            "record_number": "CPBR-2026-01221",
            "record_type": "CPPU - Building (Residential)",
            "relation": "possible_reuse_or_remodel",
            "source": "Open Data KC City Issued Permits",
            "status": "Voided-City",
            "work_class": "Single Family - Interior Remodel"
          }
        ],
        "post_demo_last_checked": "2026-05-29T17:52:47Z",
        "post_demo_status": "possible_reuse_or_remodel",
        "post_demo_summary": "A same-parcel public permit filed after this demolition record shows repair, renovation, remodel or reuse activity.",
        "record_id": "case:82d23da3-c968-44b5-ab15-7528e90ec69a",
        "record_type": "Complete Building or Structure Demolition - Residential",
        "replacement_use": "housing",
        "status": "Pending",
        "timing_note": "CompassKC lists the application date; an actual demolition date was not posted.",
        "year": "2026"
      },
      "type": "Feature"
    },
    {
      "geometry": {
        "coordinates": [
          [
            [
              -94.60052113860803,
              39.047228308471254
            ],
            [
              -94.60007143983013,
              39.04721180906655
            ],
            [
              -94.60006379829221,
              39.04734907810688
            ],
            [
              -94.6005134246139,
              39.04736559991157
            ],
            [
              -94.60052113860803,
              39.047228308471254
            ]
          ]
        ],
        "type": "Polygon"
      },
      "properties": {
        "activity_date": "2026-05-19",
        "activity_date_basis": "apply_date",
        "activity_date_label": "Application filed",
        "activity_stage": "applied",
        "address": "4423 Holly St Unit: A, B, C, D Kansas City MO 64111",
        "apply_date": "2026-05-19T15:23:44.917",
        "case_number": "CPDR-2026-00119",
        "category": "Complete Building or Structure Demolition - Residential",
        "date": "2026-05-19",
        "detail_url": "https://compasskc.kcmo.org/EnerGov_Prod/SelfService#/permit/29337f13-76a3-432c-909a-120cc0d04199",
        "external_id": "29337f13-76a3-432c-909a-120cc0d04199",
        "geometry_source": "KCMO parcels",
        "has_parcel_polygon": true,
        "match_method": "parcel_id",
        "match_status": "matched",
        "parcel_address": "4423 Holly St A, B, C, D",
        "parcel_id": "140633",
        "post_demo_confidence": "likely",
        "post_demo_evidence": [
          {
            "application_date": "2026-03-23T08:25:10.000",
            "issue_date": "2026-03-23T00:00:00.000",
            "project": "Hollyhaus Site Improvement",
            "record_number": "CISI-2026-00147",
            "record_type": "CPPU - Special Inspections",
            "relation": "likely_redevelopment",
            "source": "Open Data KC City Issued Permits",
            "status": "Approved",
            "work_class": "City Special Inspections"
          }
        ],
        "post_demo_last_checked": "2026-05-29T17:52:47Z",
        "post_demo_status": "likely_redevelopment",
        "post_demo_summary": "A same-parcel public permit filed near or after this demolition record shows site or redevelopment activity.",
        "record_id": "case:29337f13-76a3-432c-909a-120cc0d04199",
        "record_type": "Complete Building or Structure Demolition - Residential",
        "replacement_use": "unknown",
        "status": "Pending",
        "timing_note": "CompassKC lists the application date; an actual demolition date was not posted.",
        "year": "2026"
      },
      "type": "Feature"
    },
    {
      "geometry": {
        "coordinates": [
          [
            [
              -94.59170481327135,
              39.05974200521253
            ],
            [
              -94.59077019620476,
              39.05971278590986
            ],
            [
              -94.59074921908345,
              39.06006178089623
            ],
            [
              -94.59128715126526,
              39.06008184916181
            ],
            [
              -94.591289848309,
              39.06002485029334
            ],
            [
              -94.59168643625695,
              39.06003913716786
            ],
            [
              -94.59170481327135,
              39.05974200521253
            ]
          ]
        ],
        "type": "Polygon"
      },
      "properties": {
        "activity_date": "2026-05-19",
        "activity_date_basis": "apply_date",
        "activity_date_label": "Application filed",
        "activity_stage": "applied",
        "address": "3736 Broadway Blvd Kansas City MO 64111",
        "apply_date": "2026-05-19T15:25:30.507",
        "case_number": "CPDR-2026-00120",
        "category": "Complete Building or Structure Demolition - Residential",
        "date": "2026-05-19",
        "detail_url": "https://compasskc.kcmo.org/EnerGov_Prod/SelfService#/permit/1d96aad7-dbc8-4dd3-80b1-62aa2dfb47e9",
        "external_id": "1d96aad7-dbc8-4dd3-80b1-62aa2dfb47e9",
        "geometry_source": "KCMO parcels",
        "has_parcel_polygon": true,
        "match_method": "parcel_id",
        "match_status": "matched",
        "parcel_address": "3736 Broadway Blvd",
        "parcel_id": "129911",
        "post_demo_confidence": "unknown",
        "post_demo_evidence": [
          {
            "application_date": "2026-05-18T22:35:17.567",
            "issue_date": "2026-05-20T13:04:09.370",
            "project": "",
            "record_number": "PW-H-2026-00081",
            "record_type": "PW - Hauling",
            "relation": "demolition_prep_or_utility",
            "source": "Open Data KC City Issued Permits",
            "status": "Issued",
            "work_class": "Hauling"
          },
          {
            "application_date": "2026-03-31T11:56:50.000",
            "issue_date": "2026-04-01T14:20:09.503",
            "project": "KILL17131",
            "record_number": "WS-E-162760",
            "record_type": "WS - Existing Service",
            "relation": "demolition_prep_or_utility",
            "source": "Open Data KC City Issued Permits",
            "status": "Issued",
            "work_class": "Kill Water Service at Main"
          },
          {
            "application_date": "2026-03-31T11:54:50.000",
            "issue_date": "2026-04-01T14:20:07.107",
            "project": "KILL17131",
            "record_number": "PW-EXC-2026-01085",
            "record_type": "PW - Excavation",
            "relation": "demolition_prep_or_utility",
            "source": "Open Data KC City Issued Permits",
            "status": "Issued",
            "work_class": "Water Main/Pipeline"
          }
        ],
        "post_demo_last_checked": "2026-05-29T17:52:47Z",
        "post_demo_status": "utility_prep_only",
        "post_demo_summary": "Recent same-parcel public records show utility, excavation, hauling or other prep work, but no replacement or reuse permit was found.",
        "record_id": "case:1d96aad7-dbc8-4dd3-80b1-62aa2dfb47e9",
        "record_type": "Complete Building or Structure Demolition - Residential",
        "replacement_use": "infrastructure_only",
        "status": "Pending",
        "timing_note": "CompassKC lists the application date; an actual demolition date was not posted.",
        "year": "2026"
      },
      "type": "Feature"
    },
    {
      "geometry": {
        "coordinates": [
          [
            [
              -94.60845183077419,
              39.2138901743234
            ],
            [
              -94.60730289863861,
              39.2138784710593
            ],
            [
              -94.60710164366577,
              39.214601580194525
            ],
            [
              -94.6084481128687,
              39.21460845702881
            ],
            [
              -94.60845183077419,
              39.2138901743234
            ]
          ]
        ],
        "type": "Polygon"
      },
      "properties": {
        "activity_date": "2026-05-19",
        "activity_date_basis": "apply_date",
        "activity_date_label": "Application filed",
        "activity_stage": "applied",
        "address": "6600 N Evans Ave Kansas City MO 64151",
        "apply_date": "2026-05-19T15:29:12.353",
        "case_number": "CPDR-2026-00121",
        "category": "Complete Building or Structure Demolition - Residential",
        "date": "2026-05-19",
        "detail_url": "https://compasskc.kcmo.org/EnerGov_Prod/SelfService#/permit/53528e52-8988-47fa-94a9-10d8742b0fd4",
        "external_id": "53528e52-8988-47fa-94a9-10d8742b0fd4",
        "geometry_source": "KCMO parcels",
        "has_parcel_polygon": true,
        "match_method": "parcel_id",
        "match_status": "matched",
        "parcel_address": "6600 N Evans Ave",
        "parcel_id": "164672",
        "post_demo_confidence": "unknown",
        "post_demo_evidence": [
          {
            "application_date": "2026-05-18T22:42:04.807",
            "issue_date": "2026-05-20T13:04:14.010",
            "project": "",
            "record_number": "PW-H-2026-00082",
            "record_type": "PW - Hauling",
            "relation": "demolition_prep_or_utility",
            "source": "Open Data KC City Issued Permits",
            "status": "Issued",
            "work_class": "Hauling"
          },
          {
            "application_date": "2026-05-06T10:11:33.580",
            "issue_date": "2026-05-07T08:42:33.000",
            "project": "KILL4223",
            "record_number": "WS-PW-PR-2026-00808",
            "record_type": "WS-PW-PR New Connection - Kills - Repairs - Coord",
            "relation": "demolition_prep_or_utility",
            "source": "Open Data KC City Issued Permits",
            "status": "Issued",
            "work_class": "Water Service Lines - Kills"
          },
          {
            "application_date": "2026-05-05T12:02:15.000",
            "issue_date": "2026-05-07T08:42:19.000",
            "project": "KILL4223",
            "record_number": "WS-E-162879",
            "record_type": "WS - Existing Service",
            "relation": "demolition_prep_or_utility",
            "source": "Open Data KC City Issued Permits",
            "status": "Issued",
            "work_class": "Kill Water Service at Main"
          }
        ],
        "post_demo_last_checked": "2026-05-29T17:52:47Z",
        "post_demo_status": "utility_prep_only",
        "post_demo_summary": "Recent same-parcel public records show utility, excavation, hauling or other prep work, but no replacement or reuse permit was found.",
        "record_id": "case:53528e52-8988-47fa-94a9-10d8742b0fd4",
        "record_type": "Complete Building or Structure Demolition - Residential",
        "replacement_use": "infrastructure_only",
        "status": "Pending",
        "timing_note": "CompassKC lists the application date; an actual demolition date was not posted.",
        "year": "2026"
      },
      "type": "Feature"
    }
  ],
  "metadata": {
    "archive_available_years": [
      "2021",
      "2022",
      "2023",
      "2024",
      "2025",
      "2026"
    ],
    "archive_features_total": 1831,
    "available_years": [
      "2026"
    ],
    "building_footprints_attribution": "OpenStreetMap contributors; Overture Maps Foundation",
    "building_footprints_license": "ODbL",
    "building_footprints_license_url": "https://opendatacommons.org/licenses/odbl/",
    "building_footprints_note": "Open building footprints may lag current conditions and can include ML-derived features.",
    "building_footprints_omitted_from_latest": true,
    "building_footprints_returned": 0,
    "building_footprints_source": "Overture Maps",
    "category_filter": "compasskc_demo",
    "category_filter_note": "Includes only the explicit CompassKC demolition permit and demolition-review categories used by /compasskc demo.",
    "category_filter_record_types": [
      "Complete Building Demolition - Commercial",
      "Complete Building or Structure Demolition - Residential",
      "Partial Building Demolition - Commercial",
      "Partial Building Demolition - Residential",
      "Pre-Demolition Inspection - Commercial",
      "Pre-Demolition Inspection - Residential",
      "Demolition Review, Administrative",
      "Demolition Review, Regular"
    ],
    "dataset": "compasskc-demolition-parcels",
    "error_records": 0,
    "etag": "63e2ba690fbbaa55",
    "features_returned": 182,
    "generated_at": "2026-05-29T17:56:03Z",
    "latest_scope": "latest_available_year",
    "latest_year": "2026",
    "parcel_polygon_features": 182,
    "point_fallback_features": 0,
    "project": "kc-demolitions",
    "records_excluded_by_category": 2,
    "records_total": 182,
    "source": "CompassKC + KCMO parcels + Overture Maps buildings",
    "unmapped_records": 0,
    "unmapped_records_by_reason": {},
    "unmapped_records_note": "",
    "unmatched_records": 0,
    "year": "2026"
  },
  "type": "FeatureCollection"
}
